,MXN,CLP,BRL,COP,PEN,KRW
2014-11-03,0.07380455078860162,0.0017057569296375266,0.3907776475185619,0.0004764173415912339,0.341646737273659,0.0009208103130755065
2014-11-04,0.07380455078860162,0.0017057569296375266,0.3907776475185619,0.0004764173415912339,0.341646737273659,0.0009208103130755065
2014-11-05,0.07380455078860162,0.0017057569296375266,0.3907776475185619,0.0004764173415912339,0.341646737273659,0.0009208103130755065
2014-11-06,0.07380455078860162,0.0017057569296375266,0.3907776475185619,0.0004764173415912339,0.341646737273659,0.0009208103130755065
2014-11-07,0.07380455078860162,0.0017057569296375266,0.3907776475185619,0.0004764173415912339,0.341646737273659,0.0009208103130755065
2014-11-08,0.07347754526216788,0.0017032874025987874,0.3917727717923604,0.0004775549188156638,0.341646737273659,0.0009176838082813531
2014-11-09,0.07347754526216788,0.0017032874025987874,0.3917727717923604,0.0004775549188156638,0.341646737273659,0.0009176838082813531
2014-11-10,0.07347754526216788,0.0017032874025987874,0.3917727717923604,0.0004775549188156638,0.341646737273659,0.0009176838082813531
2014-11-11,0.07352562735741543,0.0016933367486806664,0.38993955936829794,0.0004743833017077799,0.34153005464480873,0.0009133254011631126
2014-11-12,0.07378276877218094,0.001683586798167591,0.38960532980091167,0.00047281323877068556,0.34071550255536626,0.0009157509157509158
2014-11-13,0.07354293068578782,0.0016799946522410229,0.3854604324866052,0.0004697040864255519,0.3407735559720566,0.0009160445029809095
2014-11-14,0.07399733609590055,0.0016857720551960206,0.38424591738712777,0.0004633920296570899,0.34071550255536626,0.0009062896337449766
2014-11-15,0.07361114178242019,0.0016782747899060097,0.38513383400731754,0.0004636068613815484,0.34118048447628796,0.0009082734712238392
2014-11-16,0.07361114178242019,0.0016782747899060097,0.38513383400731754,0.0004636068613815484,0.34118048447628796,0.0009082734712238392
2014-11-17,0.07361114178242019,0.0016782747899060097,0.38513383400731754,0.0004636068613815484,0.34118048447628796,0.0009082734712238392
2014-11-18,0.073728369939469,0.0016745931580109095,0.38501520810071993,0.00046515953890688584,0.34153005464480873,0.0009122006841505131
2014-11-19,0.07340311522821029,0.0016646414084411105,0.3870718018192375,0.00046511627906976747,0.3414134516899966,0.0009023642349018335
2014-11-20,0.07325577988103261,0.001667778574642381,0.38880248833592534,0.000462962962962963,0.3418803418803419,0.0008991592698977787
2014-11-21,0.07336326554567596,0.001683785092312339,0.397630124458229,0.00046728971962616824,0.3423485107839781,0.0009001386699626625
2014-11-22,0.07323217528853476,0.0016789228031295121,0.39254170755642787,0.00046522447080716444,0.3435245620061834,0.0008960573476702509
2014-11-23,0.07323217528853476,0.0016789228031295121,0.39254170755642787,0.00046522447080716444,0.3435245620061834,0.0008960573476702509
2014-11-24,0.07323217528853476,0.0016789228031295121,0.39254170755642787,0.00046522447080716444,0.3435245620061834,0.0008960573476702509
2014-11-25,0.0731288164101064,0.0016700902961040032,0.39603960396039606,0.00046125461254612545,0.34281796366129585,0.0009002115659217998
2014-11-26,0.07290011226617289,0.0016701182164787526,0.40008001600320064,0.0004621072088724584,0.34317089910775567,0.0009038731125570229
2014-11-27,0.07267389045137754,0.0016646967200580408,0.3952412948104818,0.00046249191708657653,0.34317089910775567,0.0009082652134423251
2014-11-28,0.07183908045977011,0.001644899167681021,0.3896964264837691,0.00045116174148432213,0.3427004797806717,0.0009011444940589571
2014-11-29,0.07152922326416458,0.0016341738701187044,0.39184952978056425,0.0004410143329658214,0.3421727972626176,0.0009032607877022995
2014-11-30,0.07152922326416458,0.0016341738701187044,0.39184952978056425,0.0004410143329658214,0.3421727972626176,0.0009032607877022995
2014-12-01,0.07152922326416458,0.0016341738701187044,0.39184952978056425,0.0004410143329658214,0.3421727972626176,0.0009032607877022995
2014-12-02,0.07091142453960758,0.0016286113928337385,0.3886060700268138,0.0004351610095735422,0.3402517863218782,0.0008968609865470852
2014-12-03,0.07094060143441897,0.0016419283344912758,0.3913434821743044,0.0004363001745200698,0.33999728002175983,0.000898069151324652
2014-12-04,0.07065739641625686,0.001640904520393309,0.3871017690550846,0.0004363001745200698,0.33999728002175983,0.0008971023996188392
2014-12-05,0.06969855375500958,0.0016331863732351197,0.38620476576680957,0.0004313691750360015,0.3388681802778719,0.0008917504089411319
2014-12-06,0.06956183003262449,0.001636393442526377,0.3828483920367534,0.00043047783039173483,0.3383522246658772,0.000898069151324652
2014-12-07,0.06956183003262449,0.001636393442526377,0.3828483920367534,0.00043047783039173483,0.3383522246658772,0.000898069151324652
2014-12-08,0.06956183003262449,0.001636393442526377,0.3828483920367534,0.00043047783039173483,0.3383522246658772,0.000898069151324652
2014-12-09,0.06942274983512096,0.0016294606219739184,0.3860556692275026,0.00042517006802721087,0.33738191632928477,0.0009051821679112921
2014-12-10,0.06871718754294824,0.001624431501768405,0.38211692777990064,0.0004224757076468103,0.3382949932341001,0.0009056330785017696
2014-12-11,0.06769518213388753,0.001620692955797447,0.37788610512791443,0.0004154549231408392,0.33681374200067365,0.0009088430015067253
2014-12-12,0.06775297266167553,0.0016171547778837912,0.3765769158350593,0.0004158004158004158,0.3374957813027337,0.0009090909090909091
2014-12-13,0.06802721088435375,0.0016153000705789212,0.37102997922232117,0.0004170141784820684,0.33755274261603374,0.0009090909090909091
2014-12-14,0.06802721088435375,0.0016153000705789212,0.37102997922232117,0.0004170141784820684,0.33755274261603374,0.0009090909090909091
2014-12-15,0.06802721088435375,0.0016153000705789212,0.37102997922232117,0.0004170141784820684,0.33755274261603374,0.0009090909090909091
2014-12-16,0.06785595537792374,0.001612045149773664,0.3632401017072285,0.00040749796251018743,0.33670033670033667,0.0009258830181064294
2014-12-17,0.06862994049784159,0.001622849697779135,0.3683241252302026,0.0004123711340206186,0.33704078193461406,0.0009147457425331936
2014-12-18,0.06878430617270363,0.0016286910475527458,0.37629350893697083,0.0004313319716758097,0.33967391304347827,0.0009119927040583675
2014-12-19,0.0683938390829754,0.001637197145337216,0.3765060240963855,0.0004347826086956522,0.34071550255536626,0.0009115354399737732
2014-12-20,0.06818491749624983,0.0016437906351209218,0.37567151282918215,0.0004329004329004329,0.33687047330301495,0.0009124087591240876
2014-12-21,0.06818491749624983,0.0016437906351209218,0.37567151282918215,0.0004329004329004329,0.33687047330301495,0.0009124087591240876
2014-12-22,0.06818491749624983,0.0016437906351209218,0.37567151282918215,0.0004329004329004329,0.33687047330301495,0.0009124087591240876
2014-12-23,0.06784490654364124,0.0016394786189117367,0.36948087936449286,0.00042735042735042735,0.33783783783783783,0.0009082652134423251
2014-12-24,0.06803646754660497,0.0016440608302507192,0.3709886848451122,0.000425531914893617,0.3356267830172848,0.0009062075215224287
2014-12-25,0.06791955607778148,0.0016441959611279847,0.3709886848451122,0.000425531914893617,0.3356267830172848,0.0009062075215224287
2014-12-26,0.06782419967444384,0.0016474464579901153,0.3748125937031484,0.000425531914893617,0.3356267830172848,0.0009062075215224287
2014-12-27,0.06792094002580995,0.0016474464579901153,0.376548555936288,0.0004182350480970305,0.33495226930162453,0.0009108297493245331
2014-12-30,0.06792094002580995,0.0016474464579901153,0.376548555936288,0.0004182350480970305,0.33495226930162453,0.0009108297493245331
2014-12-31,0.06786102062975027,0.0016490764627613303,0.37629350893697083,0.0004182350480970305,0.33495226930162453,0.0009165902841429881
2015-01-01,0.06789419368855576,0.0016496205600524487,0.37629350893697083,0.0004182350480970305,0.33495226930162453,0.0009165902841429881
2015-01-02,0.06738998584810298,0.0016309754864384388,0.3700962250185048,0.0004177109440267335,0.33704078193461406,0.000905346027552124
2015-01-03,0.06694650304941321,0.0016200365603370789,0.3694945314809341,0.0004116920543433512,0.335345405767941,0.0009015507077871759
2015-01-04,0.06694650304941321,0.0016200365603370789,0.3694945314809341,0.0004116920543433512,0.335345405767941,0.0009015507077871759
2015-01-05,0.06694650304941321,0.0016200365603370789,0.3694945314809341,0.0004116920543433512,0.335345405767941,0.0009015507077871759
2015-01-06,0.0671672868446152,0.0016233766233766235,0.37035665345727936,0.0004068348250610252,0.3352329869259135,0.0009107468123861566
2015-01-07,0.0679962194102008,0.0016297262591175444,0.37065866043960116,0.00041118421052631577,0.33478406427854035,0.0009099181073703367
2015-01-08,0.06819933301052315,0.0016324397912945317,0.374251497005988,0.0004144218814753419,0.3342245989304813,0.00091207586807596
2015-01-09,0.06863559304584171,0.0016286910475527458,0.3802570537683474,0.0004138558868133948,0.3351206434316354,0.000916842436822336
2015-01-10,0.06825146570022592,0.0016227180527383367,0.3750234389649353,0.00041425020712510354,0.33428046130703665,0.0009224241476325827
2015-01-11,0.06825146570022592,0.0016227180527383367,0.3750234389649353,0.00041425020712510354,0.33428046130703665,0.0009224241476325827
2015-01-12,0.06825146570022592,0.0016227180527383367,0.3750234389649353,0.00041425020712510354,0.33428046130703665,0.0009224241476325827
2015-01-13,0.06846782696810769,0.001615561136565354,0.3784581614502517,0.0004098360655737705,0.33500837520938026,0.0009280742459396752
2015-01-14,0.06904456135990168,0.0015991555946730336,0.3816065636328945,0.0004095004095004095,0.3341129301703976,0.0009247271883719773
2015-01-15,0.06828315659376302,0.0015999487504416256,0.37965072133637057,0.00041407867494824016,0.33366700033366703,0.0009276437847866419
2015-01-16,0.06871482659813509,0.0015931177060201098,0.38138825324180015,0.0004170141784820684,0.3327787021630616,0.0009295407636391168
2015-01-17,0.06838074398249452,0.0015923566878980893,0.37708812549492815,0.00042517006802721087,0.33178500331785005,0.0009275577576766118
2015-01-18,0.06838074398249452,0.0015923566878980893,0.37708812549492815,0.00042517006802721087,0.33178500331785005,0.0009275577576766118
2015-01-19,0.06838074398249452,0.0015923566878980893,0.37708812549492815,0.00042517006802721087,0.33178500331785005,0.0009275577576766118
2015-01-20,0.06826264736198999,0.0015917230401910067,0.3824384274131865,0.00042091084222344385,0.33222591362126247,0.000919794008452631
2015-01-21,0.06777088020819215,0.0015932193349848325,0.38483740619588225,0.0004219409282700422,0.33233632436025257,0.0009242144177449168
2015-01-22,0.06836204539239814,0.0016025641025641025,0.3883495145631068,0.00042158516020236085,0.3327787021630616,0.0009237875288683603
2015-01-23,0.06835643780931287,0.0016,0.38752179810114323,0.00041946308724832214,0.33167495854063017,0.0009293680297397769
2015-01-24,0.06862852750631383,0.001604930294506956,0.38692203520990526,0.0004184975936388366,0.33167495854063017,0.0009250693802035153
2015-01-25,0.06862852750631383,0.001604930294506956,0.38692203520990526,0.0004184975936388366,0.33167495854063017,0.0009250693802035153
2015-01-26,0.06862852750631383,0.001604930294506956,0.38692203520990526,0.0004184975936388366,0.33167495854063017,0.0009250693802035153
2015-01-27,0.06859181013786954,0.0016051364365971107,0.38872691933916426,0.0004192872117400419,0.327653997378768,0.0009293680297397769
2015-01-28,0.06789281083026118,0.0016073293704949169,0.38819875776397517,0.00042319085907744394,0.3299241174529858,0.0009219139357386345
2015-01-29,0.06761690963676197,0.0015945402686076433,0.3830096901451607,0.00041459369817578774,0.328515111695138,0.0009088430015067253
2015-01-30,0.06685609226140732,0.0015802031641924952,0.37181632273656817,0.00040766408479412964,0.3270111183780249,0.0009078529278256923
2015-01-31,0.0672779994214092,0.0015881838612504132,0.36845983787767134,0.0004158004158004158,0.32658393207054215,0.0009097525886896193
2015-02-01,0.0672779994214092,0.0015881838612504132,0.36845983787767134,0.0004158004158004158,0.32658393207054215,0.0009097525886896193
2015-02-02,0.0672779994214092,0.0015881838612504132,0.36845983787767134,0.0004158004158004158,0.32658393207054215,0.0009097525886896193
2015-02-03,0.06824541049614413,0.001599181193641956,0.3700962250185048,0.0004210526315789474,0.3269042170644001,0.0009119927040583675
2015-02-04,0.06724497343823549,0.0015961691939345571,0.3647638154295094,0.0004179379031624922,0.3273858241938124,0.0009215740654607698
2015-02-05,0.06765899864682003,0.0016038492381716118,0.3642854540818185,0.0004206098843322818,0.32711808963035655,0.0009191176470588235
2015-02-06,0.06735095234246612,0.0015942606616181746,0.36020459621064765,0.0004192872117400419,0.3266906239790918,0.0009161704076958314
2015-02-07,0.06759908335642968,0.0016028209135175214,0.35945363048166784,0.0004231013327691982,0.3259452411994785,0.0009122006841505131
2015-02-08,0.06759908335642968,0.0016028209135175214,0.35945363048166784,0.0004231013327691982,0.3259452411994785,0.0009122006841505131
2015-02-09,0.06759908335642968,0.0016028209135175214,0.35945363048166784,0.0004231013327691982,0.3259452411994785,0.0009122006841505131
2015-02-10,0.06693261224599073,0.0015969083343636053,0.35282080231450447,0.0004199386801339882,0.32562683165092804,0.0009110371992704924
2015-02-11,0.06639973971302032,0.001587603988061218,0.34952813701502966,0.00041597337770382697,0.3246753246753247,0.0009057971014492754
2015-02-12,0.06702862122126148,0.0016064773681556796,0.35454706612302783,0.00041425020712510354,0.3252032520325203,0.0009033423667570009
2015-02-13,0.06727664155005382,0.0016170762737038721,0.35300762496469923,0.0004219409282700422,0.32722513089005234,0.0009104151327309699
2015-02-14,0.06705738771240428,0.0016090104585679806,0.35340684195646027,0.0004187604690117253,0.32488628979857054,0.0009082652134423251
2015-02-15,0.06705738771240428,0.0016090104585679806,0.35340684195646027,0.0004187604690117253,0.32488628979857054,0.0009082652134423251
2015-02-16,0.06705738771240428,0.0016090104585679806,0.35340684195646027,0.0004187604690117253,0.32488628979857054,0.0009082652134423251
2015-02-17,0.06713076401522526,0.0016139965262275565,0.35341933203746245,0.0004154549231408392,0.32459101532069595,0.0009053870529651426
2015-02-18,0.06721604581445682,0.0016144655597524842,0.35341933203746245,0.0004116920543433512,0.32446463335496434,0.0008988764044943821
2015-02-19,0.06666222251849876,0.0016155088852988692,0.3503240497460151,0.0004086636697997548,0.3241491085899514,0.0008993210530743763
2015-02-20,0.06662580284092423,0.0016239038912618366,0.3486142583231654,0.0004067190061154066,0.324254215304799,0.0009007791577574354
2015-02-21,0.06627168740970482,0.0016066580681540173,0.3472825143254037,0.00040032025620496394,0.3235198964736331,0.0009022827347161086
2015-02-22,0.06627168740970482,0.0016066580681540173,0.3472825143254037,0.00040032025620496394,0.3235198964736331,0.0009022827347161086
2015-02-23,0.06627168740970482,0.0016066580681540173,0.3472825143254037,0.00040032025620496394,0.3235198964736331,0.0009022827347161086
2015-02-24,0.06702502714513599,0.0016161093260465332,0.35298270384751146,0.00040241448692152917,0.32341526520051744,0.0009053870529651426
2015-02-25,0.06703670930201379,0.0016214025131738954,0.35029950607769644,0.00040257648953301127,0.3241491085899514,0.0009091735447009083
2015-02-26,0.06674809934787107,0.0016156393631854048,0.34381983840467595,0.0004027386226339106,0.3234675723758693,0.0009082652134423251
2015-02-27,0.06690305746972637,0.0016208244300772046,0.3521746786406057,0.0004027386226339106,0.3234675723758693,0.0009097525886896193
2015-02-28,0.06657567990413102,0.0016241675877185708,0.3471619510501649,0.00039888312724371757,0.3231539828728389,0.0009082652134423251
2015-03-01,0.06657567990413102,0.0016241675877185708,0.3471619510501649,0.00039888312724371757,0.3231539828728389,0.0009082652134423251
2015-03-02,0.06657567990413102,0.0016241675877185708,0.3471619510501649,0.00039888312724371757,0.3231539828728389,0.0009082652134423251
2015-03-03,0.06673740831948533,0.0016224548267203644,0.3411222923418045,0.00039108330074305825,0.3233107015842224,0.0009124087591240876
2015-03-04,0.06647521803871516,0.0016175994562018852,0.3339455668725998,0.00038895371450797355,0.32310177705977383,0.0009122423331619382
2015-03-05,0.06585532901322376,0.0016136840146250763,0.33327778703549404,0.00039294276368198215,0.3233107015842224,0.0009076881595574185
2015-03-06,0.06451446414286083,0.0016,0.3266906239790918,0.0003897116134060795,0.32289312237649337,0.0009054280820964319
2015-03-07,0.06457695635889289,0.0015936254980079682,0.31938677738741617,0.0003872966692486445,0.32396008811714394,0.0008984725965858042
2015-03-08,0.06457695635889289,0.0015936254980079682,0.31938677738741617,0.0003872966692486445,0.32396008811714394,0.0008984725965858042
2015-03-09,0.06457695635889289,0.0015936254980079682,0.31938677738741617,0.0003872966692486445,0.32396008811714394,0.0008984725965858042
2015-03-10,0.0640418064912775,0.001571832732288074,0.322061191626409,0.0003835826620636747,0.32273680813296757,0.0008900756564307966
2015-03-11,0.06464458407674605,0.0015683814795602723,0.3205128205128205,0.000380517503805175,0.32289312237649337,0.0008873114463176575
2015-03-12,0.06498021352498164,0.0015777848150486718,0.3156864602077217,0.0003835826620636747,0.3239915762190183,0.0008934953937408593
2015-03-13,0.0648596760907776,0.001563721657544957,0.30759766225776686,0.00038095238095238096,0.32378177108628786,0.0008802816901408451
2015-03-14,0.06491272484145066,0.0015615239987031855,0.3079102133817779,0.0003748125937031484,0.32400207361327116,0.0008841732979664014
2015-03-15,0.06491272484145066,0.0015615239987031855,0.3079102133817779,0.0003748125937031484,0.32400207361327116,0.0008841732979664014
2015-03-16,0.06491272484145066,0.0015615239987031855,0.3079102133817779,0.0003748125937031484,0.32400207361327116,0.0008841732979664014
2015-03-17,0.06498021352498164,0.0015607928584237107,0.3076733739462187,0.0003727171077152441,0.32289312237649337,0.0008855435023245517
2015-03-18,0.06609166914510427,0.0015740595242257128,0.31100329663494436,0.000376081233546446,0.32441200324412,0.0009009009009009009
2015-03-19,0.06549002914306297,0.0015634038428466457,0.3036007043536341,0.0003816793893129771,0.3236245954692557,0.0008916629514043691
2015-03-20,0.06648936170212766,0.001584534989210426,0.31060723714862554,0.00038255547054322876,0.32404406999351915,0.0008984725965858042
2015-03-21,0.067045698347994,0.0016028209135175214,0.31920326864147086,0.0003885003885003885,0.32542549383318686,0.0009033423667570009
2015-03-22,0.067045698347994,0.0016028209135175214,0.31920326864147086,0.0003885003885003885,0.32542549383318686,0.0009033423667570009
2015-03-23,0.067045698347994,0.0016028209135175214,0.31920326864147086,0.0003885003885003885,0.32542549383318686,0.0009033423667570009
2015-03-24,0.06693126828060265,0.0016087516605132453,0.3194888178913738,0.000390625,0.32605151613955,0.0009062075215224287
2015-03-25,0.06672226855713094,0.0016122531237404273,0.3123340725239716,0.0003935458480913026,0.3270111183780249,0.0009092149094733811
2015-03-26,0.06598917777484492,0.001606425702811245,0.3134992789516584,0.0003940110323089047,0.3270325070311989,0.0009049773755656109
2015-03-27,0.06569007422978387,0.0016055486992382299,0.3089757454039858,0.000390015600624025,0.32432783057114134,0.0009060433499158898
2015-03-28,0.06553767105332145,0.0015970868879629655,0.3109936246306951,0.00039093041438623924,0.32462262619704596,0.0009045680687471732
2015-03-29,0.06553767105332145,0.0015970868879629655,0.3109936246306951,0.00039093041438623924,0.32462262619704596,0.0009045680687471732
2015-03-30,0.06553767105332145,0.0015970868879629655,0.3109936246306951,0.00039093041438623924,0.32462262619704596,0.0009045680687471732
2015-03-31,0.06554325527131631,0.0016017940349478462,0.31289111389236546,0.0003883495145631068,0.3243593902043464,0.0009025270758122744
2015-04-01,0.06607332817961373,0.0016194331983805667,0.31347962382445144,0.0003883495145631068,0.3243593902043464,0.000907276397535674
2015-04-02,0.06667955804788926,0.0016274716961921767,0.3197953309881676,0.0003891050583657588,0.32310177705977383,0.0009169600434477675
2015-04-03,0.06749596711596483,0.0016274716961921767,0.320358801858081,0.00039039625219597894,0.3241491085899514,0.0009213193123029424
2015-04-04,0.06711229228745537,0.0016355903946486622,0.3198157861072023,0.0003951007506914263,0.32378177108628786,0.0009206408083520903
2015-04-05,0.06711229228745537,0.0016355903946486622,0.3198157861072023,0.0003951007506914263,0.32378177108628786,0.0009206408083520903
2015-04-06,0.06711229228745537,0.0016355903946486622,0.3198157861072023,0.0003951007506914263,0.32378177108628786,0.0009206408083520903
2015-04-07,0.06703805750524573,0.0016404200013261157,0.32056419297964417,0.0003935458480913026,0.3246753246753247,0.0009169264793127908
2015-04-08,0.06706368367401686,0.0016361256276811907,0.3277828766225252,0.00040290088638195,0.3236769703835572,0.0009152480489703102
2015-04-09,0.06629804951138338,0.0016236401486072365,0.32711808963035655,0.00040257648953301127,0.32320620555914675,0.0009125752458215347
2015-04-10,0.06579510089678722,0.0016155088852988692,0.32504469364537625,0.00039880358923230307,0.32102728731942215,0.0009142857142857143
2015-04-11,0.06500302264055279,0.001622849697779135,0.3201024327784891,0.00039888312724371757,0.32175032175032175,0.0009086778736937755
2015-04-12,0.06500302264055279,0.001622849697779135,0.3201024327784891,0.00039888312724371757,0.32175032175032175,0.0009086778736937755
2015-04-13,0.06500302264055279,0.001622849697779135,0.3201024327784891,0.00039888312724371757,0.32175032175032175,0.0009086778736937755
2015-04-14,0.06552350000327618,0.0016305234245968274,0.3261046796021523,0.0003916960438699569,0.3219056816352809,0.0009166742888133781
2015-04-15,0.06555313737315469,0.0016323866024285539,0.3300547890949898,0.0003929273084479371,0.32268473701193934,0.0009136592051164915
2015-04-16,0.06592870469873878,0.001638001638001638,0.33098335153741765,0.0004014452027298274,0.3212954633080581,0.0009189065012634965
2015-04-17,0.06523157208088715,0.0016366612111292963,0.328741904730596,0.0004020908725371934,0.32159511175430133,0.0009250265517308842
2015-04-18,0.06470021156969183,0.0016239038912618366,0.3301092661671013,0.0004014452027298274,0.3225806451612903,0.0009254974548819991
2015-04-19,0.06470021156969183,0.0016239038912618366,0.3301092661671013,0.0004014452027298274,0.3225806451612903,0.0009254974548819991
2015-04-20,0.06470021156969183,0.0016239038912618366,0.3301092661671013,0.0004014452027298274,0.3225806451612903,0.0009254974548819991
2015-04-21,0.06479621590099138,0.0016241675877185708,0.32959789057350036,0.0004046944556859571,0.3219056816352809,0.0009241716683992575
2015-04-22,0.0647186357311588,0.0016162921995103894,0.3325573661456601,0.0004048582995951417,0.3215434083601286,0.0009253689737589604
2015-04-23,0.06517332846705814,0.0016283462515469288,0.33636057854019513,0.00040516995238564266,0.32087277394513075,0.0009249838298951777
2015-04-24,0.06509569066527796,0.0016333197223356473,0.3387189648748433,0.0004078303425774878,0.32087277394513075,0.0009291089413217067
2015-04-25,0.06511985308961143,0.001638001638001638,0.34285322453457673,0.0004078303425774878,0.320358801858081,0.000931662569183632
2015-04-26,0.06511985308961143,0.001638001638001638,0.34285322453457673,0.0004078303425774878,0.320358801858081,0.000931662569183632
2015-04-27,0.06511985308961143,0.001638001638001638,0.34285322453457673,0.0004078303425774878,0.320358801858081,0.000931662569183632
2015-04-28,0.0655535670973536,0.0016496478001946583,0.3409594599202155,0.0004152823920265781,0.3205128205128205,0.0009368558940068222
2015-04-29,0.06571986251404761,0.0016436554357772703,0.34032126327252926,0.0004149377593360996,0.32084188911704314,0.0009378223324663634
2015-04-30,0.06516186206537038,0.0016365541253127167,0.3315759806359628,0.00041999160016799666,0.3202049311559398,0.000930535505875671
2015-05-01,0.06423020104052925,0.0016365807749252521,0.33167495854063017,0.00041841004184100416,0.32046146450889285,0.000925411825382414
2015-05-02,0.06472743278056105,0.0016291155000858382,0.324254215304799,0.00041841004184100416,0.3206464231891493,0.0009254974548819991
2015-05-03,0.06472743278056105,0.0016291155000858382,0.324254215304799,0.00041841004184100416,0.3206464231891493,0.0009254974548819991
2015-05-04,0.06472743278056105,0.0016291155000858382,0.324254215304799,0.00041841004184100416,0.3206464231891493,0.0009254974548819991
2015-05-05,0.0651436090862306,0.0016409582658037981,0.3255738238645613,0.0004154549231408392,0.3177124702144559,0.0009250693802035153
2015-05-06,0.06509060612372422,0.001635055645358262,0.3271930111572817,0.000423908435777872,0.3185930929017459,0.0009278158782790926
2015-05-07,0.0653099610752632,0.0016406890894175555,0.33032735440821853,0.0004217985401172908,0.3175107159866645,0.0009172629296121322
2015-05-08,0.06612007405448293,0.0016542597187758478,0.3352891869237217,0.00042408821034775233,0.3183902190524707,0.0009191176470588235
2015-05-09,0.06516271129009137,0.0016414970183601934,0.3267119707266074,0.00042408821034775233,0.31806615776081426,0.0009128251939753537
2015-05-10,0.06516271129009137,0.0016414970183601934,0.3267119707266074,0.00042408821034775233,0.31806615776081426,0.0009128251939753537
2015-05-11,0.06516271129009137,0.0016414970183601934,0.3267119707266074,0.00042408821034775233,0.31806615776081426,0.0009128251939753537
2015-05-12,0.06525839059757108,0.0016561775696617683,0.3308300526019784,0.00041649312786339027,0.3180155827635554,0.000915834766630007
2015-05-13,0.06550075325866248,0.0016607985119245334,0.3289906566653507,0.00042069835927639884,0.31730921783277805,0.0009165902841429881
2015-05-14,0.06626334378085387,0.0016826518876434779,0.334079444091805,0.00042069835927639884,0.3185220576524924,0.0009183579590713939
2015-05-15,0.0665911966438037,0.0016739202653525186,0.33377837116154874,0.00041220115416323167,0.3186235462800701,0.000923531542134672
2015-05-16,0.06624051932567152,0.0016669444351743812,0.33225902913911687,0.00041407867494824016,0.32041012495994875,0.0009181050733614155
2015-05-17,0.06624051932567152,0.0016669444351743812,0.33225902913911687,0.00041407867494824016,0.32041012495994875,0.0009181050733614155
2015-05-18,0.06624051932567152,0.0016669444351743812,0.33225902913911687,0.00041407867494824016,0.32041012495994875,0.0009181050733614155
2015-05-19,0.06581502030393376,0.001656726363708627,0.32934821987287155,0.0004024306975101895,0.3196113525952442,0.0009144947416552355
2015-05-20,0.06586226882343643,0.001656726363708627,0.3326458652118954,0.00040257648953301127,0.31794480478188986,0.0009132420091324201
2015-05-21,0.06570215897294385,0.0016559032404072447,0.3288175720110483,0.00040160642570281126,0.318775900541919,0.0009149967807668261
2015-05-22,0.06548960025148007,0.0016444664247481147,0.32298698362455996,0.0004,0.31776294884016526,0.0009147457425331936
2015-05-23,0.0655561455608656,0.0016374651770514953,0.32280973594163603,0.0004,0.31776294884016526,0.0009122423331619382
2015-05-24,0.0655561455608656,0.0016374651770514953,0.32280973594163603,0.0004,0.31776294884016526,0.0009122423331619382
2015-05-25,0.0655561455608656,0.0016374651770514953,0.32280973594163603,0.0004,0.31776294884016526,0.0009122423331619382
2015-05-26,0.0654236179260713,0.0016321200974029689,0.3177124702144559,0.00039494470774091627,0.3176115610608226,0.0009035055609186139
2015-05-27,0.06544245644804524,0.0016273393002441008,0.31818760341097113,0.000392156862745098,0.31821797931583135,0.0009022827347161086
2015-05-28,0.06531038761715051,0.0016239038912618366,0.31605562579013907,0.0003937007874015748,0.319030148349019,0.0009030975840739824
2015-05-29,0.06505461334790556,0.0016191710368902539,0.31443574505549793,0.0003952569169960474,0.31824836102094073,0.000899685110211426
2015-05-30,0.06462829038783437,0.0016028209135175214,0.3151591553734636,0.0003904724716907458,0.3181167488468268,0.0008993210530743763
2015-05-31,0.06462829038783437,0.0016028209135175214,0.3151591553734636,0.0003904724716907458,0.3181167488468268,0.0008993210530743763
2015-06-01,0.06462829038783437,0.0016028209135175214,0.3151591553734636,0.0003904724716907458,0.3181167488468268,0.0008993210530743763
2015-06-02,0.06479033846472813,0.0016079755070598004,0.31922364808785036,0.00039184952978056425,0.31928480204342274,0.0009035055609186139
2015-06-03,0.06441721743387573,0.0015938794519005594,0.3188978888959755,0.0003878975950349108,0.3177124702144559,0.0009050592650002848
2015-06-04,0.06434757988752043,0.0015918497040456907,0.31809651048128,0.0003856536829926726,0.3177124702144559,0.0008984321953895963
2015-06-05,0.06373486297004462,0.0015723517912601109,0.3177124702144559,0.0003816793893129771,0.31725888324873097,0.0008911861846749164
2015-06-06,0.06397707061789056,0.0015860428231562252,0.32108913434369385,0.00038284839203675346,0.31730921783277805,0.0008900756564307966
2015-06-07,0.06397707061789056,0.0015860428231562252,0.32108913434369385,0.00038284839203675346,0.31730921783277805,0.0008900756564307966
2015-06-08,0.06397707061789056,0.0015860428231562252,0.32108913434369385,0.00038284839203675346,0.31730921783277805,0.0008900756564307966
2015-06-09,0.06420916778497635,0.001600768343192439,0.32263268269075657,0.0003913894324853229,0.3187250996015936,0.0008922994955072497
2015-06-10,0.06466841271380994,0.0015852885476424945,0.320666987333654,0.00039154267815191856,0.3180155827635554,0.0008991189039344949
2015-06-11,0.06509908080097909,0.0015890672427946487,0.3235198964736331,0.0003940110323089047,0.31853220360578455,0.0008989168456522472
2015-06-12,0.06493506493506493,0.001585539851188523,0.32056419297964417,0.00039603960396039607,0.31705770450221943,0.0008997256241722806
2015-06-13,0.06480167447526844,0.001578033745020771,0.31964200095892603,0.0003961965134706815,0.31855249745158,0.0008974646623289208
2015-06-14,0.06480167447526844,0.001578033745020771,0.31964200095892603,0.0003961965134706815,0.31855249745158,0.0008974646623289208
2015-06-15,0.06480167447526844,0.001578033745020771,0.31964200095892603,0.0003961965134706815,0.31855249745158,0.0008974646623289208
2015-06-16,0.06498190254014258,0.0015752993316839846,0.32344664747549895,0.00039635354736424893,0.31665611146295125,0.0008944944270537335
2015-06-17,0.0655746304869572,0.0015777848150486718,0.32725725692967245,0.0003943217665615142,0.317359568390987,0.0008922198031664969
2015-06-18,0.06525242902167033,0.001590330814095592,0.3263920621450486,0.0003922337713277113,0.317359568390987,0.0009082652134423251
2015-06-19,0.06522731720044354,0.0015813276827224138,0.32292440339716477,0.0003914813808127694,0.31730921783277805,0.0009074410163339383
2015-06-20,0.06517672669443195,0.0015852885476424945,0.32371888252241754,0.00039452401456827263,0.315955766192733,0.0009073174993001407
2015-06-21,0.06517672669443195,0.0015852885476424945,0.32371888252241754,0.00039452401456827263,0.315955766192733,0.0009073174993001407
2015-06-22,0.06517672669443195,0.0015852885476424945,0.32371888252241754,0.00039452401456827263,0.315955766192733,0.0009073174993001407
2015-06-23,0.06495362311309724,0.0015807777926265506,0.3249390739236393,0.0003929273084479371,0.3153380423814329,0.0009048136493310555
2015-06-24,0.06451529657681837,0.0015816528272044287,0.3226639132679401,0.000390625,0.3159757330637007,0.0009009009009009009
2015-06-25,0.06457820743811793,0.0015852885476424945,0.3208213025344883,0.00039093041438623924,0.31580609505763463,0.0009004952723998199
2015-06-26,0.06435130665328159,0.0015750511395479243,0.3196113525952442,0.00039077764751856197,0.3157562361856647,0.0008911861846749164
2015-06-27,0.06377469675131694,0.001563868384836732,0.32062586168200324,0.0003869969040247678,0.3162755392497944,0.0008938147616278708
2015-06-28,0.06377469675131694,0.001563868384836732,0.32062586168200324,0.0003869969040247678,0.3162755392497944,0.0008938147616278708
2015-06-29,0.06377469675131694,0.001563868384836732,0.32062586168200324,0.0003869969040247678,0.3162755392497944,0.0008938147616278708
2015-06-30,0.06364562118126273,0.0015647492781889817,0.3222168519413565,0.0003872966692486445,0.3155071777882947,0.0008936150800404325
2015-07-01,0.06340510791549367,0.0015660726521775504,0.3174300860235533,0.00037883093493258575,0.31540766440624507,0.0008910670527957229
2015-07-02,0.06386511687316387,0.0015762925102051541,0.3225806451612903,0.00037993920972644377,0.31530821377896895,0.0008920606601248885
2015-07-03,0.06341154090044389,0.0015704503805130602,0.31767209885955716,0.0003843197540353574,0.31540766440624507,0.0008908685968819599
2015-07-04,0.06365372374283895,0.0015594541910331384,0.318775900541919,0.00037439161362785476,0.3155569580309246,0.0008890864636585908
2015-07-05,0.06365372374283895,0.0015594541910331384,0.318775900541919,0.00037439161362785476,0.3155569580309246,0.0008890864636585908
2015-07-06,0.06365372374283895,0.0015594541910331384,0.318775900541919,0.00037439161362785476,0.3155569580309246,0.0008890864636585908
2015-07-07,0.06329274158839464,0.0015401201293700909,0.31444563235016665,0.0003714710252600297,0.31456432840515886,0.000881057268722467
2015-07-08,0.06310462115140691,0.0015340717331942442,0.3090234857849196,0.00037286998023789103,0.31448518774765705,0.0008818342151675485
2015-07-09,0.06323710753470137,0.0015490666873208892,0.310481867858917,0.0003742234862659981,0.3148614609571788,0.0008841732979664014
2015-07-10,0.06370765829760396,0.0015453562046051615,0.3166661388897685,0.00037425149700598805,0.316906987799081,0.0008882572392965003
2015-07-12,0.06368088236230601,0.0015554518587649713,0.31917270435032397,0.00037243947858472997,0.31630555116242287,0.00088261253309797
2015-07-13,0.06368088236230601,0.0015554518587649713,0.31917270435032397,0.00037243947858472997,0.31630555116242287,0.00088261253309797
2015-07-14,0.0638749073813843,0.0015594541910331384,0.3186133945071051,0.0003729951510630362,0.3156366391010668,0.0008757334267448988
2015-07-15,0.06331157525530393,0.001556178026766262,0.31876573905836597,0.0003699593044765076,0.31540766440624507,0.0008733624454148472
2015-07-16,0.0631568310428456,0.0015552099533437014,0.31718844165318616,0.00036552379559909347,0.31456432840515886,0.0008713457935781814
2015-07-17,0.06277463904582549,0.0015497869043006587,0.3136467710064925,0.00036258158085569254,0.31582604301550704,0.0008695652173913044
2015-07-18,0.0624832076379473,0.0015391719255040787,0.3128519584532599,0.00036258158085569254,0.3147128245476003,0.0008659508139937652
2015-07-19,0.0624832076379473,0.0015391719255040787,0.3128519584532599,0.00036258158085569254,0.3147128245476003,0.0008659508139937652
2015-07-20,0.0624832076379473,0.0015391719255040787,0.3128519584532599,0.00036258158085569254,0.3147128245476003,0.0008659508139937652
2015-07-21,0.06247110711296026,0.001537042729787888,0.3138239447669857,0.000361271676300578,0.3155569580309246,0.0008686587908269632
2015-07-22,0.062114501872752234,0.001530221882172915,0.31070374398011497,0.0003594536304816679,0.3139717425431711,0.0008646779074794639
2015-07-23,0.06166406649852932,0.0015218383807639629,0.30432136335970783,0.0003546099290780142,0.31357792411414237,0.0008619946556331352
2015-07-24,0.06159038697240135,0.0015142337976983646,0.2982136999373751,0.0003508771929824561,0.31446540880503143,0.000853898044573478
2015-07-25,0.06137642776915098,0.0015020427781783224,0.2973358705994291,0.00034965034965034965,0.31520882584712373,0.000856384345294168
2015-07-26,0.06137642776915098,0.0015020427781783224,0.2973358705994291,0.00034965034965034965,0.31520882584712373,0.000856384345294168
2015-07-27,0.06137642776915098,0.0015020427781783224,0.2973358705994291,0.00034965034965034965,0.31520882584712373,0.000856384345294168
2015-07-28,0.06147263852859093,0.0015033072760072157,0.29800929789009417,0.0003518648838845883,0.3137747097583935,0.0008618460742911316
2015-07-29,0.06142770266534802,0.0015008254539997,0.30062530062530063,0.00035124692658939234,0.3149705502535513,0.0008632969309794105
2015-07-30,0.06146508168709356,0.0014890258792697817,0.2964719833975689,0.0003477414194804743,0.3151095005514416,0.0008531695247845747
2015-07-31,0.06215156280104663,0.001483679525222552,0.29220968967330957,0.0003479471120389701,0.3135975915704967,0.0008620689655172414
2015-08-01,0.06179667657473382,0.0014710208884966167,0.2896955299979721,0.00034638032559750607,0.3142875102143441,0.000856091088091773
2015-08-02,0.06179667657473382,0.0014710208884966167,0.2896955299979721,0.00034638032559750607,0.3142875102143441,0.000856091088091773
2015-08-03,0.06179667657473382,0.0014710208884966167,0.2896955299979721,0.00034638032559750607,0.3142875102143441,0.000856091088091773
2015-08-04,0.061385470059236974,0.0014671361502347417,0.2881595251131026,0.0003436426116838488,0.3131360576170346,0.0008616604196286244
2015-08-05,0.0611411382034288,0.0014675667742882301,0.2867465733784481,0.00033898305084745765,0.3131360576170346,0.0008512811781731506
2015-08-06,0.06129178567488385,0.0014736438792201476,0.2816504717645402,0.00033840947546531303,0.3120611639881417,0.0008597343420882947
2015-08-07,0.061988978359647645,0.0014749262536873156,0.28511960767541983,0.00034051826880512144,0.31318509238960224,0.0008591434339963056
2015-08-08,0.0619271736437949,0.001486988847583643,0.2907568400546623,0.000343878954607978,0.3130380341211457,0.0008616975441619991
2015-08-09,0.0619271736437949,0.001486988847583643,0.2907568400546623,0.000343878954607978,0.3130380341211457,0.0008616975441619991
2015-08-10,0.0619271736437949,0.001486988847583643,0.2907568400546623,0.000343878954607978,0.3130380341211457,0.0008616975441619991
2015-08-11,0.06133351324497218,0.0014675667742882301,0.2876787204050516,0.0003402517863218782,0.311332503113325,0.000845594452900389
2015-08-12,0.06152596703438686,0.0014632076437967312,0.28665615594094884,0.000341180484476288,0.3121098626716604,0.0008535336292249915
2015-08-13,0.06096482938992496,0.0014581510644502771,0.28390540271981374,0.000341180484476288,0.3111387678904792,0.000850267834367826
2015-08-14,0.061103031932444485,0.0014613260072189507,0.28692757947893954,0.00033467202141900936,0.3096934035305048,0.0008491126772522714
2015-08-15,0.06088650754992694,0.0014468639224480939,0.2868781915198807,0.00033456005352960856,0.3094059405940594,0.0008465966813410091
2015-08-16,0.06088650754992694,0.0014468639224480939,0.2868781915198807,0.00033456005352960856,0.3094059405940594,0.0008465966813410091
2015-08-17,0.06088650754992694,0.0014468639224480939,0.2868781915198807,0.00033456005352960856,0.3094059405940594,0.0008465966813410091
2015-08-18,0.060920632599848916,0.0014417739586787583,0.28835063437139563,0.00033277870216306157,0.30916679548616477,0.0008445232666159954
2015-08-19,0.060215934340545195,0.0014426475467778468,0.286409852498926,0.00033233632436025255,0.308242401824795,0.0008457732481921597
2015-08-20,0.059570260143326045,0.0014527493281034356,0.2887836432944438,0.00032776138970829236,0.30755036137167463,0.0008432414200185513
2015-08-21,0.058892815076560655,0.0014332191535407679,0.28575510787255326,0.00032205081961933594,0.3067955207853965,0.0008376612497905848
2015-08-22,0.0582062012886853,0.0014198293365137512,0.28169014084507044,0.00030917635419243133,0.30469226081657524,0.0008428150021070375
2015-08-23,0.0582062012886853,0.0014198293365137512,0.28169014084507044,0.00030917635419243133,0.30469226081657524,0.0008428150021070375
2015-08-24,0.0582062012886853,0.0014198293365137512,0.28169014084507044,0.00030917635419243133,0.30469226081657524,0.0008428150021070375
2015-08-25,0.05800430391935081,0.001416310228592471,0.27645692801061594,0.00030921459492888067,0.3053435114503817,0.0008415383320710259
2015-08-26,0.05870784043208971,0.0014197688616293268,0.2780094523213789,0.00031065548306927616,0.3049245311785333,0.0008432414200185513
2015-08-27,0.05931549913992526,0.0014409014279333152,0.28139685398317243,0.0003118178983473651,0.3031221582297666,0.0008542627712284299
2015-08-28,0.059722885809842335,0.0014470314150520206,0.27921262041044254,0.0003255208333333333,0.3031221582297666,0.0008456659619450317
2015-08-30,0.05973572913430981,0.0014438973677750985,0.2761286759629987,0.00032741798179556026,0.3113131187348235,0.0008457017210030022
2015-08-31,0.05973572913430981,0.0014438973677750985,0.2761286759629987,0.00032741798179556026,0.3113131187348235,0.0008457017210030022
2015-09-01,0.05899426575736838,0.0014441475918838904,0.27059205541725295,0.0003211303789338471,0.3090234857849196,0.000847565368479044
2015-09-02,0.059410999352420106,0.0014509576320371445,0.2661202331213242,0.0003245699448231094,0.30830892554339445,0.0008465608465608466
2015-09-03,0.05947672378414707,0.0014518002322880372,0.267401128432762,0.0003161555485298767,0.30821390044691016,0.0008418571368438777
2015-09-04,0.05905104963240722,0.0014446691707598958,0.2600983171638879,0.0003186235462800701,0.31333228889237036,0.0008336807002917883
2015-09-05,0.058913979698242594,0.001441857111960205,0.26047093144405087,0.0003183699458771092,0.3105590062111801,0.0008336807002917883
2015-09-06,0.058913979698242594,0.001441857111960205,0.26047093144405087,0.0003183699458771092,0.3105590062111801,0.0008336807002917883
2015-09-07,0.058913979698242594,0.001441857111960205,0.26047093144405087,0.0003183699458771092,0.3105590062111801,0.0008336807002917883
2015-09-08,0.059441016679149285,0.0014481630052278684,0.2617869577737637,0.0003197953309881676,0.3118665211289568,0.000836715056687445
2015-09-09,0.05916074566203833,0.0014483098224372156,0.26438939269756495,0.0003213677411061478,0.3112162330387153,0.0008431703204047217
2015-09-10,0.05970077969218278,0.0014596196231262133,0.25968629895086737,0.00032123353678124,0.3114779629341224,0.0008460952703274388
2015-09-11,0.059490169249531516,0.0014540590057144519,0.2576655501159495,0.00033500837520938025,0.3117692907248636,0.0008460952703274388
2015-09-12,0.05974572220629003,0.0014538053354655812,0.2623019620186759,0.000328515111695138,0.31109037175299425,0.0008462384700008462
2015-09-13,0.05974572220629003,0.0014538053354655812,0.2623019620186759,0.000328515111695138,0.31109037175299425,0.0008462384700008462
2015-09-14,0.05974572220629003,0.0014538053354655812,0.2623019620186759,0.000328515111695138,0.31109037175299425,0.0008462384700008462
2015-09-15,0.059899249462404235,0.0014637002341920374,0.2588661661920787,0.0003322259136212625,0.3125,0.0008485722771437057
2015-09-16,0.06043902910743642,0.0014788524105294291,0.26099438862064467,0.00033057851239669424,0.3117692907248636,0.0008542627712284299
2015-09-17,0.0603009014984774,0.001484230055658627,0.25673940949935814,0.0003372681281618887,0.3133421069123269,0.0008589589417625838
2015-09-18,0.06009615384615384,0.001474382602285293,0.253324889170361,0.00033500837520938025,0.31436655139893116,0.0008532423208191126
2015-09-19,0.06004130842019309,0.0014610697953041218,0.25095362377032726,0.00033500837520938025,0.31338138514572234,0.0008481764206955047
2015-09-20,0.06004130842019309,0.0014610697953041218,0.25095362377032726,0.00033500837520938025,0.31338138514572234,0.0008481764206955047
2015-09-21,0.06004130842019309,0.0014610697953041218,0.25095362377032726,0.00033500837520938025,0.31338138514572234,0.0008481764206955047
2015-09-22,0.0591817530818898,0.0014316392269148174,0.24691967702906245,0.00032562683165092806,0.3134304967873374,0.000844095551616443
2015-09-23,0.05840268652358009,0.001422475106685633,0.23949801216649902,0.00032499187520311994,0.3115264797507788,0.0008375560115582729
2015-09-24,0.05931690650469197,0.0014357501794687725,0.2540456774127988,0.00031655587211142766,0.311284046692607,0.0008362602441879914
2015-09-25,0.05893099180859213,0.0014281633818908881,0.25144581342720645,0.0003222687721559781,0.31274433150899145,0.0008403008276963153
2015-09-26,0.05857098510539849,0.001417233560090703,0.24348672997321644,0.0003237293622531564,0.3112549800796813,0.0008365050817683717
2015-09-27,0.05857098510539849,0.001417233560090703,0.24348672997321644,0.0003237293622531564,0.3112549800796813,0.0008365050817683717
2015-09-28,0.05857098510539849,0.001417233560090703,0.24348672997321644,0.0003237293622531564,0.3112549800796813,0.0008365050817683717
2015-09-29,0.05877823559492391,0.0014216661927779358,0.2464025231618372,0.0003219782342713632,0.30993336432666974,0.0008373105584861425
2015-09-30,0.059058722087371465,0.0014375044922015382,0.25319019647559243,0.0003239915762190183,0.31007751937984496,0.0008441668073611346
2015-10-01,0.05918945954104493,0.0014376078205865438,0.24980640003996904,0.0003266692800209069,0.3102699348433137,0.0008475294516484447
2015-10-02,0.05957345406886691,0.001452643811737362,0.2536783358701167,0.000331619963521804,0.31012560086835167,0.0008531695247845747
2015-10-03,0.05963242572781375,0.001464986815118664,0.2555453337422059,0.0003380662609871535,0.3111871790882216,0.0008630361612151549
2015-10-04,0.05963242572781375,0.001464986815118664,0.2555453337422059,0.0003380662609871535,0.3111871790882216,0.0008630361612151549
2015-10-05,0.05963242572781375,0.001464986815118664,0.2555453337422059,0.0003380662609871535,0.3111871790882216,0.0008630361612151549
2015-10-06,0.060049240377109236,0.0014699397324709688,0.2598414966870209,0.00034328870580157915,0.31167212092878294,0.0008605851979345956
2015-10-07,0.060082072110502954,0.0014732096819340297,0.25752620329118486,0.0003450655624568668,0.31154589070970157,0.0008637443316778234
2015-10-08,0.0607906431042134,0.0014764506127270044,0.26424268047775074,0.0003485899536375362,0.3110419906687403,0.0008639682059700202
2015-10-09,0.06090245254176386,0.0014801657785671995,0.2663825253063399,0.00035001750087504374,0.3118178983473652,0.0008722197993894462
2015-10-10,0.060717928790013115,0.0014799467219180108,0.2656042496679947,0.00034885749171463456,0.3123048094940662,0.0008754650908295032
2015-10-11,0.060717928790013115,0.0014799467219180108,0.2656042496679947,0.00034885749171463456,0.3123048094940662,0.0008754650908295032
2015-10-12,0.060717928790013115,0.0014799467219180108,0.2656042496679947,0.00034885749171463456,0.3123048094940662,0.0008754650908295032
2015-10-13,0.06003085585991199,0.0014634860237084737,0.2569373072970195,0.0003435599683924829,0.31067478563439793,0.0008716495968620615
2015-10-14,0.060791382213657395,0.0014716703458425313,0.26246030287918953,0.0003417634996582365,0.3094059405940594,0.0008784258608573436
2015-10-15,0.061018024724503614,0.0014847809948032665,0.26342131605289504,0.0003454231433506045,0.3104144032283098,0.000891503967192654
2015-10-16,0.06088057666082213,0.0014824697946779336,0.254880970586736,0.0003477051460361613,0.3104144032283098,0.0008849949112792601
2015-10-17,0.06064502043737189,0.0014716703458425313,0.25703637064644647,0.0003427004797806717,0.30759766225776686,0.0008834702712253732
2015-10-18,0.06064502043737189,0.0014716703458425313,0.25703637064644647,0.0003427004797806717,0.30759766225776686,0.0008834702712253732
2015-10-19,0.06064502043737189,0.0014716703458425313,0.25703637064644647,0.0003427004797806717,0.30759766225776686,0.0008834702712253732
2015-10-20,0.06038428559351714,0.0014543339150668994,0.2560557177241768,0.00034129692832764505,0.3098853424233034,0.0008862891075068688
2015-10-21,0.06004960097040155,0.001443834825295986,0.25378778265614294,0.00033771233663165717,0.3082614056720098,0.000879584835957428
2015-10-22,0.060688081467680566,0.0014522218995062445,0.2558788157928405,0.0003444949703734325,0.30840400925212025,0.0008843687817820031
2015-10-23,0.06033182503770739,0.0014581510644502771,0.25777182038459556,0.0003429943405933802,0.3081189339084887,0.0008847600088476001
2015-10-24,0.06051876686960626,0.0014545454545454545,0.25590500806100774,0.00034164673727365904,0.3066073892380807,0.000886171296911693
2015-10-25,0.06051876686960626,0.0014545454545454545,0.25590500806100774,0.00034164673727365904,0.3066073892380807,0.000886171296911693
2015-10-26,0.06051876686960626,0.0014545454545454545,0.25590500806100774,0.00034164673727365904,0.3066073892380807,0.000886171296911693
2015-10-27,0.06044049029325725,0.0014545454545454545,0.25740688306005305,0.000339236040436936,0.30663559425978165,0.0008807080893038003
2015-10-28,0.060075214168138505,0.0014547570555717196,0.25619347731406755,0.00033932813030200206,0.30595074193054916,0.0008733624454148472
2015-10-29,0.060177523694899954,0.0014524328249818446,0.2598347451021151,0.00034237195288961927,0.3053435114503817,0.0008754650908295032
2015-10-30,0.06050338818973863,0.0014467592592592592,0.25918822248717016,0.00034602076124567473,0.3053062221408072,0.0008771929824561404
2015-10-31,0.06084871791751348,0.0014467592592592592,0.25815778603882694,0.0003454231433506045,0.3058103975535168,0.0008794688008442901
2015-11-01,0.06084871791751348,0.0014467592592592592,0.25815778603882694,0.0003454231433506045,0.3058103975535168,0.0008794688008442901
2015-11-02,0.06084871791751348,0.0014467592592592592,0.25815778603882694,0.0003454231433506045,0.3058103975535168,0.0008794688008442901
2015-11-03,0.060995693704024495,0.001452643811737362,0.26522384892849565,0.00035739814152966406,0.30483158055174514,0.0008845643520566122
2015-11-04,0.060469728853735825,0.0014449822989668377,0.26340050046095087,0.0003527336860670194,0.30413625304136255,0.0008797782958694408
2015-11-05,0.060261656110833235,0.0014393252443254602,0.2642496630816796,0.00035001750087504374,0.30367446097783174,0.000877963125548727
2015-11-06,0.05960079388257451,0.0014341029685931452,0.2651957144372547,0.00034544700842890696,0.3016136329362087,0.0008681309141418525
2015-11-07,0.05958871866378257,0.0014262283391570992,0.26299179465600675,0.0003414134516899966,0.30280090840272517,0.0008620318089737511
2015-11-08,0.05958871866378257,0.0014262283391570992,0.26299179465600675,0.0003414134516899966,0.30280090840272517,0.0008620318089737511
2015-11-09,0.05958871866378257,0.0014262283391570992,0.26299179465600675,0.0003414134516899966,0.30280090840272517,0.0008620318089737511
2015-11-10,0.059719675841599526,0.0014286734766769055,0.2667662594035106,0.00034002040122407346,0.30220610456331215,0.0008632969309794105
2015-11-11,0.05982292414453218,0.0014317417137948312,0.2654209576388152,0.00033944331296673454,0.30184123151222453,0.0008650519031141869
2015-11-12,0.059736085972174925,0.0014252932540870283,0.2653153272664562,0.000333889816360601,0.3015226895823911,0.0008632596685082873
2015-11-13,0.05995203836930456,0.001418238547723727,0.2598820135658411,0.0003252032520325203,0.30129557095510695,0.0008549200649739249
2015-11-14,0.05966444714923271,0.001404297149276787,0.2611375150154071,0.00032537255157154944,0.30055301755229624,0.0008532423208191126
2015-11-15,0.05966444714923271,0.001404297149276787,0.2611375150154071,0.00032537255157154944,0.30055301755229624,0.0008532423208191126
2015-11-16,0.05966444714923271,0.001404297149276787,0.2611375150154071,0.00032537255157154944,0.30055301755229624,0.0008532423208191126
2015-11-17,0.05977464957111688,0.0014051851331412914,0.2623226043388159,0.0003252032520325203,0.299625468164794,0.0008557980316645272
2015-11-18,0.05978715771852206,0.0013992863639543834,0.2656042496679947,0.0003222687721559781,0.2979027645376549,0.0008548469823901522
2015-11-19,0.06015363237709109,0.0014072614691809737,0.26554782516331193,0.00032557382386456127,0.2991325157044571,0.0008644536652835409
2015-11-20,0.06053085560364396,0.0014021312394840156,0.26994196247806723,0.0003281916639317361,0.2989983555090447,0.0008688097306689834
2015-11-21,0.06044304753845689,0.0013991884706870015,0.2678523597792897,0.0003233838890146493,0.29797377830750893,0.0008632596685082873
2015-11-22,0.06044304753845689,0.0013991884706870015,0.2678523597792897,0.0003233838890146493,0.29797377830750893,0.0008632596685082873
2015-11-23,0.06044304753845689,0.0013991884706870015,0.2678523597792897,0.0003233838890146493,0.29797377830750893,0.0008632596685082873
2015-11-24,0.06052059818559247,0.0014067665470915102,0.27028488026379804,0.0003259771164064283,0.2962524070508073,0.0008726764988218866
2015-11-25,0.06057265386968399,0.001402524544179523,0.2672367717797969,0.0003239915762190183,0.2972209838014564,0.0008745080891998251
2015-11-26,0.06037553583288052,0.0014023278642546627,0.2671939293539251,0.0003240650722665111,0.2972209838014564,0.0008745080891998251
2015-11-27,0.06018838965963466,0.001397624039133473,0.2600171611326348,0.00032331070158422246,0.2972209838014564,0.0008745080891998251
2015-11-28,0.06036205158540928,0.0014078558355624384,0.2582577929289016,0.0003180661577608143,0.2977253781112302,0.0008634087376964254
2015-11-29,0.06036205158540928,0.0014078558355624384,0.2582577929289016,0.0003180661577608143,0.2977253781112302,0.0008634087376964254
2015-11-30,0.06036205158540928,0.0014078558355624384,0.2582577929289016,0.0003180661577608143,0.2977253781112302,0.0008634087376964254
2015-12-01,0.060562749064305525,0.0014215651432226881,0.25941683096399293,0.0003179650238473768,0.2975836209975003,0.0008646031471554557
2015-12-02,0.06036788187212875,0.0014207572636215102,0.2606950129044031,0.00031645569620253165,0.29673590504451036,0.0008606592649969876
2015-12-03,0.05988669437424393,0.0014273479874393376,0.26604235394274767,0.00031776294884016526,0.29748624126134166,0.0008601040725927837
2015-12-04,0.06000600060006001,0.0014277555682467161,0.26763013515321826,0.0003132832080200501,0.2981514609421586,0.0008625894936599673
2015-12-05,0.059234336960449226,0.0014165309157872369,0.2656042496679947,0.0003023431594860166,0.29664787896766537,0.0008530967411704487
2015-12-06,0.059234336960449226,0.0014165309157872369,0.2656042496679947,0.0003023431594860166,0.29664787896766537,0.0008530967411704487
2015-12-07,0.059234336960449226,0.0014165309157872369,0.2656042496679947,0.0003023431594860166,0.29664787896766537,0.0008530967411704487
2015-12-08,0.058779272077494595,0.0014169323414806943,0.26201331027616204,0.0003023431594860166,0.29735355337496283,0.0008479606546256254
2015-12-09,0.0586200832405182,0.0014204949004233075,0.2669941795268863,0.0003046922608165753,0.29735355337496283,0.0008468476097726215
2015-12-10,0.058221790087158026,0.0014197890193517243,0.2624809701296656,0.00030731407498463427,0.2964719833975689,0.000850267834367826
2015-12-11,0.05768676088837611,0.0014108352144469526,0.25779840164990975,0.00030321406913280777,0.29708853238265004,0.0008432058687128462
2015-12-12,0.05774105446713668,0.0014051851331412914,0.25757263548320625,0.0002983827654114698,0.2977519726068185,0.0008437394532568342
2015-12-13,0.05774105446713668,0.0014051851331412914,0.25757263548320625,0.0002983827654114698,0.2977519726068185,0.0008437394532568342
2015-12-14,0.05774105446713668,0.0014051851331412914,0.25757263548320625,0.0002983827654114698,0.2977519726068185,0.0008437394532568342
2015-12-15,0.058445695182321344,0.0014073604953908944,0.2556433264309635,0.00030165912518853697,0.29648956356736245,0.0008519338899301414
2015-12-16,0.05888657268369667,0.0014174545351457852,0.25687130747495507,0.0003002732486562772,0.29748624126134166,0.0008485362749257531
2015-12-17,0.05870129260246311,0.0014141271300289896,0.2578382838283828,0.00029895366218236175,0.29735355337496283,0.0008421761832575374
2015-12-18,0.05840473311957201,0.0014319467315815852,0.25113639217459,0.00030048076923076925,0.2973712382538361,0.000846740050804403
2015-12-19,0.05830189889284694,0.001444064174211902,0.24925224327018947,0.00030039050765995795,0.29607698001480387,0.0008516436722875148
2015-12-20,0.05830189889284694,0.001444064174211902,0.24925224327018947,0.00030039050765995795,0.29607698001480387,0.0008516436722875148
2015-12-21,0.05830189889284694,0.001444064174211902,0.24925224327018947,0.00030039050765995795,0.29607698001480387,0.0008516436722875148
2015-12-22,0.05823094392360101,0.0014351114364030367,0.25068939583855604,0.00030184123151222455,0.29563932002956395,0.0008544817568144921
2015-12-23,0.05814663418208037,0.0014324595330181922,0.2535754133279237,0.00031104199066874026,0.2946549590429607,0.0008524422470377632
2015-12-24,0.058032242714051926,0.0014291839359725595,0.25304284015283784,0.000315357931251971,0.29542097488921715,0.0008561277342579514
2015-12-25,0.057888795623607055,0.0014138272303124558,0.253613999492772,0.0003154574132492114,0.2949852507374631,0.0008561277342579514
2015-12-27,0.058064253903369466,0.0014138272303124558,0.25912106135986734,0.00031387319522912746,0.2943773918163085,0.0008564943685495268
2015-12-28,0.058064253903369466,0.0014138272303124558,0.25912106135986734,0.00031387319522912746,0.2943773918163085,0.0008564943685495268
2015-12-29,0.05805009723391286,0.0014117314886708547,0.2586452163567235,0.000315955766192733,0.2937720329024677,0.0008543357539513029
2015-12-30,0.05755991987659153,0.0014120304998587968,0.25250612327348937,0.0003150896430034345,0.29411764705882354,0.0008496176720475786
2015-12-31,0.05803763160032965,0.0014122299110295156,0.25250612327348937,0.0003155071777882947,0.29411764705882354,0.0008496176720475786
2016-01-01,0.05803763160032965,0.0013949919787961218,0.25242963523917705,0.00031510950055144165,0.29411764705882354,0.0008530239699735563
2016-01-02,0.05781483066036099,0.0013949919787961218,0.2474879968321536,0.0003109356052361556,0.29329813755682654,0.0008399832003359933
2016-01-03,0.05781483066036099,0.0013949919787961218,0.2474879968321536,0.0003109356052361556,0.29329813755682654,0.0008399832003359933
2016-01-04,0.05781483066036099,0.0013949919787961218,0.2474879968321536,0.0003109356052361556,0.29329813755682654,0.0008399832003359933
2016-01-05,0.057744722132397105,0.001402524544179523,0.24815127301603057,0.000311594428691615,0.2927400468384075,0.0008404420725301509
2016-01-06,0.05702066999287241,0.0013993842709207947,0.24853982850751832,0.00030731407498463427,0.292654375182909,0.0008334027835652971
2016-01-07,0.05612428160919541,0.001386193512614361,0.24721878862793573,0.00030578234412745005,0.29282576866764276,0.0008383635144198525
2016-01-08,0.0558450189035389,0.0013757050488375294,0.24715768660405338,0.00030650401520259914,0.29222676797194624,0.0008282945415389713
2016-01-09,0.05583628800357352,0.0013672409078479629,0.246742992499013,0.0003052037234854265,0.2920134326179004,0.0008289124668435013
2016-01-10,0.05583628800357352,0.0013672409078479629,0.246742992499013,0.0003052037234854265,0.2920134326179004,0.0008289124668435013
2016-01-11,0.05583628800357352,0.0013672409078479629,0.246742992499013,0.0003052037234854265,0.2920134326179004,0.0008289124668435013
2016-01-12,0.05588527869988488,0.001371177841766077,0.2482560015888384,0.0003049803287687944,0.2924831822170225,0.0008289811821271658
2016-01-13,0.05577555914998048,0.0013753266400770181,0.24976272541085967,0.0003074368985765672,0.29250029250029247,0.0008295313148071339
2016-01-14,0.05603119817114169,0.0013873473917869036,0.2485089463220676,0.0003083564600678384,0.29180040852057193,0.0008261049153242462
2016-01-15,0.05486968449931413,0.0013693002875530605,0.24670038238559272,0.0003030119386703836,0.2913752913752914,0.000819940964250574
2016-01-16,0.054923930356456305,0.0013700694625217499,0.24662128834961033,0.00030332443581654935,0.29205607476635514,0.0008278145695364238
2016-01-17,0.054923930356456305,0.0013700694625217499,0.24662128834961033,0.00030332443581654935,0.29205607476635514,0.0008278145695364238
2016-01-18,0.054923930356456305,0.0013700694625217499,0.24662128834961033,0.00030332443581654935,0.29205607476635514,0.0008278145695364238
2016-01-19,0.05476691202243253,0.001375515818431912,0.24626295958824834,0.0003022609116189094,0.2916302128900554,0.0008292561572269673
2016-01-20,0.054046166235198104,0.0013749484394335212,0.2440929505955868,0.00029502006136417275,0.29069767441860467,0.0008278145695364238
2016-01-21,0.0534676440552,0.0013789299503585218,0.24065071954565143,0.00030160453613222344,0.29069767441860467,0.0008293937131956539
2016-01-22,0.05426672093338761,0.0013982102908277404,0.24425989252564728,0.0003022061045633122,0.2901073397156948,0.000836225279090187
2016-01-23,0.053764018967945894,0.0013854445198742016,0.2445466105839773,0.0002945508100147275,0.2899391127863149,0.0008369601606963508
2016-01-24,0.053764018967945894,0.0013854445198742016,0.2445466105839773,0.0002945508100147275,0.2899391127863149,0.0008369601606963508
2016-01-25,0.053764018967945894,0.0013854445198742016,0.2445466105839773,0.0002945508100147275,0.2899391127863149,0.0008369601606963508
2016-01-26,0.05428498531591148,0.0013933592498153798,0.24569420898749417,0.0002933067401888895,0.28851702250432776,0.0008352125615969264
2016-01-27,0.05426789890975791,0.0013995997144816582,0.24320840528248658,0.0002983293556085919,0.28910089621277824,0.0008285004142502071
2016-01-28,0.05452681628825056,0.001407281273308096,0.24567006510256725,0.0003050640634533252,0.28872527789808,0.0008304268393954492
2016-01-29,0.055263885051119094,0.0014029180695847364,0.25013757566661665,0.00030478512648582747,0.2884338044418806,0.0008285004142502071
2016-01-30,0.0549320764874233,0.001407063458561981,0.25225134323840276,0.00030095100517635727,0.2878940549877645,0.0008312206475208845
2016-01-31,0.0549320764874233,0.001407063458561981,0.25225134323840276,0.00030095100517635727,0.2878940549877645,0.0008312206475208845
2016-02-01,0.0549320764874233,0.001407063458561981,0.25225134323840276,0.00030095100517635727,0.2878940549877645,0.0008312206475208845
2016-02-02,0.05411811820479378,0.0014009722747586825,0.2507711211976829,0.0002949852507374631,0.2872160151650056,0.0008257638315441783
2016-02-03,0.05500247511138001,0.0014204747226523103,0.2567657782570739,0.0002965599051008304,0.28653295128939826,0.0008333333333333334
2016-02-04,0.0547948207935386,0.0014365752047119666,0.25709584533113944,0.00030175015087507544,0.28735632183908044,0.000839806844425782
2016-02-05,0.054312109971160275,0.0014162901695299332,0.25786487880350695,0.0003002101471029721,0.28768699654775604,0.0008299099547699074
2016-02-07,0.053625053625053626,0.0014017381553125877,0.256647161482394,0.00029770765108663293,0.2871912693854107,0.0008288781134734137
2016-02-08,0.053625053625053626,0.0014017381553125877,0.256647161482394,0.00029770765108663293,0.2871912693854107,0.0008288781134734137
2016-02-09,0.053193752925656416,0.0014016399187048846,0.2572744346394299,0.00029481132075471697,0.28653295128939826,0.0008355964069354502
2016-02-10,0.05289829773277896,0.0014035087719298245,0.25467974022666495,0.00029505488020771867,0.2853881278538813,0.0008403361344537816
2016-02-11,0.052277467888565354,0.0014035284705750256,0.25071453642882213,0.00029096834264432026,0.2847380410022779,0.0008343763037129745
2016-02-12,0.052910052910052914,0.0014204545454545455,0.24990628514307134,0.00029568302779420464,0.285143997718848,0.0008291873963515755
2016-02-13,0.053149648149329244,0.0014210601108426886,0.24991877639767077,0.0002960331557134399,0.2853881278538813,0.000826685404869177
2016-02-14,0.053149648149329244,0.0014210601108426886,0.24991877639767077,0.0002960331557134399,0.2853881278538813,0.000826685404869177
2016-02-15,0.053149648149329244,0.0014210601108426886,0.24991877639767077,0.0002960331557134399,0.2853881278538813,0.000826685404869177
2016-02-16,0.052985185342178324,0.0014117912807770497,0.245736472207205,0.0002929973630237328,0.2857959416976279,0.0008207485226526592
2016-02-17,0.054547338908071376,0.001428265371706063,0.25101661730006525,0.0002982492767455039,0.2851846570654499,0.0008176614881439084
2016-02-18,0.054706091523291124,0.001423183661851562,0.24837932490499492,0.0002985163736230932,0.2856326763781777,0.0008125126955108674
2016-02-19,0.05461287662405042,0.001431229426077,0.24746349913387772,0.0002986857825567503,0.28653295128939826,0.0008124136810463888
2016-02-20,0.05528404944605383,0.0014456089627755693,0.25344687753446876,0.000302571860816944,0.2847380410022779,0.0008176614881439084
2016-02-21,0.05528404944605383,0.0014456089627755693,0.25344687753446876,0.000302571860816944,0.2847380410022779,0.0008176614881439084
2016-02-22,0.05528404944605383,0.0014456089627755693,0.25344687753446876,0.000302571860816944,0.2847380410022779,0.0008176614881439084
2016-02-23,0.054935999560512004,0.0014380212827149843,0.25280614824552533,0.00030084235860409147,0.2846569883290635,0.0008134379956887787
2016-02-24,0.054965893662982115,0.0014427932477276005,0.2526337063891064,0.0002990430622009569,0.2834467120181406,0.000809814957282261
2016-02-25,0.055179415870703595,0.0014491703499746396,0.252799757312233,0.00030206917384080956,0.2836074872376631,0.0008090614886731392
2016-02-26,0.05483207676490747,0.0014436263894903997,0.25040691123075,0.00030048076923076925,0.2838489923360772,0.0008051529790660225
2016-02-27,0.055116764866369405,0.001436389491374481,0.24894199651481203,0.00030025521693439425,0.2838489923360772,0.0008081134591296618
2016-02-28,0.055116764866369405,0.001436389491374481,0.24894199651481203,0.00030025521693439425,0.2838489923360772,0.0008081134591296618
2016-02-29,0.055116764866369405,0.001436389491374481,0.24894199651481203,0.00030025521693439425,0.2838489923360772,0.0008081134591296618
2016-03-01,0.055874974157824456,0.0014515894904920889,0.25477707006369427,0.0003097893432465923,0.2844626500540479,0.0008123476848090983
2016-03-02,0.05611766752526698,0.0014613473622680112,0.2567064561673726,0.0003125,0.2844141069397042,0.0008152284677780948
2016-03-03,0.05576125262077888,0.0014587892049598833,0.2632202363717723,0.00031318509238960227,0.2870676044208411,0.0008271298593879239
2016-03-04,0.05632311444293624,0.0014677821811243212,0.2674511901577962,0.0003160556257901391,0.28914269191846176,0.0008347245409015025
2016-03-05,0.056344059364100946,0.0014731879787860931,0.26472534745201853,0.0003201024327784891,0.2898550724637681,0.0008337849668570476
2016-03-06,0.056344059364100946,0.0014731879787860931,0.26472534745201853,0.0003201024327784891,0.2898550724637681,0.0008337849668570476
2016-03-07,0.056344059364100946,0.0014731879787860931,0.26472534745201853,0.0003201024327784891,0.2898550724637681,0.0008337849668570476
2016-03-08,0.05582631317445164,0.001463271875914545,0.26640381490262943,0.00031426775612822125,0.2898550724637681,0.0008291873963515755
2016-03-09,0.05636533757200672,0.0014762326542663124,0.2715399027887148,0.00031259768677711783,0.2898550724637681,0.0008265145879824778
2016-03-10,0.0560909121504134,0.0014655235582911996,0.2762888876609383,0.00031055900621118014,0.2910360884749709,0.0008333333333333334
2016-03-11,0.05650675255693056,0.0014654161781946073,0.2771234585007621,0.0003154574132492114,0.2929973630237328,0.0008443806467955755
2016-03-13,0.056336123849334674,0.0014655235582911996,0.2733809016102135,0.0003136959658698789,0.2981959147159684,0.0008412905396878812
2016-03-14,0.056336123849334674,0.0014655235582911996,0.2733809016102135,0.0003136959658698789,0.2981959147159684,0.0008412905396878812
2016-03-15,0.055918716553617666,0.0014579384749963552,0.265717170643567,0.00031708786504740466,0.3005259203606311,0.000837977123224536
2016-03-16,0.05671860199989791,0.0014691838683611254,0.2673510854454069,0.00031655587211142766,0.2986411826190832,0.0008465250148141878
2016-03-17,0.057708399457541054,0.0014934289127837513,0.27598388254125955,0.00032425421530479895,0.2960331557134399,0.0008671522719389524
2016-03-18,0.05756223917110376,0.001479902918368555,0.2759381898454746,0.0003255208333333333,0.2969738366049951,0.0008606666724044444
2016-03-20,0.05741286162926219,0.0014784151389710231,0.2764722145424385,0.0003255208333333333,0.2959893443836022,0.0008624407072013799
2016-03-21,0.05741286162926219,0.0014784151389710231,0.2764722145424385,0.0003255208333333333,0.2959893443836022,0.0008624407072013799
2016-03-22,0.05767012687427912,0.001486988847583643,0.2792828017650673,0.00033025099075297226,0.2943167436795479,0.0008652015919709292
2016-03-23,0.056929128927398286,0.0014677821811243212,0.27152515680577805,0.00032530904359141186,0.2938410907381288,0.0008579272477693892
2016-03-24,0.05684983684096827,0.0014702422959303695,0.27163579073178684,0.0003259452411994785,0.29673590504451036,0.0008572285800008573
2016-03-25,0.05708609725187528,0.0014696156954956277,0.27151778441487917,0.0003255208333333333,0.29673590504451036,0.0008578904473898682
2016-03-27,0.05736477687970032,0.001468773867575348,0.27407021678954147,0.0003255208333333333,0.2970444081390168,0.0008587745287474773
2016-03-28,0.05736477687970032,0.001468773867575348,0.27407021678954147,0.0003255208333333333,0.2970444081390168,0.0008587745287474773
2016-03-29,0.057670792050658025,0.0014714537963507945,0.2748536404364676,0.0003272251308900524,0.29781404491035796,0.0008649396704579855
2016-03-30,0.05796866214124645,0.001488095238095238,0.2775850104094379,0.0003303600925008259,0.2983471567515962,0.0008754650908295032
2016-03-31,0.057979417306856074,0.0014916467780429594,0.27862914460852606,0.00033344448149383126,0.2967799376762131,0.0008777704630239193
2016-04-01,0.05778676683039584,0.0014920919128618322,0.28125439459991564,0.0003295978905735003,0.3015681544028951,0.0008711939713377184
2016-04-03,0.05720692890322876,0.00148787382829936,0.2762049440684988,0.00032562683165092806,0.2995895622996495,0.0008688852202624033
2016-04-04,0.05720692890322876,0.00148787382829936,0.2762049440684988,0.00032562683165092806,0.2995895622996495,0.0008688852202624033
2016-04-05,0.0565294320487962,0.0014814814814814814,0.27193125577853916,0.00032425421530479895,0.2990251779199809,0.000861957505494979
2016-04-06,0.056696734835040855,0.0014827995255041518,0.2747554676338059,0.00032414910858995135,0.2971326697370376,0.0008633714655730628
2016-04-07,0.05592903723755299,0.0014604936468526361,0.2712011498928755,0.0003215434083601286,0.29550827423167847,0.0008638935683123839
2016-04-08,0.056290458767238954,0.0014631006027974484,0.2784972289525719,0.0003232062055591467,0.29522909777987716,0.000869376222560313
2016-04-10,0.05666171820994301,0.0014725371815638344,0.286360642593282,0.000326797385620915,0.29708853238265004,0.0008760402978537013
2016-04-11,0.05666171820994301,0.0014725371815638344,0.286360642593282,0.000326797385620915,0.29708853238265004,0.0008760402978537013
2016-04-12,0.05719907566293728,0.001486988847583643,0.2868452756583099,0.0003316749585406302,0.3046272885125049,0.0008749059476106318
2016-04-13,0.05717062573249865,0.0014953047431066453,0.281214848143982,0.00033302251232183294,0.307323519468945,0.0008722578394173317
2016-04-14,0.057578479467514224,0.0015078407720144752,0.2856163601051068,0.00033397902611715985,0.3063256241384592,0.0008707009142359599
2016-04-15,0.056950202742721764,0.0015014338693452246,0.2828694274722788,0.0003338006542492823,0.30595074193054916,0.0008721817626793424
2016-04-18,0.057381235188468674,0.0015071590052750565,0.2767400027674,0.00033311125916055963,0.3063256241384592,0.0008732099196646874
2016-04-19,0.05769441575749883,0.0015167602002123465,0.2833663927458204,0.0003453038674033149,0.30630685821055537,0.0008871933637936388
2016-04-20,0.05798412394686336,0.0015194104687381296,0.28348688873139616,0.0003450417500517563,0.30869914181638575,0.0008841732979664014
2016-04-21,0.05726720879624327,0.0015019074224264816,0.2835672763363108,0.00034048348655090226,0.30875632950475485,0.0008800880088008801
2016-04-22,0.05726065048098947,0.0014976113099606128,0.279376431804213,0.00033932813030200206,0.3071913494915983,0.0008710801393728223
2016-04-24,0.05693658403270437,0.0014945449110745778,0.2813572674582185,0.0003370407819346141,0.30595074193054916,0.0008710801393728223
2016-04-25,0.05693658403270437,0.0014945449110745778,0.2813572674582185,0.0003370407819346141,0.30595074193054916,0.0008710801393728223
2016-04-26,0.057547332681130235,0.0014952153110047847,0.2839134631764238,0.00033840947546531303,0.30483158055174514,0.0008721437292865866
2016-04-27,0.0578091488759011,0.0015051173991571343,0.2837201384554276,0.00034106412005457026,0.30553009471432935,0.0008680555555555555
2016-04-28,0.05795757505505969,0.0015118529269472665,0.2867712425797941,0.0003473428273706148,0.3050640634533252,0.0008770775775117308
2016-04-29,0.058014735742878694,0.001513431706394249,0.28977108084613157,0.0003513086246267346,0.3060912151821243,0.0008729431277552268
2016-05-01,0.05816185280398292,0.001513637877274241,0.2857224492128347,0.00035285815102328866,0.3065134099616858,0.0008804754567466431
2016-05-02,0.05816185280398292,0.001513637877274241,0.2857224492128347,0.00035285815102328866,0.3065134099616858,0.0008804754567466431
2016-05-03,0.056813985330628994,0.0014952153110047847,0.28046557285093254,0.00035310734463276836,0.3033520400424693,0.0008707388218903739
2016-05-04,0.056269553669900295,0.0014905351021016545,0.2818171570285199,0.00033886818027787193,0.30057108506161706,0.000858700785711219
2016-05-05,0.055912776069331836,0.0014972301242701003,0.2828054298642534,0.00033910949845705177,0.30066145520144316,0.0008578168561012224
2016-05-06,0.05605004147703069,0.0015056839569374389,0.28583678719451194,0.0003365870077415012,0.3006433768264085,0.0008551028261148403
2016-05-07,0.054962872579572504,0.0014770394221821782,0.2841716396703609,0.00033818058843422386,0.3021604471974619,0.0008521153764219676
2016-05-08,0.054962872579572504,0.0014770394221821782,0.2841716396703609,0.00033818058843422386,0.3021604471974619,0.0008521153764219676
2016-05-09,0.054962872579572504,0.0014770394221821782,0.2841716396703609,0.00033818058843422386,0.3021604471974619,0.0008521153764219676
2016-05-10,0.05559385354355222,0.0014742739200943537,0.2877946297522088,0.0003362474781439139,0.3009781790820166,0.0008540438978563498
2016-05-11,0.05560467301672032,0.0014718869590815426,0.28902569438423076,0.00033886818027787193,0.3007518796992481,0.0008598821961391289
2016-05-12,0.055684558115189076,0.0014611338398597311,0.28715828164484264,0.0003402517863218782,0.3014954172696575,0.0008551393877201983
2016-05-13,0.05510370517313584,0.0014466336834186848,0.28298149301035713,0.00033433634236041456,0.3007518796992481,0.0008506294658046956
2016-05-15,0.05464600319132658,0.0014416284635123836,0.2857142857142857,0.00033068783068783067,0.3007518796992481,0.0008494011721736177
2016-05-16,0.05464600319132658,0.0014416284635123836,0.2857142857142857,0.00033068783068783067,0.3007518796992481,0.0008494011721736177
2016-05-17,0.05466063942015994,0.0014524328249818446,0.28660686136826113,0.0003315649867374005,0.3004085556356645,0.0008526239502067614
2016-05-18,0.054275262420893804,0.0014378145219266715,0.28067024053439615,0.0003307972213033411,0.30234315948601664,0.0008435970980259827
2016-05-19,0.0543153549508446,0.0014410260105194898,0.2806623631770979,0.00032730010146303143,0.2999760019198464,0.0008422471153036301
2016-05-20,0.05433306166802499,0.0014467592592592592,0.28224668360146765,0.00032815935418239095,0.3001200480192077,0.0008419989054014229
2016-05-22,0.05400442836312578,0.0014417531718569781,0.28008850796851803,0.000326797385620915,0.3004085556356645,0.0008461310657020773
2016-05-23,0.05400442836312578,0.0014417531718569781,0.28008850796851803,0.000326797385620915,0.3004085556356645,0.0008461310657020773
2016-05-24,0.05412514816759311,0.0014396775122372588,0.2801277382486414,0.00032690421706440013,0.2993653454676087,0.0008429926238145417
2016-05-25,0.05408416577878495,0.0014461315979754157,0.2791346824842987,0.00032680806562305955,0.2993743076969134,0.0008467042038863723
2016-05-26,0.0542255239541252,0.0014560279557367503,0.2789089083505327,0.0003276754702142997,0.2996703626011387,0.0008488964346349745
2016-05-27,0.0542408183854678,0.0014541224371092045,0.2767093721464346,0.00032578595862518323,0.2993474226186913,0.0008467759007578644
2016-05-29,0.05408445829006577,0.0014530659691950013,0.2801120448179272,0.0003280301787764474,0.2993474226186913,0.0008392077878482713
2016-05-30,0.05408445829006577,0.0014530659691950013,0.2801120448179272,0.0003280301787764474,0.2993474226186913,0.0008392077878482713
2016-05-31,0.05417528956692273,0.0014449405406967502,0.2778935667639294,0.00032362459546925567,0.2972651605231867,0.0008410075270173669
2016-06-01,0.05405376187155745,0.0014478065730418415,0.2766557848724617,0.0003208213025344883,0.2965687001393873,0.0008385392646010649
2016-06-02,0.053559282091382845,0.001450536698578474,0.27887001868429123,0.00032444357926156644,0.2978672703443345,0.0008429215661482699
2016-06-03,0.05383927898437584,0.0014667057788207687,0.2838087129274869,0.0003312355084465055,0.2996703626011387,0.0008565310492505353
2016-06-05,0.05355239834415984,0.0014724938155259747,0.2866890284108827,0.0003312355084465055,0.3008966720828068,0.0008604000860400087
2016-06-06,0.05355239834415984,0.0014724938155259747,0.2866890284108827,0.0003312355084465055,0.3008966720828068,0.0008604000860400087
2016-06-07,0.05438980082454938,0.0014734050390452335,0.2908583229109101,0.00033944331296673454,0.3018867924528302,0.0008659508139937652
2016-06-08,0.0551855060786835,0.0014847809948032665,0.29753049687592975,0.0003399972800217598,0.3031221582297666,0.000868017881168352
2016-06-09,0.05481043809983173,0.0014762326542663124,0.2941349491146538,0.00034002040122407346,0.3037482534475427,0.0008623291510369507
2016-06-10,0.05372156114856698,0.001462736780516346,0.29261155815654716,0.00034046030232874846,0.30225177572918244,0.0008541168431841476
2016-06-12,0.05307996496722312,0.0014619028127010117,0.28723251472066635,0.0003340348064268297,0.3004356316659156,0.0008538615890364171
2016-06-13,0.05307996496722312,0.0014619028127010117,0.28723251472066635,0.0003340348064268297,0.3004356316659156,0.0008538615890364171
2016-06-14,0.05284853609555015,0.0014509576320371445,0.287463707706902,0.0003333333333333333,0.30048979837134526,0.0008503401360544217
2016-06-15,0.0528885057410473,0.00145623998835008,0.28794379337153386,0.0003351206434316354,0.2999850007499625,0.0008565677330934944
2016-06-16,0.05286474027553103,0.0014534883720930232,0.28866693608914035,0.0003316749585406302,0.30225177572918244,0.0008500510030601835
2016-06-17,0.053126494182648885,0.0014619883040935672,0.29262012055948966,0.00033478406427854036,0.3004356316659156,0.0008535700567624088
2016-06-19,0.053651234783168536,0.0014764506127270044,0.2945421342523048,0.0003360215053763441,0.30225177572918244,0.0008649770781074302
2016-06-20,0.053651234783168536,0.0014764506127270044,0.2945421342523048,0.0003360215053763441,0.30225177572918244,0.0008649770781074302
2016-06-21,0.053730220562555414,0.0014801657785671995,0.2928858038250886,0.00033622486719117747,0.30429358244834614,0.0008671146759158899
2016-06-22,0.05432243625262106,0.0014832393948383269,0.29606821411653245,0.00034304140509759526,0.30441400304414,0.0008716495968620615
2016-06-23,0.05502911039940128,0.0014945449110745778,0.2994729276473407,0.000343878954607978,0.3044325377496347,0.0008755034144633163
2016-06-24,0.05285412262156448,0.0014736004479745362,0.29433406916850624,0.0003372681281618887,0.3050640634533252,0.0008577432774370631
2016-06-26,0.05231603067812039,0.00146864444118079,0.29479393903661344,0.00032703250703119887,0.3022974607013301,0.0008465608465608466
2016-06-27,0.05231603067812039,0.00146864444118079,0.29479393903661344,0.00032703250703119887,0.3022974607013301,0.0008465608465608466
2016-06-28,0.05316066748534094,0.0015008254539997,0.3016864271276435,0.000333000333000333,0.30134096730450505,0.0008554685829162923
2016-06-29,0.05399976240104544,0.0015126991090202247,0.3086229245108326,0.00034376074252320387,0.3033060357901122,0.0008663259118080222
2016-06-30,0.054609297779039855,0.0015119443604475356,0.31120654778576545,0.00034255960537133464,0.30419176248707186,0.000868357068426537
2016-07-01,0.05448552047293432,0.0015140733114297393,0.3091094556582486,0.00034106412005457026,0.30456234391179876,0.0008703220191470844
2016-07-03,0.054287342906001464,0.0015232292460015233,0.3037943919555245,0.00034107575292472456,0.30456234391179876,0.0008703220191470844
2016-07-04,0.054287342906001464,0.0015232292460015233,0.3037943919555245,0.00034107575292472456,0.30456234391179876,0.0008703220191470844
2016-07-05,0.05308672778718593,0.0015108022359873092,0.3030119386703836,0.0003361344537815126,0.30441400304414,0.0008651267410675663
2016-07-06,0.05332195798229711,0.0015114873035066505,0.30027324865627725,0.00033357795716859026,0.30539013589861047,0.0008616604196286244
2016-07-07,0.0530957475615778,0.001506931886678722,0.29712384121701924,0.0003351992759695639,0.30553009471432935,0.000865838347980432
2016-07-08,0.05408972403422798,0.0015176809834572774,0.3034532985373551,0.00034153005464480874,0.30576364470264483,0.000870170553428472
2016-07-10,0.05417030059099798,0.0015132255916712064,0.3032600454890068,0.00034071550255536625,0.3056234718826406,0.0008695652173913044
2016-07-11,0.05417030059099798,0.0015132255916712064,0.3032600454890068,0.00034071550255536625,0.3056234718826406,0.0008695652173913044
2016-07-12,0.0545720460151492,0.0015160703456640388,0.3034809262237868,0.000343335851129575,0.30502684236212785,0.0008729431277552268
2016-07-13,0.05439690155248757,0.0015211439002129601,0.30625995344848705,0.0003403675970047651,0.3048780487804878,0.0008732480461074968
2016-07-14,0.054461484837922625,0.001537988311288834,0.30889939146819884,0.0003429355281207133,0.3052969012364524,0.0008849714154232818
2016-07-15,0.05377789728421619,0.0015276504735716467,0.3047758373716132,0.0003425713404816553,0.3050640634533252,0.0008831191769329272
2016-07-17,0.05443569239478942,0.001543448062972681,0.30737075059937297,0.00034211426616489907,0.3051571559353067,0.0008813290441986515
2016-07-18,0.05443569239478942,0.001543448062972681,0.30737075059937297,0.00034211426616489907,0.3051571559353067,0.0008813290441986515
2016-07-19,0.05418350870728985,0.0015339776039269828,0.3075787401574803,0.00034094783498124785,0.30441400304414,0.0008770006577504934
2016-07-20,0.05352660004389181,0.0015342129487572877,0.3068143466388488,0.000341541719321015,0.30317729808391947,0.0008757717738757281
2016-07-21,0.05387843946487934,0.0015375153751537515,0.3056047918831367,0.000341541719321015,0.30125926372235945,0.0008794301292762291
2016-07-22,0.05376344086021505,0.001537988311288834,0.3071630421427694,0.0003400782179901377,0.30066145520144316,0.0008792754770069463
2016-07-24,0.05326430279690854,0.0015179113539769279,0.3042658066086533,0.00033189512114171923,0.3010687942194792,0.0008757334267448988
2016-07-25,0.05326430279690854,0.0015179113539769279,0.3042658066086533,0.00033189512114171923,0.3010687942194792,0.0008757334267448988
2016-07-26,0.053319683494358776,0.0015146925174189638,0.3055674387337285,0.0003266906239790918,0.2971326697370376,0.0008802816901408451
2016-07-27,0.0530889824434735,0.0015053439710973958,0.3064758343804591,0.00032452781203349125,0.2986857825567503,0.0008806305314605257
2016-07-28,0.05294450886026356,0.0015051173991571343,0.3047108294228777,0.00032310177705977385,0.2992847095441894,0.0008888888888888889
2016-07-29,0.05331058748267406,0.0015270905870136216,0.30864197530864196,0.0003257328990228013,0.2971768202080238,0.0008992401420799425
2016-07-31,0.053019458141137794,0.00151952590791673,0.30652280529671405,0.0003238446840895107,0.29861442904921165,0.0009035464196973119
2016-08-01,0.053019458141137794,0.00151952590791673,0.30652280529671405,0.0003238446840895107,0.29861442904921165,0.0009035464196973119
2016-08-02,0.05285831329122287,0.0015260186174271327,0.3070027323243177,0.0003223726627981947,0.2996793431028799,0.0009039956608208281
2016-08-03,0.05296077195621203,0.0015239256324291372,0.3089757454039858,0.00032351989647363315,0.2985609362870962,0.0008970621215519175
2016-08-04,0.052880115490172235,0.0015264845061822622,0.31345997116168267,0.00032583903551645487,0.29940119760479045,0.000898916805249674
2016-08-05,0.05322178048144422,0.001524413481912834,0.316105579263474,0.0003284072249589491,0.3009781790820166,0.0008971426008163996
2016-08-07,0.05393772350444177,0.001528117359413203,0.31527839081909326,0.000333667000333667,0.3005259203606311,0.0009032199792259404
2016-08-08,0.05393772350444177,0.001528117359413203,0.31527839081909326,0.000333667000333667,0.3005259203606311,0.0009032199792259404
2016-08-09,0.054241112593701526,0.0015332720024532351,0.3178841630109988,0.0003354579000335458,0.30116853391157694,0.0009080590238365494
2016-08-10,0.05431712510320254,0.0015420200462606013,0.3196113525952442,0.00034006665306400053,0.3023888720895071,0.0009127835333850578
2016-08-11,0.05486366379546826,0.001557632398753894,0.31825848954520863,0.0003462483986011565,0.3024803387779794,0.0009102079825240066
2016-08-12,0.05468664552116373,0.001536806516059628,0.3132145206251762,0.00034169343265222444,0.3037298019681691,0.0009074410163339383
2016-08-14,0.05533391249495078,0.0015415683916816967,0.31399145943230344,0.00034153005464480874,0.3022974607013301,0.0009126585744273067
2016-08-15,0.05533391249495078,0.0015415683916816967,0.31399145943230344,0.00034153005464480874,0.3022974607013301,0.0009126585744273067
2016-08-16,0.055324116335551836,0.0015354143315573709,0.3124218945263684,0.0003455425017277125,0.30234315948601664,0.0009134088417975887
2016-08-17,0.05516815252890811,0.0015223248945790012,0.31084861672365555,0.00034352456200618345,0.3024345985180705,0.0008981094795455566
2016-08-18,0.05500096251684405,0.0015209356796301084,0.3088040020998672,0.0003474031613687685,0.30293850348379275,0.0009002925950934053
2016-08-19,0.054830573527799104,0.0015105968368102237,0.3119346185039616,0.00034904013961605586,0.30372057706909644,0.0008954154727793697
2016-08-20,0.05464988550848986,0.0014965803139825498,0.3125195324707794,0.0003480682213713888,0.3004807692307692,0.0008913450396648542
2016-08-21,0.05464988550848986,0.0014965803139825498,0.3125195324707794,0.0003480682213713888,0.3004807692307692,0.0008913450396648542
2016-08-22,0.05464988550848986,0.0014965803139825498,0.3125195324707794,0.0003480682213713888,0.3004807692307692,0.0008913450396648542
2016-08-23,0.05392957875606034,0.0014881173826991473,0.310896937665164,0.00034317089910775565,0.2990877822640945,0.0008956560680698612
2016-08-24,0.05412397638029671,0.0014925373134328358,0.31010636648370393,0.00034048348655090226,0.2976633427593392,0.000892299455697332
2016-08-25,0.054484036177400025,0.0015098897780462027,0.3097893432465923,0.00034411562284927734,0.29905200514369445,0.0008966197435667534
2016-08-26,0.0537692224970427,0.0014883388649927817,0.3063256241384592,0.0003450655624568668,0.2995626385477203,0.0008916629514043691
2016-08-28,0.05367600092322722,0.0014898910889613968,0.30950170225936247,0.0003425361375625128,0.2983738624496494,0.0008916629514043691
2016-08-29,0.05367600092322722,0.0014898910889613968,0.30950170225936247,0.0003425361375625128,0.2983738624496494,0.0008916629514043691
2016-08-30,0.053138351010691434,0.0014854426619132501,0.30882307526018343,0.0003401360544217687,0.296428042092782,0.0008933357155619081
2016-08-31,0.05324189924502987,0.0014703936243732447,0.3097989404876235,0.00033754134881522986,0.29511583296443855,0.0008963786303334529
2016-09-01,0.053310303282315376,0.0014703720041170415,0.3073329645337759,0.0003347168295621904,0.29562184054157925,0.0008947344875408222
2016-09-02,0.053821313240043064,0.0014890923981833073,0.3076923076923077,0.00033472803347280337,0.29472443265546716,0.000897827258035554
2016-09-04,0.05375188131584606,0.0014855529971031717,0.3058758755696938,0.00034071550255536625,0.2996793431028799,0.0009057971014492754
2016-09-05,0.05375188131584606,0.0014855529971031717,0.3058758755696938,0.00034071550255536625,0.2996793431028799,0.0009057971014492754
2016-09-06,0.05469651637887184,0.0015094567465169285,0.3127736769673464,0.00034940600978336826,0.29438605787629896,0.0009141603437242892
2016-09-07,0.05441584589432443,0.0015103686809950308,0.313302838523717,0.0003534817956875221,0.29745969421143437,0.0009173891105912573
2016-09-08,0.05354924388467635,0.001504664459825459,0.3109839532280135,0.000351000351000351,0.29816924086111274,0.0009127835333850578
2016-09-09,0.05308419152776303,0.0014888706915804364,0.30590394616090544,0.0003455425017277125,0.29816924086111274,0.0009049773755656109
2016-09-11,0.05312310748929569,0.0014981497850155058,0.3079007328037441,0.0003407619437061269,0.2942474621156393,0.0009007386056566384
2016-09-12,0.05312310748929569,0.0014981497850155058,0.3079007328037441,0.0003407619437061269,0.2942474621156393,0.0009007386056566384
2016-09-13,0.05232944525555085,0.0014788742808973807,0.3017046311660884,0.0003360215053763441,0.2934272300469484,0.0008871146595697493
2016-09-14,0.051844363221608736,0.0014828215127745074,0.2992041170486506,0.00033898305084745765,0.2944207272191962,0.0008898380494749956
2016-09-15,0.0516977542495554,0.0014894250819183796,0.30298439630359036,0.00033944331296673454,0.29507229271171437,0.0008882177910023539
2016-09-16,0.05119331620063684,0.0014829314589079692,0.30656039239730226,0.00034153005464480874,0.2955519432540269,0.0008873901854645487
2016-09-18,0.05086858102093242,0.0014817009927396653,0.3052969012364524,0.0003419972640218878,0.29502006136417275,0.0008939346533768381
2016-09-19,0.05086858102093242,0.0014817009927396653,0.3052969012364524,0.0003419972640218878,0.29502006136417275,0.0008939346533768381
2016-09-20,0.0504179649292636,0.001491001804112183,0.3069933075458955,0.00034370166695308474,0.2952203820151743,0.0008950948800572861
2016-09-21,0.050727946025465424,0.0015101405940893095,0.3114973678472417,0.00034591303746238193,0.29521166676507055,0.0008989572096368212
2016-09-22,0.05097697370097926,0.0015172434720599614,0.3106940905983968,0.00034818941504178273,0.29708853238265004,0.0009078117198493033
2016-09-23,0.05068423720223011,0.0015145778114350624,0.3082614056720098,0.0003429355281207133,0.2998141152485459,0.0009067416239742487
2016-09-25,0.0502704550481591,0.0015103686809950308,0.308546744831842,0.0003428414701042238,0.29806259314456035,0.0009044862518089726
2016-09-26,0.0502704550481591,0.0015103686809950308,0.308546744831842,0.0003428414701042238,0.29806259314456035,0.0009044862518089726
2016-09-27,0.051585213614369574,0.0015105968368102237,0.3092337188447028,0.00034674063800277393,0.2971326697370376,0.0009115770282588879
2016-09-28,0.051650491454426184,0.0015186259472429345,0.31062653371851023,0.00034352456200618345,0.29738008148214234,0.000914703864623828
2016-09-29,0.051195674989376896,0.0015165531779371844,0.30686142138210387,0.00034698126301179735,0.2973889252364242,0.0009113278046113187
2016-09-30,0.05170630816959669,0.0015207968975743291,0.3066073892380807,0.0003486750348675035,0.2952029520295203,0.0009104980424292088
2016-10-02,0.05180837119661795,0.0015156337622576881,0.3115555970963018,0.00034106412005457026,0.2957267484844004,0.000905961224859576
2016-10-03,0.05180837119661795,0.0015156337622576881,0.3115555970963018,0.00034106412005457026,0.2957267484844004,0.000905961224859576
2016-10-04,0.051783152869045584,0.001507863508195238,0.30707815138952865,0.00033610056128793734,0.29550827423167847,0.0009009009009009009
2016-10-05,0.05206380940480653,0.0015080681646810435,0.30913812291331766,0.0003367003367003367,0.2949852507374631,0.0008981498113885396
2016-10-06,0.05204565444808186,0.0015015240469076112,0.3099717925668764,0.0003405994550408719,0.29411764705882354,0.000895295223599982
2016-10-07,0.05186184005808526,0.0014947906545688277,0.3104625892579944,0.0003419972640218878,0.29344445096543226,0.000895776414207014
2016-10-09,0.05286110744020087,0.0014939867035183387,0.312090381374446,0.0003418219107844813,0.2939620201070022,0.0009008603216071349
2016-10-10,0.05286110744020087,0.0014939867035183387,0.312090381374446,0.0003418219107844813,0.2939620201070022,0.0009008603216071349
2016-10-11,0.05289242210268534,0.0014997225513280045,0.31293027913380894,0.00034239539820584813,0.2947678703021371,0.000888375605205881
2016-10-12,0.05274289421357707,0.0015022007240607488,0.3123243175713661,0.0003444712366517396,0.293866995797702,0.0008872327211427558
2016-10-13,0.05276237409578482,0.0014898023032343607,0.3145940164218077,0.00034429333792391115,0.2940744008234083,0.0008823010411152285
2016-10-14,0.05263157894736842,0.0014920251257031169,0.3124511795032026,0.00034258307639602604,0.29398794649419374,0.0008818342151675485
2016-10-16,0.053032954678036925,0.0014932059130954157,0.3127932436659368,0.00034258307639602604,0.29411764705882354,0.0008789663355893469
2016-10-17,0.053032954678036925,0.0014932059130954157,0.3127932436659368,0.00034258307639602604,0.29411764705882354,0.0008789663355893469
2016-10-18,0.05376055050803721,0.0014977010289206067,0.3139126067302863,0.0003443526170798898,0.29448141822251017,0.0008888493844718013
2016-10-19,0.05401434621035347,0.001504234419891996,0.3157263284185268,0.00034302963776070255,0.29607698001480387,0.0008921004505107275
2016-10-20,0.05373166406963623,0.0015006002400960385,0.3184713375796178,0.0003418803418803419,0.2964719833975689,0.0008857395925597874
2016-10-21,0.05370569280343716,0.0015014564127203388,0.3169572107765452,0.00033995104704922493,0.29619098394644866,0.0008792368224381238
2016-10-23,0.053938014433812666,0.0015190873323307358,0.3202356934703942,0.00034106412005457026,0.29784065524944153,0.0008814067251333128
2016-10-24,0.053938014433812666,0.0015190873323307358,0.3202356934703942,0.00034106412005457026,0.29784065524944153,0.0008814067251333128
2016-10-25,0.054004136716872514,0.0015318862114922103,0.3214813862277374,0.00034107575292472456,0.29753049687592975,0.000885661146045523
2016-10-26,0.05349510252336399,0.001529777111474858,0.3184713375796178,0.00033694992924051485,0.29850746268656714,0.0008801267382503081
2016-10-27,0.0530698239673939,0.001537539015052507,0.3158859020121932,0.00033755274261603374,0.2978229144950413,0.000872905027932961
2016-10-28,0.05273816555564931,0.001529987760097919,0.3123730984287633,0.00033500837520938025,0.2972651605231867,0.0008721437292865866
2016-10-30,0.05300400180213607,0.0015328019619865114,0.3125683743318851,0.00033344448149383126,0.297441998810232,0.0008733243089821405
2016-10-31,0.05300400180213607,0.0015328019619865114,0.3125683743318851,0.00033344448149383126,0.297441998810232,0.0008733243089821405
2016-11-01,0.05215232651528584,0.0015373971865631484,0.3090712409210323,0.000328515111695138,0.29739776951672864,0.0008725242125468982
2016-11-02,0.05161450161037245,0.0015408320493066256,0.3071913494915983,0.0003260089978483406,0.2973093503790694,0.0008737439930100481
2016-11-03,0.05220732573194671,0.0015353907569476432,0.3066826141626031,0.00032615786040443573,0.2955519432540269,0.0008748523686627882
2016-11-04,0.05266151285994144,0.0015253203172666259,0.309281538984938,0.000326797385620915,0.2960156296252442,0.0008762705923589204
2016-11-06,0.05380191211995674,0.001532238293699436,0.3123633410382957,0.0003276110601493906,0.29586674161957455,0.000875580071797566
2016-11-07,0.05380191211995674,0.001532238293699436,0.3123633410382957,0.0003276110601493906,0.29586674161957455,0.000875580071797566
2016-11-08,0.05466870763175158,0.0015460729746444033,0.3154375118289067,0.00033760972316002703,0.29673590504451036,0.0008861320336730173
2016-11-09,0.050328392762777126,0.001541188256145488,0.3092050338579512,0.00033305578684429644,0.29559562518474725,0.000864528399757932
2016-11-10,0.048707308044499,0.0015161852778409523,0.2948460903408421,0.0003214400514304082,0.2970444081390168,0.0008598082627574051
2016-11-11,0.04808385824878588,0.0014992503748125937,0.29489826010026543,0.0003209139629665287,0.2949852507374631,0.0008554685829162923
2016-11-13,0.04836852949996614,0.0014918915693207418,0.2909598766330123,0.0003208213025344883,0.2936857562408223,0.0008536793580331227
2016-11-14,0.04836852949996614,0.0014918915693207418,0.2909598766330123,0.0003208213025344883,0.2936857562408223,0.0008536793580331227
2016-11-15,0.04940442960115804,0.0014894472661195431,0.29041064064587324,0.00032206119162640903,0.2924831822170225,0.0008555783709787817
2016-11-16,0.04946748255034553,0.0014824258416472715,0.29040220705677366,0.0003205128205128205,0.29282576866764276,0.0008526603001364257
2016-11-17,0.048929424198536034,0.0014788742808973807,0.2913752913752914,0.0003168567807351077,0.2940744008234083,0.0008504124500382685
2016-11-18,0.048478972245788385,0.001475535619429853,0.29479393903661344,0.00031436655139893113,0.29420417769932333,0.000847457627118644
2016-11-19,0.048932297273492395,0.0014806040864672786,0.2953424495702767,0.0003179650238473768,0.29411764705882354,0.0008486803021301876
2016-11-20,0.048932297273492395,0.0014806040864672786,0.2953424495702767,0.0003179650238473768,0.29411764705882354,0.0008486803021301876
2016-11-21,0.048932297273492395,0.0014806040864672786,0.2953424495702767,0.0003179650238473768,0.29411764705882354,0.0008486803021301876
2016-11-22,0.048606925514747344,0.0014781310510989904,0.2973093503790694,0.00031867431485022306,0.29325513196480935,0.000849509408316697
2016-11-23,0.04844820402507679,0.0014775632027659983,0.29178338001867415,0.0003155569580309246,0.29171528588098017,0.0008482483671218932
2016-11-24,0.04821856511193939,0.0014771048744460858,0.29489826010026543,0.00031525851197982345,0.29171528588098017,0.0008493290300662476
2016-11-25,0.04851778176701761,0.0014740783325225904,0.29235491887151,0.0003158559696778269,0.29325513196480935,0.0008508827908955541
2016-11-26,0.04854039045890085,0.0014808233377758035,0.2937375161555634,0.000318775900541919,0.2927829014785536,0.0008545547769612032
2016-11-27,0.04854039045890085,0.0014808233377758035,0.2937375161555634,0.000318775900541919,0.2927829014785536,0.0008545547769612032
2016-11-28,0.04854039045890085,0.0014808233377758035,0.2937375161555634,0.000318775900541919,0.2927829014785536,0.0008545547769612032
2016-11-29,0.048533794080818475,0.001487652484379649,0.2893602245435342,0.00031645569620253165,0.29235491887151,0.0008563476771569257
2016-11-30,0.048653040571770535,0.00148040681579298,0.29359091042541324,0.00032530904359141186,0.29301453352086265,0.0008497981729339282
2016-12-01,0.04815123339384338,0.001485001485001485,0.2796889858477373,0.00032562683165092806,0.29329813755682654,0.0008549566109519941
2016-12-02,0.04847145273791001,0.0014912463837275193,0.28776978417266186,0.00032425421530479895,0.2929973630237328,0.0008567511994516792
2016-12-04,0.048558539747592715,0.0015044607260527464,0.29234637198152374,0.0003295978905735003,0.2928600714578574,0.0008569200579277959
2016-12-05,0.048558539747592715,0.0015044607260527464,0.29234637198152374,0.0003295978905735003,0.2928600714578574,0.0008569200579277959
2016-12-06,0.04907180677485364,0.0015204500532157517,0.2934272300469484,0.0003332222592469177,0.2928600714578574,0.0008543868492776158
2016-12-07,0.049203154906292595,0.0015271372285513576,0.29563932002956395,0.0003330668798294697,0.29385836027034967,0.0008641921963444669
2016-12-08,0.049258899851730716,0.0015283742682908191,0.2962699611886351,0.0003332222592469177,0.29398794649419374,0.0008600744824501801
2016-12-09,0.049060491586125694,0.0015346603029419439,0.2960331557134399,0.0003326016097917914,0.29261155815654716,0.0008536866457798
2016-12-10,0.049529715352725864,0.0015410695022345508,0.29955366503909175,0.00033467202141900936,0.29433406916850624,0.0008581849388543231
2016-12-11,0.049529715352725864,0.0015410695022345508,0.29955366503909175,0.00033467202141900936,0.29433406916850624,0.0008581849388543231
2016-12-12,0.049529715352725864,0.0015410695022345508,0.29955366503909175,0.00033467202141900936,0.29433406916850624,0.0008581849388543231
2016-12-13,0.049304802287742824,0.0015372790161414297,0.29986805805445604,0.00033692722371967657,0.2946810078090467,0.000860059688142357
2016-12-14,0.04889592990279489,0.0015182109402280353,0.29673590504451036,0.000337689528247729,0.2954646181119811,0.0008482987368831808
2016-12-15,0.049103854652590234,0.0015047097414908662,0.2968239833778569,0.0003332777870354941,0.29410034703840954,0.0008448157879174446
2016-12-16,0.049034750927982665,0.001485222040695084,0.29482870452267235,0.00033266799733865603,0.2940744008234083,0.0008438320099234645
2016-12-18,0.0491393247273996,0.0014758187104296108,0.2971944840703757,0.0003328451604313673,0.2929029612489382,0.0008425806560332989
2016-12-19,0.0491393247273996,0.0014758187104296108,0.2971944840703757,0.0003328451604313673,0.2929029612489382,0.0008425806560332989
2016-12-20,0.048890431653621065,0.0014777597162701343,0.29813368314352157,0.0003337783711615487,0.2942907592701589,0.0008394966378159655
2016-12-21,0.04862181466336687,0.001483459427384661,0.3006162633398467,0.00033400133600534405,0.2949417490045716,0.0008380473496752566
2016-12-22,0.04821624019402215,0.0014777597162701343,0.304228780042592,0.0003337783711615487,0.2950287653046172,0.0008302958344057987
2016-12-23,0.04863458405271989,0.0014854647276400421,0.30576364470264483,0.000333555703802535,0.2959893443836022,0.0008341327105142428
2016-12-24,0.048504367818322035,0.0014847809948032665,0.3052223544852425,0.000333667000333667,0.2954646181119811,0.0008342440497543151
2016-12-25,0.048504367818322035,0.0014847809948032665,0.3052223544852425,0.000333667000333667,0.2954646181119811,0.0008342440497543151
2016-12-26,0.048504367818322035,0.0014847809948032665,0.3052223544852425,0.000333667000333667,0.2954646181119811,0.0008342440497543151
2016-12-27,0.04820159836500178,0.0014846928170561512,0.3058103975535168,0.00033422459893048126,0.296428042092782,0.0008293180517660329
2016-12-28,0.04822414582981699,0.001485222040695084,0.3044788843893676,0.0003306768956053041,0.2982937596945472,0.0008264121317300938
2016-12-29,0.04828934978390516,0.00149812734082397,0.3073613032119256,0.0003333333333333333,0.29797377830750893,0.0008298548583852685
2016-12-30,0.048274197441467534,0.0014941206353000943,0.3073613032119256,0.0003332777870354941,0.29810702042033094,0.0008293593199253577
2017-01-01,0.0482502062696318,0.0014927601134497688,0.30437694040299507,0.0003332777870354941,0.2969561989606533,0.0008314279775514446
2017-01-02,0.0482502062696318,0.0014927601134497688,0.30437694040299507,0.0003332777870354941,0.2969561989606533,0.0008314279775514446
2017-01-03,0.04738034094893347,0.0014854426619132501,0.30630685821055537,0.0003357845606259024,0.29469837621194706,0.0008295794861584662
2017-01-04,0.046671831682706215,0.0014911352012286954,0.3109162702484221,0.00033692722371967657,0.29584923522972695,0.0008375840725012773
2017-01-05,0.04679982777663378,0.0015096618357487923,0.3125879153511925,0.0003414717432132491,0.2976101901729115,0.0008479678450593154
2017-01-06,0.04724446649186214,0.0014992503748125937,0.3101544569195459,0.0003417634996582365,0.296428042092782,0.0008329862557267805
2017-01-07,0.046827879446307154,0.0014917802905988005,0.3127932436659368,0.00034207915711695683,0.29584923522972695,0.0008318844678851002
2017-01-08,0.046827879446307154,0.0014917802905988005,0.3127932436659368,0.00034207915711695683,0.29584923522972695,0.0008318844678851002
2017-01-09,0.046827879446307154,0.0014917802905988005,0.3127932436659368,0.00034207915711695683,0.29584923522972695,0.0008318844678851002
2017-01-10,0.04596137406123894,0.0014896469536719798,0.31291069528756493,0.00033898305084745765,0.29562184054157925,0.0008332014097767853
2017-01-11,0.04575507309372927,0.0014916467780429594,0.3128128128128128,0.0003370407819346141,0.29590176061547563,0.0008429073560524964
2017-01-12,0.04590525156077856,0.0015114873035066505,0.3136664471001537,0.0003421610894409088,0.2976633427593392,0.0008514841368505304
2017-01-13,0.0465809577044904,0.001516990291262136,0.310481867858917,0.0003397893306150187,0.2976633427593392,0.0008521516829995739
2017-01-14,0.04608103811362662,0.0015103458692040477,0.3084706027515578,0.000340506673930809,0.29691211401425177,0.0008461740241498067
2017-01-15,0.04608103811362662,0.0015103458692040477,0.3084706027515578,0.000340506673930809,0.29691211401425177,0.0008461740241498067
2017-01-16,0.04608103811362662,0.0015103458692040477,0.3084706027515578,0.000340506673930809,0.29691211401425177,0.0008461740241498067
2017-01-17,0.046525693814409005,0.0015236934328813044,0.3114197626981408,0.0003432062326251845,0.2994729276473407,0.0008626266982963123
2017-01-18,0.04566230896031489,0.0015135462388375963,0.3095687707024115,0.00034083162917518747,0.2999220202747286,0.000849725963376811
2017-01-19,0.04557282765723764,0.0015141191611779846,0.31291069528756493,0.0003404023555843007,0.3017956843217142,0.0008521589446863629
2017-01-20,0.046330615270570794,0.001524390243902439,0.31562667676672035,0.00034258307639602604,0.30353619669145543,0.0008518685737164469
2017-01-21,0.046794133887375876,0.001531041873995254,0.3161955353190413,0.00034197387319608784,0.30402529490453606,0.000861066861841822
2017-01-22,0.046794133887375876,0.001531041873995254,0.3161955353190413,0.00034197387319608784,0.30402529490453606,0.000861066861841822
2017-01-23,0.046794133887375876,0.001531041873995254,0.3161955353190413,0.00034197387319608784,0.30402529490453606,0.000861066861841822
2017-01-24,0.04646624227498722,0.0015335071308081583,0.3154872700886519,0.0003418335954057565,0.3049989325037362,0.0008557907078244945
2017-01-25,0.047425956225842406,0.0015430193803234167,0.3155071777882947,0.0003418335954057565,0.30410850591491045,0.0008612745140258555
2017-01-26,0.04715646515137226,0.0015363343063450607,0.3147326346268845,0.0003403675970047651,0.30321406913280774,0.000854562079662277
2017-01-27,0.047758913007139955,0.0015394088669950737,0.3184713375796178,0.00034146008331626033,0.3041825095057034,0.0008493867427717188
2017-01-29,0.04818046474876297,0.0015439484938782441,0.3199488081906895,0.0003417518198284406,0.30460873008620426,0.0008554832196966456
2017-01-30,0.04818046474876297,0.0015439484938782441,0.3199488081906895,0.0003417518198284406,0.30460873008620426,0.0008554832196966456
2017-01-31,0.04805890098905218,0.0015421389467190994,0.3173797130887394,0.00034359538207806486,0.306119325313007,0.0008697845543658836
2017-02-01,0.04832552070748562,0.001547748026621266,0.31966243646709075,0.0003443526170798898,0.30595074193054916,0.0008685003604276496
2017-02-02,0.048725819811918335,0.0015567836849069822,0.3201741747510646,0.0003484441966619046,0.3080714725816389,0.0008756644103713692
2017-02-03,0.04925259191764967,0.0015618898867629833,0.32080071859360965,0.00035112359550561797,0.30698388334612436,0.0008794997405475766
2017-02-04,0.04862819851975764,0.0015605493133583022,0.32104790034673175,0.00035113592471645774,0.3042750646584512,0.0008831659733813776
2017-02-05,0.04862819851975764,0.0015605493133583022,0.32104790034673175,0.00035113592471645774,0.3042750646584512,0.0008831659733813776
2017-02-06,0.04862819851975764,0.0015605493133583022,0.32104790034673175,0.00035113592471645774,0.3042750646584512,0.0008831659733813776
2017-02-07,0.048545103255434624,0.0015467425601682857,0.3205333675235592,0.00035081564637782847,0.30393289161753084,0.0008757564346204035
2017-02-08,0.04884601294419343,0.0015453562046051615,0.3208213025344883,0.0003479471120389701,0.30441400304414,0.0008730803146581455
2017-02-09,0.04916783440273373,0.001549426712116517,0.3195194427580918,0.00034998075105869175,0.3062318174858368,0.0008699661583164415
2017-02-10,0.049168801412127976,0.0015635260639794864,0.321099444497961,0.00035104963841887243,0.30776806598547335,0.0008732938022338856
2017-02-11,0.049285119343916495,0.0015578750584203148,0.32146071750032146,0.0003495037047392703,0.3075030750307503,0.0008708753167808964
2017-02-12,0.049285119343916495,0.0015578750584203148,0.32146071750032146,0.0003495037047392703,0.3075030750307503,0.0008708753167808964
2017-02-13,0.049285119343916495,0.0015578750584203148,0.32146071750032146,0.0003495037047392703,0.3075030750307503,0.0008708753167808964
2017-02-14,0.04937978983961444,0.0015603545125452503,0.32427524482780984,0.0003486628778633939,0.3073896471166851,0.0008791131506536206
2017-02-15,0.04931160992544085,0.0015663178998809597,0.32717160150498936,0.0003486628778633939,0.3077017754392443,0.0008818653215280962
2017-02-16,0.0490645837115395,0.0015659254619480112,0.32373984266243644,0.0003484320557491289,0.30802402587401817,0.0008765086905836671
2017-02-17,0.048965841429019115,0.0015527950310559005,0.3222168519413565,0.0003466204506065858,0.30698388334612436,0.0008703220191470844
2017-02-19,0.0491393247273996,0.0015611096367297874,0.32406507226651116,0.0003472704542297541,0.3081189339084887,0.0008746534185828865
2017-02-20,0.0491393247273996,0.0015611096367297874,0.32406507226651116,0.0003472704542297541,0.3081189339084887,0.0008746534185828865
2017-02-21,0.04999450060493346,0.0015562749003984065,0.3231226573607341,0.00034532771600248634,0.30851818714713236,0.0008765394223605208
2017-02-22,0.05025327651362869,0.0015562991206909968,0.3264986287057594,0.0003461644973691498,0.3086896125945362,0.0008795770993306418
2017-02-23,0.0508538359048423,0.0015591381084536467,0.32666928002090684,0.000349320571488455,0.30882307526018343,0.0008837669683257919
2017-02-24,0.05019828321871392,0.0015463120457708365,0.3215434083601286,0.00034626038781163435,0.30755036137167463,0.0008853474988933156
2017-02-25,0.05023510026926013,0.0015471493772723755,0.3217192677669466,0.0003466084364493432,0.307739652254193,0.0008824022518905468
2017-02-26,0.05023510026926013,0.0015471493772723755,0.3217192677669466,0.0003466084364493432,0.307739652254193,0.0008824022518905468
2017-02-27,0.05023510026926013,0.0015471493772723755,0.3217192677669466,0.0003466084364493432,0.307739652254193,0.0008824022518905468
2017-02-28,0.04970228332289585,0.001537988311288834,0.32168821977739176,0.00034281796366129587,0.30646644192460926,0.0008799021548803773
2017-03-01,0.05051857315341986,0.0015402387370042356,0.32372936225315635,0.00034153005464480874,0.3069367710251688,0.0008781096056409761
2017-03-02,0.05000625078134767,0.0015252039960344697,0.3168768616515622,0.00033654169751632225,0.30464584920030463,0.0008701478381176962
2017-03-03,0.05094996204227828,0.0015218383807639629,0.3211200667929739,0.0003368364322285098,0.3050640634533252,0.0008689531721135549
2017-03-04,0.0510641774582295,0.001512241595717332,0.3186641598419426,0.0003372453797382976,0.30402529490453606,0.000866641245190141
2017-03-05,0.0510641774582295,0.001512241595717332,0.3186641598419426,0.0003372453797382976,0.30402529490453606,0.000866641245190141
2017-03-06,0.0510641774582295,0.001512241595717332,0.3186641598419426,0.0003372453797382976,0.30402529490453606,0.000866641245190141
2017-03-07,0.05136871953192823,0.0015193642979777263,0.32059502436522186,0.0003389485815001864,0.3050640634533252,0.0008703295938171786
2017-03-08,0.05081868908109646,0.0015080681646810435,0.31622553204945764,0.0003361344537815126,0.3050175385084642,0.0008670846014445629
2017-03-09,0.050439835364377364,0.0015038046257030285,0.31323414252153486,0.000333889816360601,0.3040900106431504,0.0008630138168512078
2017-03-10,0.0510282186048885,0.0015072953092969974,0.318694626808592,0.000335795836131632,0.30464584920030463,0.0008716040128648753
2017-03-12,0.05095411581870526,0.0015015465929907805,0.31727901516593693,0.0003358296671927998,0.30511060259344014,0.0008723034918308777
2017-03-13,0.05095411581870526,0.0015015465929907805,0.31727901516593693,0.0003358296671927998,0.30511060259344014,0.0008723034918308777
2017-03-14,0.050857715369710156,0.0014945449110745778,0.3160756052847841,0.00033464962184592736,0.30511060259344014,0.0008708601485687414
2017-03-15,0.05196721907820547,0.00150093808630394,0.3222895449271626,0.0003378720816298949,0.3073613032119256,0.0008871146595697493
2017-03-16,0.05199342803069692,0.0015121501262645356,0.3204820049354229,0.00034288849266218623,0.30793865861920305,0.0008877131621230548
2017-03-17,0.05243288590604027,0.001511144692104269,0.3234675723758693,0.00034334763948497857,0.3078343851008158,0.0008868943620125407
2017-03-19,0.052618285906718305,0.0015165531779371844,0.3255950249080194,0.0003440682631434076,0.3086896125945362,0.0008980772166790901
2017-03-20,0.052618285906718305,0.0015165531779371844,0.3255950249080194,0.0003440682631434076,0.3086896125945362,0.0008980772166790901
2017-03-21,0.0524161211022062,0.001518141794443601,0.3238551719670963,0.0003437961976140544,0.3085943527233452,0.0008911941109893146
2017-03-22,0.052589783908577915,0.0015129279694993721,0.32406507226651116,0.0003430767119527926,0.3085657862256233,0.0008962902546360613
2017-03-23,0.052798589221695995,0.0015099125760618462,0.3185220576524924,0.00034331227684702005,0.30861339999382775,0.0008921641225119774
2017-03-24,0.05292937633315867,0.001516300227445034,0.32180209171359614,0.0003451965894576961,0.3085943527233452,0.0008960172035303078
2017-03-26,0.05299697917218719,0.0015051173991571343,0.31988739963532836,0.00034234851078397807,0.30891847641407433,0.0009009901882168503
2017-03-27,0.05299697917218719,0.0015051173991571343,0.31988739963532836,0.00034234851078397807,0.30891847641407433,0.0009009901882168503
2017-03-28,0.05261247231268644,0.0015035333032626672,0.3185930929017459,0.000344376334458296,0.30922415659111285,0.0008969736110363633
2017-03-29,0.0534213717539839,0.0015095478904068231,0.3202767190852897,0.00034746351633078526,0.30864197530864196,0.0009014937751854824
2017-03-30,0.05342936370970758,0.0015095934664794773,0.31760147367083785,0.00034665649807605646,0.30906168871306716,0.0008956961798557929
2017-03-31,0.0532960971268074,0.0015169672790157915,0.3203280158882696,0.0003480682213713888,0.30823290077982923,0.0008959369260404066
2017-04-02,0.05344421225903341,0.0015203575881047222,0.32113037893384716,0.0003491376300537672,0.3087849312953528,0.0008962099282135848
2017-04-03,0.05344421225903341,0.0015203575881047222,0.32113037893384716,0.0003491376300537672,0.3087849312953528,0.0008962099282135848
2017-04-04,0.053185265554030914,0.0015163232194574596,0.32301828283480843,0.0003496259002866933,0.3081189339084887,0.0008899568370934009
2017-04-05,0.053094901827526526,0.0015198954311943338,0.32041012495994875,0.0003498950314905528,0.3081189339084887,0.0008875713385463356
2017-04-06,0.0532912687585266,0.0015249016438439722,0.31821797931583135,0.00035079103378117657,0.3081189339084887,0.0008852926334799968
2017-04-07,0.053596312573694925,0.0015249016438439722,0.31791448100460973,0.00034998075105869175,0.3085657862256233,0.0008799795844736401
2017-04-08,0.053532044281707034,0.0015335071308081583,0.3179650238473768,0.0003497726477789437,0.30464584920030463,0.0008761400772755548
2017-04-09,0.053532044281707034,0.0015335071308081583,0.3179650238473768,0.0003497726477789437,0.30464584920030463,0.0008761400772755548
2017-04-10,0.053532044281707034,0.0015335071308081583,0.3179650238473768,0.0003497726477789437,0.30464584920030463,0.0008761400772755548
2017-04-11,0.05324898693802351,0.0015276504735716467,0.3187250996015936,0.00034831069313827936,0.3076923076923077,0.0008738050715646353
2017-04-12,0.053884536215796794,0.0015320974413972727,0.3200409652435512,0.0003488696622941669,0.3076733739462187,0.0008824801221352488
2017-04-13,0.05385493634346524,0.0015387692923200023,0.31813698978780264,0.0003491498201878426,0.3080714725816389,0.0008813756511162624
2017-04-14,0.054062820997999674,0.0015408320493066256,0.31808639226413893,0.00034916201117318437,0.30792917628945343,0.0008810960835279087
2017-04-16,0.05407159078620093,0.0015507482360238814,0.32282015689059623,0.00035091413131206796,0.3080714725816389,0.0008840560491535163
2017-04-17,0.05407159078620093,0.0015507482360238814,0.32282015689059623,0.00035091413131206796,0.3080714725816389,0.0008840560491535163
2017-04-18,0.05381117658137595,0.001543162248078763,0.3218642376645531,0.00035229874933943986,0.3080430028031913,0.000876216846145084
2017-04-19,0.053008778253678814,0.0015432098765432098,0.3175813008130081,0.0003487966515521451,0.3080714725816389,0.0008762014912949382
2017-04-20,0.05322036424017286,0.0015401912917584364,0.3177326597400947,0.00035134565385426184,0.308708671626586,0.0008799021548803773
2017-04-21,0.053185831294543136,0.0015308075009567547,0.3177326597400947,0.0003480682213713888,0.3085943527233452,0.0008825580061249526
2017-04-23,0.05345506834230487,0.0015272771702608589,0.319693094629156,0.0003485535029627048,0.3089471082550667,0.000882495697833473
2017-04-24,0.05345506834230487,0.0015272771702608589,0.319693094629156,0.0003485535029627048,0.3089471082550667,0.000882495697833473
2017-04-25,0.05297592244324954,0.0015108022359873092,0.31778314478200076,0.00034516084495374847,0.30821390044691016,0.0008889442009725049
2017-04-26,0.0520267001024926,0.0015043701954176884,0.31525851197982346,0.00034153005464480874,0.30792917628945343,0.0008839779005524862
2017-04-27,0.052490407378051655,0.001508978421608571,0.31424800452517127,0.0003401591945030274,0.30849915162733305,0.0008847600088476001
2017-04-28,0.05319941267848403,0.0015005326891046322,0.3152982721654685,0.0003403328455229214,0.3083469519903796,0.0008799950720275967
2017-04-30,0.05339683997501028,0.001503194287861706,0.31493087267344816,0.0003402517863218782,0.30845157310302285,0.0008803514362933682
2017-05-01,0.05339683997501028,0.001503194287861706,0.31493087267344816,0.0003402517863218782,0.30845157310302285,0.0008803514362933682
2017-05-02,0.05327480208411025,0.001498464074323818,0.3174300860235533,0.0003403675970047651,0.3088803088803089,0.0008868943620125407
2017-05-03,0.053062783885893784,0.0014960877305845216,0.31612556507444756,0.00034186865406310896,0.3081379225341263,0.0008831503740141834
2017-05-04,0.052464520867763174,0.001481371750240723,0.3136664471001537,0.0003354916630321737,0.30473868657626085,0.0008813911878509039
2017-05-05,0.05266206751277055,0.0014900908955446282,0.31502016129032256,0.0003399048266485384,0.3066073892380807,0.0008816709427707391
2017-05-07,0.05208143453103272,0.0014741869858772886,0.3127932436659368,0.00033772374197906115,0.3047108294228777,0.0008834156382236278
2017-05-08,0.05208143453103272,0.0014741869858772886,0.3127932436659368,0.00033772374197906115,0.3047108294228777,0.0008834156382236278
2017-05-09,0.05217355009704281,0.0014752091108914689,0.3135189365437672,0.0003359650596337981,0.30437694040299507,0.000879128607724024
2017-05-10,0.05259669903116881,0.0014858841010401188,0.3157761778451434,0.0003401360544217687,0.30372057706909644,0.0008852299384765192
2017-05-11,0.053093774224034496,0.00148787382829936,0.31850176768481064,0.00034191541012753445,0.30441400304414,0.0008906226342836278
2017-05-12,0.053168581621748076,0.0014882059677059304,0.3203074951953876,0.00034246575342465754,0.3058571647040832,0.0008913370947758732
2017-05-14,0.05348079771957879,0.0014962444264895113,0.3216261417728033,0.0003475842891901286,0.3061380682687892,0.0008954555630176853
2017-05-15,0.05348079771957879,0.0014962444264895113,0.3216261417728033,0.0003475842891901286,0.3061380682687892,0.0008954555630176853
2017-05-16,0.05359774889454643,0.0015015465929907805,0.3229765519023319,0.00034766888015853696,0.30721966205837176,0.0008974404996948702
2017-05-17,0.052916212469176306,0.0014904462396041374,0.3188368830506313,0.0003456977909911156,0.30553009471432935,0.0008917345128008489
2017-05-18,0.05310138647720092,0.0014872984710571717,0.29686804215526197,0.00034234851078397807,0.305399462496946,0.000886650588735991
2017-05-19,0.05347879565752179,0.0014961101137043688,0.3074274471224791,0.00034730663702983364,0.3063256241384592,0.0008959690353101397
2017-05-21,0.053593727390146256,0.0014916467780429594,0.3062130630492697,0.00034436447536072176,0.305791694697572,0.0008974404996948702
2017-05-22,0.053593727390146256,0.0014916467780429594,0.3062130630492697,0.00034436447536072176,0.305791694697572,0.0008974404996948702
2017-05-23,0.053672255737564144,0.0014825357291110715,0.30586651985073715,0.0003444712366517396,0.30532486565705913,0.0008899726778387902
2017-05-24,0.05423875901719368,0.0014891589230402668,0.3053435114503817,0.00034458993797381116,0.3065791894046232,0.0008944863859172063
2017-05-25,0.054094990803851564,0.001495774437214868,0.30541811740272434,0.00034281796366129587,0.3064194882794546,0.0008936790083737722
2017-05-26,0.05402485143165856,0.001488316713796696,0.30678610872499695,0.00034376074252320387,0.3056234718826406,0.0008949907368458737
2017-05-28,0.05410230746341332,0.0014825796886582653,0.3070875813782091,0.0003435481654527965,0.30464584920030463,0.0008915755030714777
2017-05-29,0.05410230746341332,0.0014825796886582653,0.3070875813782091,0.0003435481654527965,0.30464584920030463,0.0008915755030714777
2017-05-30,0.05338600752742706,0.0014825796886582653,0.3070498648980594,0.0003429355281207133,0.3051850947599719,0.00089021035670729
2017-05-31,0.05368291648548682,0.0014876967478949091,0.30998140111593303,0.00034312379906670324,0.30625995344848705,0.00089420643649793
2017-06-01,0.0536428885622633,0.001488316713796696,0.3077585941587419,0.00034592500345925,0.30597882626522244,0.0008923551930610459
2017-06-02,0.05352889221957552,0.0014933620058838464,0.3080714725816389,0.0003459010722933241,0.3060818462856968,0.0008953433193958222
2017-06-04,0.054488786207798436,0.0014947683109118087,0.30329683661399415,0.00034494653328734045,0.3065134099616858,0.0008958566629339306
2017-06-05,0.054488786207798436,0.0014947683109118087,0.30329683661399415,0.00034494653328734045,0.3065134099616858,0.0008958566629339306
2017-06-06,0.05484260173302621,0.0014954389113204724,0.3051571559353067,0.0003456619426201175,0.3062318174858368,0.0008955357542649889
2017-06-07,0.05478431415517109,0.0014947683109118087,0.30597882626522244,0.0003435127614990897,0.30625995344848705,0.0008908289163066233
2017-06-08,0.05494354550699156,0.0015039855617386075,0.30670142616163165,0.0003427239701144698,0.30625995344848705,0.0008922118824778508
2017-06-09,0.05506304718903144,0.0015082956259426848,0.303425675880693,0.00034340659340659343,0.3061380682687892,0.0008898459676629976
2017-06-11,0.055151114052503857,0.0015121729925903524,0.3014408874419726,0.0003416233943700465,0.30532486565705913,0.0008850732398105945
2017-06-12,0.055151114052503857,0.0015121729925903524,0.3014408874419726,0.0003416233943700465,0.30532486565705913,0.0008850732398105945
2017-06-13,0.05541087161301047,0.0015128593040847202,0.30159543987694903,0.00034164673727365904,0.3054834275240568,0.0008880600328582212
2017-06-14,0.05574695342899511,0.0015128593040847202,0.30546476463939887,0.00034094783498124785,0.3058103975535168,0.0008939506360458774
2017-06-15,0.055397979081723094,0.0015022909937654925,0.3054554340521718,0.0003388452155055571,0.30532486565705913,0.0008853866926380096
2017-06-16,0.055856560353013465,0.0015037593984962407,0.3037390274276342,0.0003365870077415012,0.30595074193054916,0.0008837825894829872
2017-06-18,0.05566255134870362,0.0015116700931188777,0.3047201145747631,0.00033610056128793734,0.3062318174858368,0.0008809563662311805
2017-06-19,0.05566255134870362,0.0015116700931188777,0.3047201145747631,0.00033610056128793734,0.3062318174858368,0.0008809563662311805
2017-06-20,0.054866975019066275,0.0015068183530475403,0.30062530062530063,0.0003302291790502609,0.30590394616090544,0.0008768391701594094
2017-06-21,0.054868781309498335,0.0015035333032626672,0.2999130252226854,0.00032720371703422554,0.3058571647040832,0.0008756950829721091
2017-06-22,0.055180633804759883,0.001508682467601044,0.2993295019157088,0.0003308409978164494,0.30666380447115826,0.0008787191789247993
2017-06-23,0.05550529242963316,0.0015138670219207945,0.2992220227408737,0.00033124648050614463,0.3075787401574803,0.0008823088257351837
2017-06-25,0.05587185231951995,0.0015138670219207945,0.3034348828741352,0.00033160896670645973,0.30795762503079577,0.0008829476323759238
2017-06-26,0.05587185231951995,0.0015138670219207945,0.3034348828741352,0.00033160896670645973,0.30795762503079577,0.0008829476323759238
2017-06-27,0.0556219929360069,0.0015079544597753148,0.30185945423810673,0.0003306768956053041,0.3078059591233686,0.0008777704630239193
2017-06-28,0.05598916049852748,0.0015080681646810435,0.3048594597890373,0.0003312355084465055,0.3085657862256233,0.0008791904414415206
2017-06-29,0.05542776376687083,0.0015035333032626672,0.30268176039711847,0.00032868787799105966,0.30869914181638575,0.0008729736100077694
2017-06-30,0.055181547290586025,0.0015050494408741328,0.3024986387561256,0.00032888245740972177,0.30805249214466146,0.0008741793641219305
2017-07-02,0.05495562333415767,0.001511030522816561,0.30291097446460485,0.00032862306933946765,0.3071536075191203,0.0008699888641425389
2017-07-03,0.05495562333415767,0.001511030522816561,0.30291097446460485,0.00032862306933946765,0.3071536075191203,0.0008699888641425389
2017-07-04,0.05495381132158421,0.0015071590052750565,0.3022974607013301,0.0003285366975491162,0.30707815138952865,0.0008703295938171786
2017-07-05,0.054615262781336875,0.0015016142353029506,0.30411775439450156,0.0003244646333549643,0.3073613032119256,0.000868017881168352
2017-07-06,0.05472225718366431,0.0015035333032626672,0.30317729808391947,0.0003232062055591467,0.30792917628945343,0.0008651342255750979
2017-07-07,0.05541885571146727,0.0015003750937734434,0.30485016614334054,0.0003237293622531564,0.3078628163290438,0.000867874748316323
2017-07-09,0.05569138064501757,0.001501726986033939,0.3072479798445325,0.0003267119707266074,0.3077017754392443,0.0008710422019946866
2017-07-10,0.05569138064501757,0.001501726986033939,0.3072479798445325,0.0003267119707266074,0.3077017754392443,0.0008710422019946866
2017-07-11,0.05579734404642339,0.0015018623092634866,0.3073140749846343,0.00032530904359141186,0.30759766225776686,0.0008712243315531316
2017-07-12,0.056215462625149676,0.001508978421608571,0.311710981577881,0.0003284072249589491,0.307739652254193,0.0008797473365649385
2017-07-13,0.05652463909017941,0.001513752440925811,0.31141006477329347,0.00032875271220987574,0.308708671626586,0.0008799795844736401
2017-07-14,0.05684305065284243,0.0015216994339278106,0.3145445395067942,0.000330895734753979,0.3082044011588485,0.0008868471696272582
2017-07-16,0.05687279262473625,0.0015159554309103313,0.31421838177533384,0.0003301419610432486,0.30848963474827246,0.0008873665622532011
2017-07-17,0.05687279262473625,0.0015159554309103313,0.31421838177533384,0.0003301419610432486,0.30848963474827246,0.0008873665622532011
2017-07-18,0.05716506985571536,0.0015275571306366858,0.31705770450221943,0.0003326126725428239,0.30887076847047196,0.0008898776418242492
2017-07-19,0.05690807070258704,0.0015304560759106215,0.3175510463306977,0.000333000333000333,0.3089471082550667,0.0008904640208012395
2017-07-20,0.05716343597980987,0.0015331544653123803,0.3204306588054345,0.00033387866849187006,0.3089471082550667,0.0008927694601423076
2017-07-21,0.05665690279375188,0.0015358152107138468,0.3183294072706437,0.00033197224712014074,0.3078343851008158,0.0008949907368458737
2017-07-22,0.056337710773460434,0.0015345661014348193,0.3178942683663413,0.00033046926635822867,0.30853722501619824,0.0008981175456243712
2017-07-23,0.056337710773460434,0.0015345661014348193,0.3178942683663413,0.00033046926635822867,0.30853722501619824,0.0008981175456243712
2017-07-24,0.056337710773460434,0.0015345661014348193,0.3178942683663413,0.00033046926635822867,0.30853722501619824,0.0008981175456243712
2017-07-25,0.05629679671226707,0.0015392903871315324,0.31520882584712373,0.0003302291790502609,0.308005051282841,0.000893878718535469
2017-07-26,0.05687311607802992,0.0015527950310559005,0.3186032433810176,0.00033190613694447207,0.30861339999382775,0.0009001305189252441
2017-07-27,0.05642895030866636,0.0015400964100352682,0.317067757379752,0.0003321597023849067,0.30861339999382775,0.0008966277829084812
2017-07-28,0.05626828719333784,0.0015311356433066405,0.31925422213708776,0.0003338675213675214,0.3092050338579512,0.000890321316963292
2017-07-30,0.05617093940279057,0.0015405946695424434,0.31980555822060186,0.00033523298692591353,0.3086896125945362,0.00089438238424456
2017-07-31,0.05617093940279057,0.0015405946695424434,0.31980555822060186,0.00033523298692591353,0.3086896125945362,0.00089438238424456
2017-08-01,0.05589371251627904,0.001529987760097919,0.3199181009661527,0.00033710895361380795,0.3087849312953528,0.0008930086353935043
2017-08-02,0.05605852510020461,0.0015369246138476908,0.3211716341212744,0.0003379520108144643,0.3090712409210323,0.0008915278112100706
2017-08-03,0.055988847021673276,0.001542376802652888,0.32126449706042987,0.0003386042731859276,0.309281538984938,0.0008873665622532011
2017-08-04,0.0559190292456523,0.001536806516059628,0.3194377894904967,0.00033500837520938025,0.30821390044691016,0.0008870989204006139
2017-08-06,0.055733282801823596,0.0015356501174772338,0.3199488081906895,0.0003357845606259024,0.30893756371837255,0.000888375605205881
2017-08-07,0.055733282801823596,0.0015356501174772338,0.3199488081906895,0.0003357845606259024,0.30893756371837255,0.000888375605205881
2017-08-08,0.056012367530750784,0.001541901164135379,0.31975442859883607,0.00033383408446002337,0.3089471082550667,0.0008885966393275102
2017-08-09,0.05571403102157248,0.0015435195332396932,0.3169170311212524,0.0003333333333333333,0.3082804118626303,0.0008787114575186946
2017-08-10,0.05564613509768679,0.0015422578655151142,0.3149705502535513,0.0003336113427856547,0.3077870113881194,0.0008746228189093454
2017-08-11,0.056110425317023906,0.0015478198956769388,0.313263579976192,0.0003363492650768558,0.30845157310302285,0.00087614775355716
2017-08-12,0.056253726809401126,0.0015426147319706903,0.3136566087447462,0.0003371657844161974,0.30887076847047196,0.0008789663355893469
2017-08-13,0.056253726809401126,0.0015426147319706903,0.3136566087447462,0.0003371657844161974,0.30887076847047196,0.0008789663355893469
2017-08-14,0.056253726809401126,0.0015426147319706903,0.3136566087447462,0.0003371657844161974,0.30887076847047196,0.0008789663355893469
2017-08-15,0.0561611600649223,0.0015426147319706903,0.31554700072575814,0.0003377009320545725,0.30830892554339445,0.0008816553961718522
2017-08-16,0.056616806132732435,0.0015512774770023113,0.31719850282306666,0.0003373477718179671,0.3089280197713933,0.0008817020376134089
2017-08-17,0.05593936173188264,0.001547460617127294,0.315000315000315,0.0003350195986465208,0.3090425860683602,0.0008768699251153083
2017-08-18,0.05648760097158674,0.001547795938583457,0.3178639542275906,0.0003350195986465208,0.3088040020998672,0.0008785261844729283
2017-08-20,0.05666846116793699,0.0015572443004858603,0.3160756052847841,0.0003353341604909292,0.3090903471084598,0.0008790822381433784
2017-08-21,0.05666846116793699,0.0015572443004858603,0.3160756052847841,0.0003353341604909292,0.3090903471084598,0.0008790822381433784
2017-08-22,0.05664181978838616,0.00156206067043644,0.3162755392497944,0.00033524422541821714,0.30938679537157354,0.0008843766029325928
2017-08-23,0.05654061878053194,0.001562744178777934,0.3184307731499172,0.0003355704697986577,0.3092624091541673,0.0008887071976395937
2017-08-24,0.05648377221224342,0.0015682338550324626,0.3177124702144559,0.0003380319778251022,0.3086896125945362,0.0008876737621389387
2017-08-25,0.056782692635284765,0.001576988582602662,0.31652581268002405,0.0003422547744541036,0.309281538984938,0.0008927854011731201
2017-08-27,0.05569727417540186,0.0015919764387487066,0.315716360421797,0.00033950093362756747,0.3089757454039858,0.0008946944618412812
2017-08-28,0.05569727417540186,0.0015919764387487066,0.315716360421797,0.00033950093362756747,0.3089757454039858,0.0008946944618412812
2017-08-29,0.05602178126855721,0.0015987210231814548,0.3159757330637007,0.00034106412005457026,0.3088803088803089,0.000890337170686539
2017-08-30,0.05640953321111268,0.0015831552283701417,0.31642565579217163,0.00033875338753387534,0.3096550442806713,0.0008908447881125672
2017-08-31,0.05590589919048258,0.001600768368817032,0.3177427554651754,0.00033943179118156206,0.30924328168970533,0.0008903926631644556
2017-09-01,0.05617377920334347,0.001600640256102441,0.3182990100900786,0.0003414134516899966,0.3088803088803089,0.0008927057017113168
2017-09-02,0.05591058778800941,0.0016027438975526101,0.3183800821420612,0.00034151839076534274,0.30913812291331766,0.0008838685157196015
2017-09-03,0.05591058778800941,0.0016027438975526101,0.3183800821420612,0.00034151839076534274,0.30913812291331766,0.0008838685157196015
2017-09-04,0.05591058778800941,0.0016027438975526101,0.3183800821420612,0.00034151839076534274,0.30913812291331766,0.0008838685157196015
2017-09-05,0.0559112129937659,0.0016051364365971107,0.32084188911704314,0.00034197387319608784,0.30935808197989173,0.0008843687817820031
2017-09-06,0.056230951765089576,0.0016188564398109174,0.3227159776680543,0.000343441975478243,0.3092624091541673,0.0008841107613961878
2017-09-07,0.05658925256915207,0.0016302575806977503,0.32275764128715745,0.00034479191807744024,0.30966463320224197,0.0008875870944836462
2017-09-08,0.05663989487635511,0.0016141007844529813,0.32388663967611336,0.00034457806416043554,0.30981813675372555,0.0008845878263023344
2017-09-10,0.056617126680820945,0.0016065547433528797,0.32233109850438374,0.00034234851078397807,0.3096454559529339,0.0008858808313105722
2017-09-11,0.056617126680820945,0.0016065547433528797,0.32233109850438374,0.00034234851078397807,0.3096454559529339,0.0008858808313105722
2017-09-12,0.05641239718840612,0.0016073035875016073,0.3200204813108039,0.00034402091647172143,0.30977974660016727,0.0008873665622532011
2017-09-13,0.05631835640508667,0.0015979546180888463,0.31900979360066356,0.00034372529474444025,0.3091859134897814,0.000884580001415328
2017-09-14,0.05663797009515179,0.001603643477981975,0.32057446944925305,0.0003455783253274355,0.309281538984938,0.0008828696796065932
2017-09-15,0.05663476241717166,0.0016038492381716118,0.32158476974530487,0.0003455425017277125,0.3077870113881194,0.0008836185948697104
2017-09-17,0.05633358495667947,0.0016001280102408192,0.31886738305538725,0.00034431704713700374,0.30866102845854687,0.0008862184173911501
2017-09-18,0.05633358495667947,0.0016001280102408192,0.31886738305538725,0.00034431704713700374,0.30866102845854687,0.0008862184173911501
2017-09-19,0.056148546594871396,0.001599360255897641,0.3190606853423521,0.0003452323413657392,0.30851818714713236,0.0008852064301395085
2017-09-20,0.05620408828538188,0.0016090104585679806,0.31928480204342274,0.00034626038781163435,0.30830892554339445,0.0008844078889183691
2017-09-21,0.05593185263075468,0.0016020506247997435,0.3187047837588042,0.00034328870580157915,0.30802402587401817,0.0008841185779836792
2017-09-22,0.05640316985814602,0.0016,0.32003072294940316,0.0003446968391299852,0.30832793759442545,0.0008836810618311638
2017-09-24,0.05578582705277897,0.001590406666984748,0.3166059838530948,0.0003420206580477461,0.3071724773460298,0.0008823321804192843
2017-09-25,0.05578582705277897,0.001590406666984748,0.3166059838530948,0.0003420206580477461,0.3071724773460298,0.0008823321804192843
2017-09-26,0.05571247903817976,0.0015762925598991173,0.3157562361856647,0.00034258307639602604,0.3058103975535168,0.0008802894391675983
2017-09-27,0.05483448211573366,0.0015678896205707118,0.3132145206251762,0.00034073872154831674,0.305791694697572,0.0008736447585682708
2017-09-28,0.055108867567880346,0.0015729205989681641,0.31424800452517127,0.00033997416196369077,0.3062974761087969,0.0008730879374170567
2017-09-29,0.0547945205479452,0.001563721657544957,0.3161355589276682,0.0003410990210458096,0.3067108330266225,0.0008742863637555845
2017-10-01,0.05479962517056383,0.0015664160401002508,0.31700744967506733,0.00033921302578018993,0.30573559985324694,0.0008754344343380403
2017-10-02,0.05479962517056383,0.0015664160401002508,0.31700744967506733,0.00033921302578018993,0.30573559985324694,0.0008754344343380403
2017-10-03,0.05490975581631588,0.0015808277213949222,0.31824836102094073,0.0003389485815001864,0.3069179301454791,0.0008757410959024073
2017-10-04,0.05470848583323759,0.0015846102651052973,0.319030148349019,0.00034104085669463204,0.3072951877573597,0.0008759405411560662
2017-10-05,0.05408855378024903,0.0015912418051047036,0.31709791983764585,0.0003418803418803419,0.3070121576814442,0.0008762936284690274
2017-10-06,0.0539228902669183,0.0015807277670639563,0.316906987799081,0.00034078516902944384,0.30640071084964915,0.0008742710764899765
2017-10-08,0.053564446063281035,0.0015780337699226761,0.31367628607277287,0.0003394087499575739,0.30576364470264483,0.0008753194916144392
2017-10-09,0.053564446063281035,0.0015780337699226761,0.31367628607277287,0.0003394087499575739,0.30576364470264483,0.0008753194916144392
2017-10-10,0.05315529852015649,0.0015891934843067143,0.3145742237881028,0.00033829499323410016,0.3065134099616858,0.0008820753468761301
2017-10-11,0.053461927088623844,0.0015969338869370807,0.3153678766280867,0.0003389600705036947,0.3071724773460298,0.0008841811156597317
2017-10-12,0.05286334297208287,0.0016028723472462654,0.3155270880005049,0.0003402749421532598,0.3078628163290438,0.0008838997657665622
2017-10-13,0.052882072977260705,0.0016058839588251352,0.3180155827635554,0.0003413784863277916,0.30818540433925046,0.0008887545881955615
2017-10-15,0.052464796121802264,0.0016164489848700375,0.31530821377896895,0.00034128528036585785,0.30879446640316205,0.0008876816418559648
2017-10-16,0.052464796121802264,0.0016164489848700375,0.31530821377896895,0.00034128528036585785,0.30879446640316205,0.0008876816418559648
2017-10-17,0.05318950890126432,0.0016095802214782385,0.3167062549485352,0.00033932813030200206,0.30864197530864196,0.0008853396605607741
2017-10-18,0.05296329643557015,0.0016003840921821237,0.3153380423814329,0.00034234851078397807,0.30914767984666275,0.0008841576629944652
2017-10-19,0.053154450887945105,0.0016008965020411431,0.31582604301550704,0.00034281796366129587,0.30966463320224197,0.0008869258263931387
2017-10-20,0.05267316302343956,0.0015921031682853048,0.31327339369067386,0.000341180484476288,0.30931023816888337,0.0008843218577833589
2017-10-22,0.05238811208960462,0.0015792798483891344,0.30888984987953294,0.0003389141191622043,0.3091190108191654,0.0008859357696566999
2017-10-23,0.05238811208960462,0.0015792798483891344,0.30888984987953294,0.0003389141191622043,0.3091190108191654,0.0008859357696566999
2017-10-24,0.051989373372082745,0.0015817779183802593,0.308289915836853,0.0003360215053763441,0.30950170225936247,0.0008858415938061957
2017-10-25,0.052391131229305506,0.001589825119236884,0.3093389426794939,0.0003337226764558652,0.3096358682189745,0.0008880284879538937
2017-10-26,0.052009111996421775,0.001576889113157563,0.30397908623886677,0.00033178500331785003,0.30893756371837255,0.0008868943620125407
2017-10-27,0.052268450763119374,0.001575274491580158,0.3090425860683602,0.00033233632436025255,0.30853722501619824,0.0008893078516990226
2017-10-29,0.05191676703908294,0.0015647003598810826,0.3040900106431504,0.00033101621979476995,0.30818540433925046,0.0008904005912259926
2017-10-30,0.05191676703908294,0.0015647003598810826,0.3040900106431504,0.00033101621979476995,0.30818540433925046,0.0008904005912259926
2017-10-31,0.05213764337851929,0.0015724506643604056,0.30574494756474146,0.00032896901111915256,0.3078343851008158,0.0008953753861306353
2017-11-01,0.05240156366265969,0.0015760192904761155,0.306063110213326,0.000326477309826967,0.30663559425978165,0.000900933366968179
2017-11-02,0.05267677007116632,0.0015903307888040714,0.3061099546957267,0.00033046926635822867,0.309281538984938,0.000899952302527966
2017-11-03,0.05209961446285298,0.001576416804603137,0.30175015087507545,0.00032948929159802305,0.30830892554339445,0.0008970299338888939
2017-11-05,0.05259089020599851,0.0015811776611220035,0.30776806598547335,0.0003294675803900896,0.30924328168970533,0.0008983353845324613
2017-11-06,0.05259089020599851,0.0015811776611220035,0.30776806598547335,0.0003294675803900896,0.30924328168970533,0.0008983353845324613
2017-11-07,0.05224960682170867,0.0015776603297310088,0.30570756014796246,0.0003297065611605671,0.30879446640316205,0.0008992967499415457
2017-11-08,0.05235602094240837,0.001583531274742676,0.3072857450142888,0.00033145508783559825,0.30840400925212025,0.0008988844843549155
2017-11-09,0.05250997689561016,0.0015874779737431145,0.3075219878221293,0.0003324136555529701,0.30860387606468337,0.0008941424726615938
2017-11-10,0.05235602094240837,0.0015845349389954047,0.30510129362948496,0.00033266799733865603,0.3085943527233452,0.0008933596576645793
2017-11-12,0.05230836829275948,0.0015888904777793666,0.3049617273032234,0.00033266799733865603,0.30869914181638575,0.0008936151199678299
2017-11-13,0.05230836829275948,0.0015888904777793666,0.3049617273032234,0.00033266799733865603,0.30869914181638575,0.0008936151199678299
2017-11-14,0.05219179440608348,0.0015844094113919038,0.30184123151222453,0.00033201633520369203,0.30875632950475485,0.0008976338372051273
2017-11-15,0.052010464505458494,0.001581502743907261,0.3018230109863576,0.0003307206402751596,0.30751253113564375,0.0009048381696933502
2017-11-16,0.05249398943820932,0.0015881082454580104,0.30546476463939887,0.0003321707357581797,0.30849915162733305,0.0009127418765972983
2017-11-17,0.05288039512231236,0.0015976482617586912,0.3070215836173283,0.0003337449521075993,0.3089471082550667,0.0009150637799454623
2017-11-18,0.05266068090260407,0.0015710919088766694,0.30703101013202333,0.0003325573661456601,0.3092337188447028,0.0009131836320965783
2017-11-19,0.05266068090260407,0.0015710919088766694,0.30703101013202333,0.0003325573661456601,0.3092337188447028,0.0009131836320965783
2017-11-20,0.05266068090260407,0.0015710919088766694,0.30703101013202333,0.0003325573661456601,0.3092337188447028,0.0009131836320965783
2017-11-21,0.05324615163439063,0.001576913979342427,0.30687083806425874,0.0003341129301703976,0.3090234857849196,0.0009182736455463728
2017-11-22,0.053664190958657106,0.0015791551519936833,0.31017369727047145,0.00033647375504710633,0.309377223648795,0.0009219223925729931
2017-11-23,0.05372993187044639,0.001575795776867318,0.3104047678172337,0.00033604408898447476,0.3089757454039858,0.0009238131310798451
2017-11-24,0.05388221348132981,0.0015786814852235412,0.3093389426794939,0.00033581838941500435,0.3092528451261752,0.0009224156220309748
2017-11-25,0.0538233410300711,0.0015690458632105816,0.30983733539891556,0.00033334444481482713,0.30942508818615017,0.0009175574620360601
2017-11-26,0.0538233410300711,0.0015690458632105816,0.30983733539891556,0.00033334444481482713,0.30942508818615017,0.0009175574620360601
2017-11-27,0.0538233410300711,0.0015690458632105816,0.30983733539891556,0.00033334444481482713,0.30942508818615017,0.0009175574620360601
2017-11-28,0.053941796801251454,0.0015608903318452846,0.311284046692607,0.00033431398769724526,0.3097221792052529,0.0009234548292070293
2017-11-29,0.05387466597707095,0.0015540981568395859,0.308090455357693,0.00033311125916055963,0.30959752321981426,0.0009256602271570198
2017-11-30,0.05362907983224824,0.0015455950540958269,0.30558611416697223,0.00033211557622052476,0.3096934035305048,0.000920166366078987
2017-12-01,0.05369704129302475,0.001544878727019929,0.30695561421818407,0.0003337449521075993,0.3095687707024115,0.00092424004362413
2017-12-02,0.05372646780710049,0.0015444015444015444,0.3082709084743673,0.00033478406427854036,0.3097893432465923,0.0009218034162034605
2017-12-03,0.05372646780710049,0.0015444015444015444,0.3082709084743673,0.00033478406427854036,0.3097893432465923,0.0009218034162034605
2017-12-04,0.05372646780710049,0.0015444015444015444,0.3082709084743673,0.00033478406427854036,0.3097893432465923,0.0009218034162034605
2017-12-05,0.05329354082285227,0.001531675039823551,0.3085277057879798,0.0003343251646551436,0.30932937391734716,0.0009216080216762207
2017-12-06,0.053031548468183726,0.0015302687151863867,0.3090807937194783,0.00033277870216306157,0.3095687707024115,0.0009156586790707897
2017-12-07,0.05278103260812194,0.0015267175572519084,0.3039144176999757,0.0003323142363418849,0.309281538984938,0.0009158599466969512
2017-12-08,0.05285132921092966,0.0015257857796765334,0.3038036213391664,0.0003324468085106383,0.3092624091541673,0.0009162963302331975
2017-12-09,0.05249564286164249,0.0015249714067861228,0.3025993282294913,0.00033200531208499334,0.3092624091541673,0.0009197347484985331
2017-12-10,0.05249564286164249,0.0015249714067861228,0.3025993282294913,0.00033200531208499334,0.3092624091541673,0.0009197347484985331
2017-12-11,0.05249564286164249,0.0015249714067861228,0.3025993282294913,0.00033200531208499334,0.3092624091541673,0.0009197347484985331
2017-12-12,0.05213329440714018,0.0015302687151863867,0.30246204101385277,0.0003306659612459494,0.3098661378284581,0.0009165986855974848
2017-12-13,0.0526127491213671,0.0015485629335976214,0.30214218811372634,0.0003324247058041354,0.3097125867195243,0.0009232502100394227
2017-12-14,0.05232725465058476,0.001567152483936687,0.29925784055542254,0.00033433634236041456,0.3088040020998672,0.0009194810448982595
2017-12-15,0.05228484785109275,0.0015723270440251573,0.30354541039339483,0.0003341129301703976,0.30375748002794567,0.0009195825095406685
2017-12-16,0.05246864998163597,0.0016090104585679806,0.3037667071688943,0.0003361344537815126,0.3052316708381662,0.000922109417503481
2017-12-17,0.05246864998163597,0.0016090104585679806,0.3037667071688943,0.0003361344537815126,0.3052316708381662,0.000922109417503481
2017-12-18,0.05246864998163597,0.0016090104585679806,0.3037667071688943,0.0003361344537815126,0.3052316708381662,0.000922109417503481
2017-12-19,0.052062725171286364,0.001606425702811245,0.30397908623886677,0.0003372681281618887,0.30513853289393383,0.0009227475731738825
2017-12-20,0.052004513991814494,0.0016138663395897552,0.3032600454890068,0.00033840947546531303,0.3064758343804591,0.0009263977025336977
2017-12-21,0.051405952809335326,0.0016124350994872459,0.30228832260209787,0.0003375755325254025,0.3064476587398872,0.0009265178678970824
2017-12-22,0.050694514853492856,0.0016080789888399318,0.29969730572122155,0.00033829499323410016,0.3094825451844516,0.0009291607819817141
2017-12-23,0.050697084917617236,0.001616422856219187,0.29969730572122155,0.00033829499323410016,0.3094825451844516,0.0009295753699709973
2017-12-24,0.050697084917617236,0.001616422856219187,0.29969730572122155,0.00033829499323410016,0.3094825451844516,0.0009295753699709973
2017-12-25,0.050697084917617236,0.001616422856219187,0.29969730572122155,0.00033829499323410016,0.3094825451844516,0.0009295753699709973
2017-12-26,0.050340300430912976,0.001616422856219187,0.30204180258547786,0.00033813484817745316,0.3090234857849196,0.0009305874798760458
2017-12-27,0.050777659860767654,0.001623798389191998,0.3016864271276435,0.0003363266404331887,0.3086896125945362,0.0009316972729220822
2017-12-28,0.050755753164621206,0.0016276041666666667,0.3019414837404511,0.00033534540576794097,0.30909990108803165,0.0009353749450467221
2017-12-29,0.05089835598310175,0.0016269421622061337,0.3019414837404511,0.0003354579000335458,0.3089757454039858,0.0009382007186617506
2017-12-31,0.050897319747142115,0.0016269421622061337,0.3019414837404511,0.0003354579000335458,0.3089757454039858,0.000938191916538447
2018-01-01,0.050897319747142115,0.0016269421622061337,0.3019414837404511,0.0003354579000335458,0.3089757454039858,0.000938191916538447
2018-01-02,0.05119410243939898,0.0016504373659019642,0.3068802553243724,0.00034132022663663046,0.3097605550909147,0.0009418590413758677
2018-01-03,0.05168199037681339,0.0016479894528675018,0.30895665338153055,0.00034473248758963045,0.310896937665164,0.0009403003319260172
2018-01-04,0.051806760782282094,0.0016530291759649556,0.30919547337826975,0.00034674063800277393,0.31172069825436405,0.0009428180832508367
2018-01-05,0.052156678662702766,0.001653165812530997,0.3097125867195243,0.00034419853371424634,0.31167212092878294,0.0009420631182289214
2018-01-06,0.05209500044280751,0.00165188231990353,0.309731772285201,0.00034408010184771014,0.3111871790882216,0.0009370227040601194
2018-01-07,0.05209500044280751,0.00165188231990353,0.309731772285201,0.00034408010184771014,0.3111871790882216,0.0009370227040601194
2018-01-08,0.05209500044280751,0.00165188231990353,0.309731772285201,0.00034408010184771014,0.3111871790882216,0.0009370227040601194
2018-01-09,0.05199396869963084,0.0016454404844176787,0.3077870113881194,0.0003438434824467902,0.31088727227507307,0.0009340469451994658
2018-01-10,0.05184301933744621,0.001643655489809336,0.3104529508552979,0.00034704147145583897,0.3108389543377576,0.0009357600711177653
2018-01-11,0.05195344970906068,0.0016519096075062773,0.3111387678904792,0.00035061884225658286,0.31112908745838647,0.0009396641640277765
2018-01-12,0.052543085329970575,0.0016576875259013675,0.31190543027354106,0.000350385423966363,0.311284046692607,0.000944733112895607
2018-01-13,0.05302817386877648,0.001659475605708596,0.3108389543377576,0.0003496992586375717,0.31157501168406293,0.0009421074944651185
2018-01-14,0.05302817386877648,0.001659475605708596,0.3108389543377576,0.0003496992586375717,0.31157501168406293,0.0009421074944651185
2018-01-15,0.05302817386877648,0.001659475605708596,0.3108389543377576,0.0003496992586375717,0.31157501168406293,0.0009421074944651185
2018-01-16,0.05329070077271516,0.0016524828554903743,0.30991415377940307,0.00034928396786587494,0.3119346185039616,0.0009417880788464981
2018-01-17,0.05356186395286555,0.001648695881557688,0.3102121851346321,0.00035231116121758736,0.3119638121977851,0.0009379191326123861
2018-01-18,0.05377442703347996,0.0016520460590441263,0.31287153494775044,0.00035174111853675694,0.31135188990597173,0.0009354186934071691
2018-01-19,0.05374899220639613,0.0016463886465038938,0.3129009042836134,0.00035185250343056193,0.3114197626981408,0.0009375498073335147
2018-01-20,0.05345878327809259,0.001653657891255457,0.3123243175713661,0.00035095107741980766,0.3116915500420784,0.0009360578858196592
2018-01-21,0.05345878327809259,0.001653657891255457,0.3123243175713661,0.00035095107741980766,0.3116915500420784,0.0009360578858196592
2018-01-22,0.05345878327809259,0.001653657891255457,0.3123243175713661,0.00035095107741980766,0.3116915500420784,0.0009360578858196592
2018-01-23,0.0534973920021399,0.0016420630880638434,0.3089471082550667,0.000350385423966363,0.31111940762864787,0.0009324009324009324
2018-01-24,0.05404937951312319,0.0016602194810153902,0.31797513434449426,0.00035578325683993314,0.31167212092878294,0.0009401677259223045
2018-01-25,0.05372993187044639,0.0016672780019340425,0.31778314478200076,0.0003585128885383429,0.31154589070970157,0.0009391787820729554
2018-01-26,0.054127198917456015,0.0016603021749958494,0.31738978639667376,0.00035561877667140827,0.31138097462245057,0.0009405833497935419
2018-01-27,0.0537611285536106,0.001657715005636231,0.3168166265365606,0.0003526217426566522,0.31145856043853365,0.000934981393870262
2018-01-28,0.0537611285536106,0.001657715005636231,0.3168166265365606,0.0003526217426566522,0.31145856043853365,0.000934981393870262
2018-01-29,0.0537611285536106,0.001657715005636231,0.3168166265365606,0.0003526217426566522,0.31145856043853365,0.000934981393870262
2018-01-30,0.05337517947404098,0.0016484241065541343,0.3143171460003143,0.0003507172167081682,0.311332503113325,0.0009329141439113357
2018-01-31,0.05378831072431339,0.0016607157684962218,0.3138436430970091,0.00035343182300134304,0.3111871790882216,0.0009359352332818569
2018-02-01,0.05455239757787355,0.0016743407283382169,0.3157263284185268,0.0003579354284487078,0.3118373456405139,0.0009338550470196017
2018-02-02,0.053798149343662574,0.0016590626296142678,0.31077133445211014,0.00035236081747709656,0.310896937665164,0.0009186954524575103
2018-02-03,0.053203092163716555,0.0016598612356007038,0.30652280529671405,0.0003520506953001232,0.309281538984938,0.0009151558968070211
2018-02-04,0.053203092163716555,0.0016598612356007038,0.30652280529671405,0.0003520506953001232,0.309281538984938,0.0009151558968070211
2018-02-05,0.053203092163716555,0.0016598612356007038,0.30652280529671405,0.0003520506953001232,0.309281538984938,0.0009151558968070211
2018-02-06,0.053787153476263734,0.0016695884464479505,0.3089280197713933,0.00035350678733031673,0.30875632950475485,0.0009271707384914933
2018-02-07,0.05325664376630984,0.0016696163221691653,0.3057169061449098,0.00035095107741980766,0.308090455357693,0.0009181640391872411
2018-02-08,0.053047583682563265,0.0016589250165892503,0.3043306247907727,0.0003480682213713888,0.30646644192460926,0.0009128751917037902
2018-02-09,0.05347164665935888,0.0016549441456350847,0.30360992197225006,0.00034071550255536625,0.30581974983944465,0.0009223645738214486
2018-02-11,0.05375852744641618,0.001672940192388122,0.30461800901669306,0.00034615251479802,0.3062318174858368,0.0009245818578547852
2018-02-12,0.05375852744641618,0.001672940192388122,0.30461800901669306,0.00034615251479802,0.3062318174858368,0.0009245818578547852
2018-02-13,0.05361269119625998,0.0016723806338322601,0.30429358244834614,0.00034444750620005513,0.30588523186100575,0.0009223645738214486
2018-02-14,0.05387350501023596,0.0016854879487611665,0.3108776074859328,0.0003486750348675035,0.3067955207853965,0.0009356374966083141
2018-02-15,0.05404908738115957,0.001687051876845213,0.3098661378284581,0.00035048366746109633,0.3082614056720098,0.000941203045733056
2018-02-16,0.05401317921572864,0.0016854879487611665,0.309520861706079,0.00035298270384751147,0.307739652254193,0.0009383591851288836
2018-02-18,0.05396362851438131,0.0016831333209903557,0.30922415659111285,0.0003530699431557391,0.3081189339084887,0.0009381831145803037
2018-02-19,0.05396362851438131,0.0016831333209903557,0.30922415659111285,0.0003530699431557391,0.3081189339084887,0.0009381831145803037
2018-02-20,0.053451925338350685,0.0016816614815437652,0.3072007864340133,0.0003498950314905528,0.3079765937788728,0.0009322010198279157
2018-02-21,0.05312000339968022,0.001681520094165125,0.30599755201958384,0.00034775351231047433,0.30766390794695875,0.0009305268643105725
2018-02-22,0.05385899714547315,0.0016889039013680122,0.307739652254193,0.0003498950314905528,0.3082994203970897,0.0009268441882235177
2018-02-23,0.05393452348848498,0.001694915254237288,0.30888984987953294,0.00035161744022503517,0.308090455357693,0.0009298000929800093
2018-02-24,0.05356875013392187,0.0017020407468554797,0.31004867764238986,0.0003522367030644593,0.3082804118626303,0.0009352787130564908
2018-02-25,0.05356875013392187,0.0017020407468554797,0.31004867764238986,0.0003522367030644593,0.3082804118626303,0.0009352787130564908
2018-02-26,0.05356875013392187,0.0017020407468554797,0.31004867764238986,0.0003522367030644593,0.3082804118626303,0.0009352787130564908
2018-02-27,0.05309349233064503,0.0016886187098953055,0.3075787401574803,0.0003498950314905528,0.3078628163290438,0.0009259173526171054
2018-02-28,0.053098284925396914,0.0016814070013787537,0.3081094404732561,0.00034910106475824753,0.3063443923658977,0.0009220243967655385
2018-03-01,0.05307573907966668,0.0016787818758708683,0.3075882009166128,0.00034698126301179735,0.30695561421818407,0.0009249581456439095
2018-03-02,0.05308560053085601,0.0016706483786357485,0.3075314450902605,0.0003489183531053733,0.3073613032119256,0.0009274803142303304
2018-03-03,0.05322093072763656,0.0016719612104999163,0.30840400925212025,0.0003504468196951113,0.30802402587401817,0.0009292298542967588
2018-03-04,0.05322093072763656,0.0016719612104999163,0.30840400925212025,0.0003504468196951113,0.30802402587401817,0.0009292298542967588
2018-03-05,0.05322093072763656,0.0016719612104999163,0.30840400925212025,0.0003504468196951113,0.30802402587401817,0.0009292298542967588
2018-03-06,0.053050116445005596,0.0016668055671305942,0.31141006477329347,0.0003506311360448808,0.3077870113881194,0.0009411410393961639
2018-03-07,0.0534719325825874,0.0016582372937567367,0.3081759068076058,0.00035007876772273763,0.3075219878221293,0.0009383591851288836
2018-03-08,0.05363598330848199,0.0016501377865051731,0.306063110213326,0.0003479471120389701,0.3071724773460298,0.0009322357810737491
2018-03-09,0.05371290452531221,0.0016610743829108669,0.3070215836173283,0.0003489427036080675,0.30709701194607375,0.0009399556340940707
2018-03-10,0.053818995952811505,0.001656671415791392,0.30663559425978165,0.00035161744022503517,0.3073613032119256,0.00094031801555286
2018-03-11,0.053818995952811505,0.001656671415791392,0.30663559425978165,0.00035161744022503517,0.3073613032119256,0.00094031801555286
2018-03-12,0.053818995952811505,0.001656671415791392,0.30663559425978165,0.00035161744022503517,0.3073613032119256,0.00094031801555286
2018-03-13,0.05377095723058062,0.001658649859014762,0.3067766972420775,0.0003508771929824561,0.3066073892380807,0.000938271141594498
2018-03-14,0.0538233410300711,0.001663229326059477,0.30662619200932145,0.00035198873636043646,0.3077870113881194,0.0009411676125401173
2018-03-15,0.05348737697903294,0.0016517731785071275,0.3043954705953975,0.0003515309171441628,0.30670142616163165,0.000936119224144387
2018-03-16,0.05353319057815846,0.0016441148907485655,0.3048594597890373,0.0003503240497460151,0.30616618700630704,0.0009354274435703395
2018-03-18,0.05343992817673653,0.0016416317819912994,0.30437694040299507,0.00035001750087504374,0.30616618700630704,0.0009330534173081409
2018-03-19,0.05343992817673653,0.0016416317819912994,0.30437694040299507,0.00035001750087504374,0.30616618700630704,0.0009330534173081409
2018-03-20,0.05331001908498684,0.0016400701950043462,0.30195971857354226,0.0003487966515521451,0.3067108330266225,0.0009343960531110716
2018-03-21,0.054235523182974386,0.001655683963045134,0.30546476463939887,0.0003505328098710039,0.3077870113881194,0.0009403622275300445
2018-03-22,0.05353491011488591,0.0016423597424779924,0.3024071610015725,0.00034983382893125764,0.30916679548616477,0.0009265092836230219
2018-03-23,0.05402777027392079,0.0016441148907485655,0.30204180258547786,0.00035192679922576106,0.3104144032283098,0.0009238984820347941
2018-03-25,0.05451789822598759,0.0016539861065167053,0.3019961948479449,0.0003577177606868181,0.3109936246306951,0.0009311507160549006
2018-03-26,0.05451789822598759,0.0016539861065167053,0.3019961948479449,0.0003577177606868181,0.3109936246306951,0.0009311507160549006
2018-03-27,0.05437767470187439,0.0016492669008625665,0.3004988280545706,0.00035924701824974854,0.3100294527980158,0.0009315410483562958
2018-03-28,0.05460691214293906,0.001655218074981379,0.30116853391157694,0.0003583844031107766,0.31019294000868536,0.000940937361799825
2018-03-29,0.05500429033464611,0.0016572754391779914,0.3026359592046727,0.0003588087549336204,0.31062653371851023,0.0009421074944651185
2018-03-30,0.0550994545154003,0.0016572754391779914,0.3026268006294638,0.00035855145213338117,0.3100294527980158,0.0009436187780136825
2018-04-01,0.05483207676490747,0.0016520733520568314,0.3014408874419726,0.0003563156957063959,0.31033733668497654,0.0009476068189786694
2018-04-02,0.05483207676490747,0.0016520733520568314,0.3014408874419726,0.0003563156957063959,0.31033733668497654,0.0009476068189786694
2018-04-03,0.054872394247178186,0.0016596133100987471,0.29984108422536054,0.00036001008028224794,0.31067478563439793,0.0009493340421694183
2018-04-04,0.05517302259887005,0.001659585767392459,0.29954469206805656,0.00035825600974456344,0.31057829678862037,0.000946199118142422
2018-04-05,0.05483448211573366,0.001656506758547575,0.29953571963456643,0.0003587057895114427,0.31038549878949656,0.0009425692552760313
2018-04-06,0.05471656817684395,0.001654068180690408,0.2969385634112302,0.00035839724750913915,0.30931023816888337,0.0009352349777881693
2018-04-08,0.05448581734174594,0.0016553824761211078,0.29220968967330957,0.00036025650262987244,0.3091190108191654,0.0009360578858196592
2018-04-09,0.05448581734174594,0.0016553824761211078,0.29220968967330957,0.00036025650262987244,0.3091190108191654,0.0009360578858196592
2018-04-10,0.05476541235617234,0.0016661390559656107,0.2936598831233665,0.0003610499332057624,0.30886122864996757,0.0009406718278194287
2018-04-11,0.054920913884007036,0.0016735561394406976,0.29612081729345574,0.0003677011325194882,0.3097605550909147,0.0009386674676629058
2018-04-12,0.055000055000055004,0.0016760806530010223,0.29301453352086265,0.00036957646537068517,0.310530074837748,0.0009350688210652304
2018-04-13,0.05545081512698237,0.0016781057542246314,0.29220968967330957,0.0003689900741670049,0.31079065141720535,0.0009344222467248499
2018-04-14,0.05554969197695799,0.0016779086546528407,0.2924917371084267,0.00036689169357205753,0.3105107902499612,0.0009353137042163941
2018-04-15,0.05554969197695799,0.0016779086546528407,0.2924917371084267,0.00036689169357205753,0.3105107902499612,0.0009353137042163941
2018-04-16,0.05554969197695799,0.0016779086546528407,0.2924917371084267,0.00036689169357205753,0.3105107902499612,0.0009353137042163941
2018-04-17,0.055438518682780796,0.0016765583609965461,0.2939620201070022,0.0003672150411280846,0.3110613412965037,0.0009384384384384385
2018-04-18,0.055346468895284474,0.0016835300257580094,0.2962436307619386,0.0003690581635665781,0.31130342745073625,0.0009403003319260172
2018-04-19,0.054209356534937934,0.0016798535167733375,0.2952029520295203,0.0003662064672062109,0.31112908745838647,0.0009382271260226676
2018-04-20,0.054023392128791765,0.0016772895001677288,0.29302311952413046,0.0003626078758430633,0.31100329663494436,0.0009349289454001497
2018-04-22,0.052792735719564984,0.0016587874263913078,0.2903263267913134,0.00035527764948307104,0.30961669453216917,0.000926251829347363
2018-04-23,0.052792735719564984,0.0016587874263913078,0.2903263267913134,0.00035527764948307104,0.30961669453216917,0.000926251829347363
2018-04-24,0.053176498114893146,0.001670843776106934,0.28842548527587897,0.0003595440980836299,0.3096934035305048,0.0009296531464110739
2018-04-25,0.05303211094317609,0.0016571381224625072,0.2870181682500502,0.0003556440714133295,0.3094538140182578,0.0009252662453621029
2018-04-26,0.05322291352873239,0.001659145208388638,0.2870840869290615,0.00035523978685612787,0.3094538140182578,0.000929117616999136
2018-04-27,0.05374032674118658,0.0016501650165016502,0.28933510792199524,0.0003566079452250196,0.3094633904809061,0.0009378839462404921
2018-04-29,0.053411955732171085,0.0016308424932320038,0.28513586724074025,0.0003566333808844508,0.3079102133817779,0.0009356374966083141
2018-04-30,0.053411955732171085,0.0016308424932320038,0.28513586724074025,0.0003566333808844508,0.3079102133817779,0.0009356374966083141
2018-05-01,0.05276209571044162,0.0016269951027447407,0.28513586724074025,0.00035721940415803385,0.307815433865854,0.0009325487489858533
2018-05-02,0.0523354703650399,0.0016200628584389074,0.28161874454363683,0.00035334440479135014,0.30640071084964915,0.0009274975189441368
2018-05-03,0.05247222907276324,0.0016171547778837912,0.2836798956057984,0.0003499440089585666,0.30576364470264483,0.0009313501783535591
2018-05-04,0.05195614901023536,0.0016075102880658435,0.28330217009462294,0.0003546853940554728,0.3062130630492697,0.0009323053113433588
2018-05-05,0.05138772552788041,0.0015891429751934783,0.28149983110010135,0.00035541654819448395,0.30543677458766033,0.0009278503562945369
2018-05-06,0.05138772552788041,0.0015891429751934783,0.28149983110010135,0.00035541654819448395,0.30543677458766033,0.0009278503562945369
2018-05-07,0.05138772552788041,0.0015891429751934783,0.28149983110010135,0.00035541654819448395,0.30543677458766033,0.0009278503562945369
2018-05-08,0.05110906674844118,0.001576739932515531,0.28037121148400485,0.00034839563808661115,0.30450669914738127,0.0009281431568005049
2018-05-09,0.05107513151846366,0.0015767896562598547,0.27831120759232975,0.00034941821866592125,0.30397908623886677,0.0009281603861147205
2018-05-10,0.051960468475583776,0.0016052910392654186,0.2821033626720831,0.00035420799093227546,0.3062224399804018,0.0009403356998448446
2018-05-11,0.05149860953754249,0.001617939715566198,0.2779167361458507,0.00035283325100557477,0.3073613032119256,0.0009376465072667605
2018-05-13,0.05104619169886831,0.0015999232036862231,0.2761820592134335,0.00035283325100557477,0.30707815138952865,0.0009353224524154701
2018-05-14,0.05104619169886831,0.0015999232036862231,0.2761820592134335,0.00035283325100557477,0.30707815138952865,0.0009353224524154701
2018-05-15,0.05082850462539392,0.0015818529825837987,0.2737026494416466,0.0003484441966619046,0.3056514961640737,0.0009271535458987364
2018-05-16,0.05109992590510743,0.0015852885225110971,0.27148092846477534,0.00034940600978336826,0.30689909157868894,0.0009298952008108685
2018-05-17,0.050635988009398045,0.0015810526648642666,0.27021184608733245,0.00034458993797381116,0.3058478101296795,0.0009257116408238834
2018-05-18,0.050130338881090836,0.0015735393620871427,0.26758000642192015,0.0003426300280956623,0.30435841246652057,0.0009258659160980308
2018-05-20,0.05041288149948074,0.0015709191447916175,0.271230573110201,0.00034782608695652176,0.3049710277523635,0.0009297222919513942
2018-05-21,0.05041288149948074,0.0015709191447916175,0.271230573110201,0.00034782608695652176,0.3049710277523635,0.0009297222919513942
2018-05-22,0.05055279481126114,0.001602641152619517,0.27539105529852387,0.00035068031982045167,0.30616618700630704,0.0009308300211298415
2018-05-23,0.050885923935720896,0.0016057292419352249,0.27598388254125955,0.00034803187972018234,0.30646644192460926,0.0009291521486643438
2018-05-24,0.051101753812190835,0.0015957107295589458,0.27404017428955085,0.0003507418189470731,0.30663559425978165,0.0009269215082866783
2018-05-25,0.051190171487074485,0.0016012041054873265,0.2739050645046427,0.0003478986919009184,0.306044376434583,0.0009289363678588017
2018-05-27,0.05104801576362727,0.0016020762908729711,0.26770894683300317,0.0003479471120389701,0.30539013589861047,0.000932114128053839
2018-05-28,0.05104801576362727,0.0016020762908729711,0.26770894683300317,0.0003479471120389701,0.30539013589861047,0.000932114128053839
2018-05-29,0.05043678253676842,0.0015892692539970121,0.2684131415074082,0.00034436447536072176,0.3056328127387756,0.0009229093795280242
2018-05-30,0.050569155849081414,0.0015936508948349774,0.2677161138328916,0.0003477051460361613,0.306044376434583,0.0009301633366819214
2018-05-31,0.05023434321107968,0.0015863195799425752,0.26865110281277704,0.00034591303746238193,0.30576364470264483,0.0009266466510990029
2018-06-01,0.050226017076845805,0.0015840580398865816,0.2657242313926607,0.000348881833722918,0.30600691575629607,0.0009344659060114191
2018-06-03,0.04979980478476524,0.001584384308257811,0.2677734636497523,0.0003496748024337366,0.3064476587398872,0.0009346755273906662
2018-06-04,0.04979980478476524,0.001584384308257811,0.2677734636497523,0.0003496748024337366,0.3064476587398872,0.0009346755273906662
2018-06-05,0.04895385609524463,0.0015784821315822704,0.2634976680456378,0.0003506311360448808,0.306044376434583,0.0009342738356612324
2018-06-06,0.04923998089488741,0.0015931177314003505,0.2599766021058105,0.0003536818278276862,0.3067955207853965,0.00093922288698331
2018-06-07,0.04889019262735895,0.001585012125342759,0.2561016211232617,0.00035114825479317367,0.30662619200932145,0.00093406439439935
2018-06-08,0.049304802287742824,0.001587603988061218,0.2703141049899984,0.0003501891021151422,0.3069650366823219,0.0009315931173900486
2018-06-10,0.04858378273332362,0.001579429510060966,0.26859337648733583,0.0003494304284017052,0.3066826141626031,0.000929843321400344
2018-06-11,0.04858378273332362,0.001579429510060966,0.26859337648733583,0.0003494304284017052,0.3066826141626031,0.000929843321400344
2018-06-12,0.048296812893317165,0.0015688735487919675,0.2691065662002153,0.00034951592045017653,0.30616618700630704,0.0009270933768449158
2018-06-13,0.04842591561299946,0.001576416804603137,0.26907760198041114,0.000348043992760685,0.3060256449490467,0.0009221944539225542
2018-06-14,0.047949672024243356,0.0015674472553998558,0.2628051825181993,0.00034941821866592125,0.30527826113502454,0.0009178606503960568
2018-06-15,0.04848719937936385,0.0015811026609957783,0.26811089066437876,0.00034559026817804813,0.3052037234854265,0.0009075068970524176
2018-06-17,0.04873650607987914,0.0015708451146716933,0.26670222696359513,0.000342219636562746,0.3052969012364524,0.0009061336184633786
2018-06-18,0.04873650607987914,0.0015708451146716933,0.26670222696359513,0.000342219636562746,0.3052969012364524,0.0009061336184633786
2018-06-19,0.04869331489479809,0.0015624267612455666,0.26752989646593006,0.0003414134516899966,0.3050175385084642,0.0008998227349212206
2018-06-20,0.04905038455501491,0.0015618410982866603,0.2653786953983334,0.00034217279726261765,0.30546476463939887,0.0009023234829686443
2018-06-21,0.04919056918407603,0.0015626220798499882,0.26611315131193786,0.0003390405153415833,0.3056234718826406,0.0009017376484485604
2018-06-22,0.04999500049995001,0.001567054251418184,0.26422173487991124,0.00034317089910775565,0.30630685821055537,0.0009004952723998199
2018-06-24,0.05023358617571708,0.0015661461840848225,0.26487961221624773,0.0003429590506893477,0.30599755201958384,0.000897996569653104
2018-06-25,0.05023358617571708,0.0015661461840848225,0.26487961221624773,0.0003429590506893477,0.30599755201958384,0.000897996569653104
2018-06-26,0.05013762778827883,0.0015605006085952372,0.2638243984803715,0.00034139014065273795,0.3062318174858368,0.0008952311039094743
2018-06-27,0.04961351075124778,0.0015480595074074646,0.258585022755482,0.0003396047001290498,0.30576364470264483,0.0008909559065921826
2018-06-28,0.05062829716785306,0.0015401912917584364,0.2595312864965872,0.00033938571186153065,0.30569821472242603,0.000893168156768875
2018-06-29,0.05022853985634638,0.0015297303085466032,0.25831116162529383,0.0003413784863277916,0.304905936518584,0.0008981417447301533
2018-07-01,0.05005255518294209,0.0015211207617772775,0.2557413943020817,0.0003413784863277916,0.3046272885125049,0.0008947024666947006
2018-07-02,0.05005255518294209,0.0015211207617772775,0.2557413943020817,0.0003413784863277916,0.3046272885125049,0.0008947024666947006
2018-07-03,0.05133997330321388,0.0015391008572791774,0.25681853202527094,0.0003439026067817594,0.30441400304414,0.0008986098505611819
2018-07-04,0.051451445271097664,0.0015363343063450607,0.25619347731406755,0.00034431704713700374,0.3039975680194559,0.0008970299338888939
2018-07-05,0.05200045760402692,0.001524413481912834,0.2544982566869417,0.00034771723634340556,0.3044603440401888,0.0008946304281701229
2018-07-06,0.05247883790861335,0.001522765341860819,0.25888627126103503,0.0003481409274474307,0.3049245311785333,0.000897512991500552
2018-07-08,0.05213628424702172,0.001537704514700455,0.2585181738276201,0.0003468007629616785,0.30539013589861047,0.0008992886626678297
2018-07-09,0.05213628424702172,0.001537704514700455,0.2585181738276201,0.0003468007629616785,0.30539013589861047,0.0008992886626678297
2018-07-10,0.0526623448435665,0.0015433765993240012,0.2628051825181993,0.00034838350055741357,0.30594138163127943,0.00089917545610675
2018-07-11,0.05243288590604027,0.0015314639263672143,0.25818444696891457,0.00034556638330223235,0.30511060259344014,0.0008876028509803573
2018-07-12,0.05270175549547556,0.0015409745122815666,0.25761908442177395,0.0003479350057409276,0.3060912151821243,0.0008909876598209115
2018-07-13,0.05296049147336087,0.0015381539076800026,0.25974700641575105,0.00035015231625757206,0.3062318174858368,0.0008861320336730173
2018-07-14,0.053093774224034496,0.0015375626556782189,0.2591344908007256,0.0003480076561684357,0.30637254901960786,0.000887201234984119
2018-07-15,0.053093774224034496,0.0015375626556782189,0.2591344908007256,0.0003480076561684357,0.30637254901960786,0.000887201234984119
2018-07-16,0.053093774224034496,0.0015375626556782189,0.2591344908007256,0.0003480076561684357,0.30637254901960786,0.000887201234984119
2018-07-17,0.05292713521295233,0.0015295899169432674,0.2602811035918792,0.0003486142583231654,0.3060818462856968,0.0008891101785333238
2018-07-18,0.052924053982535066,0.001532520076012996,0.2596930428233828,0.0003492595697122101,0.30595074193054916,0.0008842514811212308
2018-07-19,0.05250143066398559,0.001506886471173262,0.26046414711015026,0.0003471257983893363,0.3056701818737582,0.0008818419915519537
2018-07-20,0.05258176464402145,0.00151398162026313,0.2653786953983334,0.0003487358326068004,0.3054834275240568,0.0008877840909090909
2018-07-22,0.05285943091536677,0.0015106881184379483,0.2641658961828028,0.0003439144340887987,0.3053062221408072,0.0008834624660971278
2018-07-23,0.05285943091536677,0.0015106881184379483,0.2641658961828028,0.0003439144340887987,0.3053062221408072,0.0008834624660971278
2018-07-24,0.052980132450331126,0.0015277671682835537,0.266865926558497,0.00034572169403630077,0.3056701818737582,0.0008868314399482091
2018-07-25,0.05356129018435796,0.0015483471394286599,0.27117173305854597,0.0003468849729429721,0.30599755201958384,0.0008964589870013447
2018-07-26,0.0536394357131363,0.001545141303172175,0.26726534103057514,0.0003469933030292515,0.3060256449490467,0.0008907336973465042
2018-07-27,0.05371146202599635,0.0015550406643133716,0.2696508022111366,0.0003466204506065858,0.30630685821055537,0.0008975452138401471
2018-07-29,0.053967123228529174,0.0015662688343827333,0.26816121852457697,0.00034854135443170334,0.30625995344848705,0.0008959369260404066
2018-07-30,0.053967123228529174,0.0015662688343827333,0.26816121852457697,0.00034854135443170334,0.30625995344848705,0.0008959369260404066
2018-07-31,0.05361240376573524,0.0015695630336514314,0.2663683341324383,0.0003462483986011565,0.3061286965040103,0.000899555619523955
2018-08-01,0.053810887018661616,0.001555960105182903,0.2665742542585237,0.00034548281223009154,0.30625057421982665,0.0008944303820112162
2018-08-02,0.05364864429875857,0.001550267421130145,0.2660494319844627,0.0003444237790177034,0.30598818885591017,0.0008867527999219657
2018-08-03,0.053908355795148244,0.0015531567911780694,0.26981814257190656,0.00034592500345925,0.3064194882794546,0.000891392711973187
2018-08-05,0.05394325169921243,0.0015461925009663702,0.2682547346960674,0.000344934634886689,0.3062318174858368,0.0008890390377041457
2018-08-06,0.05394325169921243,0.0015461925009663702,0.2682547346960674,0.000344934634886689,0.3062318174858368,0.0008890390377041457
2018-08-07,0.05419055566995785,0.0015552099533437014,0.26602819898909286,0.0003460447089763997,0.3064194882794546,0.0008960814358808929
2018-08-08,0.05414214478692359,0.0015501232347971663,0.26563247091324443,0.00034378437843784375,0.3063537773420746,0.0008966197435667534
2018-08-09,0.05349309939017867,0.0015457383992333136,0.2631509697113234,0.0003435481654527965,0.3063256241384592,0.000891503967192654
2018-08-10,0.05291285253187999,0.0015289117206372506,0.2592083776147645,0.00034002040122407346,0.305008235222351,0.0008859985646823251
2018-08-12,0.052321778940483975,0.0015148760831363995,0.25750630890456816,0.0003332444681418288,0.30458089668615984,0.0008807080893038003
2018-08-13,0.052321778940483975,0.0015148760831363995,0.25750630890456816,0.0003332444681418288,0.30458089668615984,0.0008807080893038003
2018-08-14,0.052968907251443396,0.0015057292999864484,0.2584780810587262,0.0003320494089520521,0.30351777096549,0.00088809158000373
2018-08-15,0.052111560428565476,0.00149812734082397,0.2565878941831524,0.00032813781788351107,0.3014772384684956,0.0008805917576611484
2018-08-16,0.0525696021532509,0.00149441090322195,0.2560360498758225,0.00033132330528129353,0.3022974607013301,0.0008882335698995409
2018-08-17,0.05294086505373498,0.0014981946754161234,0.2556237218813906,0.0003299241174529858,0.3023888720895071,0.0008936390770495613
2018-08-19,0.05267205326198026,0.00149637876339259,0.25253800697004897,0.00033024008454146165,0.30261764260856405,0.0008955758552749418
2018-08-20,0.05267205326198026,0.00149637876339259,0.25253800697004897,0.00033024008454146165,0.30261764260856405,0.0008955758552749418
2018-08-21,0.05279831045406547,0.001506682135269922,0.2469745616201531,0.00033588606744592236,0.30400680975253846,0.000897021887334051
2018-08-22,0.053344998106252574,0.0015111903646502348,0.24752475247524752,0.000337997701615629,0.3048780487804878,0.0008958325868061777
2018-08-23,0.052592826338487435,0.0014936073604970726,0.2430428970713331,0.0003349298322001541,0.30321406913280774,0.0008884150675195452
2018-08-24,0.05293806246691371,0.00151398162026313,0.24360535931790497,0.00033852403520649965,0.30389594602808,0.000897803075873338
2018-08-26,0.05319120642975303,0.00151775008727063,0.2452062184296994,0.0003401939105290015,0.3042102701387199,0.0009025270758122744
2018-08-27,0.05319120642975303,0.00151775008727063,0.2452062184296994,0.0003401939105290015,0.3042102701387199,0.0009025270758122744
2018-08-28,0.05243261098672931,0.001508727991430425,0.24193158174868148,0.00033472803347280337,0.3040715176209445,0.000903954802259887
2018-08-29,0.05271731394741975,0.0014981048973049093,0.24354603019970775,0.00033352232931994794,0.30411775439450156,0.0009019735180575098
2018-08-30,0.05234944300192646,0.0014727974314412795,0.24097546869728662,0.0003301092661671013,0.30295685894328644,0.000896804684907674
2018-08-31,0.05244113482615764,0.0014683209749651275,0.2460932693490833,0.0003283748727547368,0.30303030303030304,0.0008968931620865322
2018-09-02,0.05209961446285298,0.0014653517576894335,0.24059282071023003,0.00032815935418239095,0.30298439630359036,0.0008979078746520606
2018-09-03,0.05209961446285298,0.0014653517576894335,0.24059282071023003,0.00032815935418239095,0.30298439630359036,0.0008979078746520606
2018-09-04,0.05152753373765272,0.0014454209065679925,0.240610187435336,0.00032379225488926306,0.3017774692941425,0.0008919651776794635
2018-09-05,0.05171272546748304,0.0014585977041672135,0.2421248880172393,0.000323185314459311,0.3018503426001389,0.0008946944618412812
2018-09-06,0.05199342803069692,0.001457046275789719,0.24634182391486426,0.0003243699114470142,0.30129557095510695,0.0008893236693494597
2018-09-07,0.051812129219450276,0.001453044855494689,0.24584521585209954,0.0003271716015049894,0.30100535789537053,0.0008872563372283887
2018-09-09,0.05188013613347721,0.001436472024707319,0.2447620912473076,0.00032396008811714393,0.3004266057802079,0.0008800492827598346
2018-09-10,0.05188013613347721,0.001436472024707319,0.2447620912473076,0.00032396008811714393,0.3004266057802079,0.0008800492827598346
2018-09-11,0.052116448993631374,0.001435523463631013,0.24059860934003802,0.00032468586642423456,0.30007501875468867,0.0008893157604539068
2018-09-12,0.05251411316791388,0.0014514420076345849,0.24036150370156714,0.0003285259042675515,0.3004807692307692,0.000888375605205881
2018-09-13,0.05310618049728627,0.0014666412448850886,0.23872615722504714,0.0003316749585406302,0.30217870848819994,0.0008924029734867077
2018-09-14,0.05296329643557015,0.0014561551678946908,0.24023446884158936,0.000331092937787637,0.3024345985180705,0.0008927296100557062
2018-09-16,0.05301467976482688,0.001458172326805582,0.24183212014219727,0.0003314990386527879,0.3021604471974619,0.0008889916168090536
2018-09-17,0.05301467976482688,0.001458172326805582,0.24183212014219727,0.0003314990386527879,0.3021604471974619,0.0008889916168090536
2018-09-18,0.053185265554030914,0.0014635288607891348,0.24041929124392944,0.0003319612269286947,0.30282841741869054,0.000892968763952637
2018-09-19,0.0532989377521706,0.0014723637327365353,0.24210144050357102,0.00033031644315254015,0.3031956824934813,0.0008913450396648542
2018-09-20,0.05306728932286139,0.001499902506337088,0.2456821364518586,0.000333000333000333,0.30349013657056145,0.0008962661551974474
2018-09-21,0.053106744556558685,0.0015015240469076112,0.2470111649046537,0.0003337783711615487,0.3040715176209445,0.0008981094795455566
2018-09-22,0.05269592344336242,0.001486104919007282,0.24441511463068874,0.0003333888981496916,0.30303030303030304,0.0008946384318777567
2018-09-23,0.05269592344336242,0.001486104919007282,0.24441511463068874,0.0003333888981496916,0.30303030303030304,0.0008946384318777567
2018-09-24,0.05269592344336242,0.001486104919007282,0.24441511463068874,0.0003333888981496916,0.30303030303030304,0.0008946384318777567
2018-09-25,0.05266012627898282,0.0015006002400960385,0.2450740123517302,0.00033344448149383126,0.30284675953967294,0.000896467023460542
2018-09-26,0.05306193920163006,0.0015088190473316536,0.24807740014884647,0.00033360021350413666,0.30293850348379275,0.0008977224780731284
2018-09-27,0.05320479055934196,0.0015160473613195675,0.24922118380062305,0.0003351431061063074,0.3035269835488375,0.0008997579651073861
2018-09-28,0.05349023803155924,0.0015209356796301084,0.2476228209191759,0.00033786066626123384,0.3031221582297666,0.0009013231423730036
2018-09-30,0.05344449788894234,0.0015185798241484564,0.24925224327018947,0.000333667000333667,0.3024803387779794,0.0008993048373607201
2018-10-01,0.05344449788894234,0.0015185798241484564,0.24925224327018947,0.000333667000333667,0.3024803387779794,0.0008993048373607201
2018-10-02,0.053194601811808136,0.0015124245678246797,0.2538135485672225,0.0003316419593406958,0.3020509257860875,0.000895335303071
2018-10-03,0.05251411316791388,0.001506931886678722,0.25650891368475054,0.0003316749585406302,0.30102347983142685,0.0008895768283027763
2018-10-04,0.052305632270482884,0.0014816351325322628,0.2580778362754207,0.0003297935492381769,0.3006162633398467,0.0008831035792188067
2018-10-05,0.053146258503401364,0.0014799905280606204,0.2606746259319118,0.00033005478909498974,0.30134096730450505,0.0008845643520566122
2018-10-06,0.052818668230099244,0.0014732965009208103,0.26494979201441327,0.0003285798777682855,0.30134096730450505,0.0008826203232155624
2018-10-07,0.052818668230099244,0.0014732965009208103,0.26494979201441327,0.0003285798777682855,0.30134096730450505,0.0008826203232155624
2018-10-08,0.052818668230099244,0.0014732965009208103,0.26494979201441327,0.0003285798777682855,0.30134096730450505,0.0008826203232155624
2018-10-09,0.05261441003462028,0.0014694645271263152,0.2700658960786432,0.0003269683494637719,0.30098723814110284,0.0008832361773538244
2018-10-10,0.05218798110795084,0.0014534461207523037,0.2665103139491498,0.00032333160889808587,0.3004807692307692,0.0008756030716155753
2018-10-11,0.05271092275741379,0.0014638502188456077,0.2652027475004641,0.00032379225488926306,0.3004807692307692,0.0008815621280909773
2018-10-12,0.05305884225606197,0.0014716703458425313,0.26438939269756495,0.00032331070158422246,0.2999850007499625,0.0008851124092759781
2018-10-14,0.053098284925396914,0.0014797715232768062,0.2681252681252681,0.0003245699448231094,0.30007501875468867,0.0008815932152586154
2018-10-15,0.053098284925396914,0.0014797715232768062,0.2681252681252681,0.0003245699448231094,0.30007501875468867,0.0008815932152586154
2018-10-16,0.05333333333333334,0.0014948129988938384,0.2684491691498215,0.00032794411832223785,0.3003003003003003,0.0008910829330885825
2018-10-17,0.05297732570459843,0.0014848912317172766,0.27196083763937995,0.00032625362957162897,0.3002371873780286,0.0008871146595697493
2018-10-18,0.05223023085762039,0.0014795525832988104,0.2698909640505236,0.00032362459546925567,0.3000300030003,0.0008799718409010911
2018-10-19,0.051929168614010486,0.0014716486880251946,0.26926598093596854,0.0003251926766609216,0.30036343976211216,0.0008844469995135541
2018-10-21,0.0515493146518617,0.0014660177094939306,0.2713998805840525,0.0003243278305711413,0.300543984612148,0.0008844078889183691
2018-10-22,0.0515493146518617,0.0014660177094939306,0.2713998805840525,0.0003243278305711413,0.300543984612148,0.0008844078889183691
2018-10-23,0.051837644497434034,0.0014664906877841326,0.27067994802945,0.00032071840923669016,0.3002371873780286,0.0008802816901408451
2018-10-24,0.0510204081632653,0.0014484986311687935,0.26857894878199445,0.00031625553447185326,0.2997152704930316,0.0008794301292762291
2018-10-25,0.05131863225581312,0.001455646452589595,0.2704822698872089,0.00031570639305445933,0.2995805871779509,0.0008812125484666902
2018-10-26,0.05166890565257828,0.0014555828881675668,0.2745291824520947,0.00031486146095717883,0.29906989263390854,0.0008781327385447584
2018-10-28,0.049940570720842195,0.0014427308008598675,0.26903416733925206,0.0003139717425431711,0.29849855228202143,0.0008760402978537013
2018-10-29,0.049940570720842195,0.0014427308008598675,0.26903416733925206,0.0003139717425431711,0.29849855228202143,0.0008760402978537013
2018-10-30,0.04983405260482593,0.0014426267347586487,0.2694546238413451,0.00031210986267166043,0.29748624126134166,0.0008786188112287483
2018-10-31,0.04917847359853645,0.0014374838283069315,0.26829071982400127,0.00031103231625765915,0.2970620562635535,0.0008769391316548719
2018-11-01,0.04959628623008709,0.001452960406828914,0.2705334920463153,0.0003135484275546358,0.29757476565987206,0.0008860927739134288
2018-11-02,0.0499425660490436,0.0014595557112414982,0.27054081108135164,0.00031416902293433867,0.29862334637321947,0.0008955758552749418
2018-11-04,0.05030611269575366,0.0014724938155259747,0.2683987331579795,0.0003147623544224111,0.2972298180953513,0.0008920606601248885
2018-11-05,0.05030611269575366,0.0014724938155259747,0.2683987331579795,0.0003147623544224111,0.2972298180953513,0.0008920606601248885
2018-11-06,0.05071071060918777,0.0014700693872750793,0.26587259385302564,0.00031790437436419127,0.29687685548034676,0.0008929767379559764
2018-11-07,0.05035043905582856,0.0014808014097229421,0.2677304489839629,0.00031978510440983657,0.29778743932580926,0.0008969977485356513
2018-11-08,0.04963271788763153,0.00147597118904239,0.26646770411426135,0.00031746031746031746,0.29735355337496283,0.0008933197548730592
2018-11-09,0.049662296384584824,0.0014614968650892243,0.26837712353398996,0.0003146138115463269,0.2968239833778569,0.0008855905560623101
2018-11-10,0.049147294441440996,0.0014549263807251353,0.2659150135616657,0.0003150300853731531,0.2965159377316531,0.0008793141349747197
2018-11-11,0.049147294441440996,0.0014549263807251353,0.2659150135616657,0.0003150300853731531,0.2965159377316531,0.0008793141349747197
2018-11-12,0.049147294441440996,0.0014549263807251353,0.2659150135616657,0.0003150300853731531,0.2965159377316531,0.0008793141349747197
2018-11-13,0.04880905896134323,0.0014468011227176713,0.26244652652022155,0.0003138633439000659,0.29607698001480387,0.0008846973892580043
2018-11-14,0.0490174453087854,0.0014655665147362711,0.2643195094229905,0.00031243165557534293,0.2954384306310565,0.0008850732398105945
2018-11-15,0.049395156310972146,0.0014848691830249754,0.2642845816375073,0.0003136959658698789,0.29581422866439877,0.0008876974017097052
2018-11-16,0.04961301845604287,0.0014932505077051728,0.2673296441842436,0.00031584599349357255,0.29677113010446343,0.000892936869363336
2018-11-17,0.04912821974070126,0.001493942064926722,0.2658019244059327,0.0003150896430034345,0.2967799376762131,0.0008884150675195452
2018-11-18,0.04912821974070126,0.001493942064926722,0.2658019244059327,0.0003150896430034345,0.2967799376762131,0.0008884150675195452
2018-11-19,0.04912821974070126,0.001493942064926722,0.2658019244059327,0.0003150896430034345,0.2967799376762131,0.0008884150675195452
2018-11-20,0.04911856730962871,0.0014891145724752063,0.2653927813163482,0.00031288132411376365,0.29563932002956395,0.000885810206305197
2018-11-21,0.04933082732730511,0.001501163401636268,0.26424268047775074,0.00031345014575431774,0.2965950883853363,0.0008807468733485996
2018-11-22,0.04926059841774958,0.0014968267273380432,0.2629295611705624,0.0003137451761679164,0.2963841138114997,0.0008815621280909773
2018-11-23,0.04899318994659742,0.0014836355004302544,0.2620888481195125,0.00031000062000123996,0.29607698001480387,0.0008833922261484099
2018-11-24,0.0485206067016662,0.0014781966001478197,0.25383287643415575,0.00030864197530864197,0.29634019854793303,0.0008862733976176972
2018-11-25,0.0485206067016662,0.0014781966001478197,0.25383287643415575,0.00030864197530864197,0.29634019854793303,0.0008862733976176972
2018-11-26,0.0485206067016662,0.0014781966001478197,0.25383287643415575,0.00030864197530864197,0.29634019854793303,0.0008862733976176972
2018-11-27,0.048849830735336504,0.001481152336517811,0.2580778362754207,0.00030679552078539653,0.2963665461442712,0.0008856454584100894
2018-11-28,0.04935420028921561,0.0014825796886582653,0.260532006356981,0.0003061849357011635,0.2969561989606533,0.0008913847662343451
2018-11-29,0.04944522458021004,0.0014920028646455,0.2594437525944375,0.0003089852923000865,0.2962524070508073,0.0008954315084439192
2018-11-30,0.04910698939780098,0.001489491636504461,0.25865190626454915,0.0003093580819798917,0.2960243924099346,0.0008937029688812626
2018-12-01,0.04915381703966221,0.0014949023828743982,0.26037598291933556,0.00031377470975839345,0.2963841138114997,0.0009027470593014543
2018-12-02,0.04915381703966221,0.0014949023828743982,0.26037598291933556,0.00031377470975839345,0.2963841138114997,0.0009027470593014543
2018-12-03,0.04915381703966221,0.0014949023828743982,0.26037598291933556,0.00031377470975839345,0.2963841138114997,0.0009027470593014543
2018-12-04,0.04876027013189653,0.0014916690284759618,0.25965258484148207,0.00031504001008128037,0.2961558964638986,0.000900852206187053
2018-12-05,0.04879310260701547,0.001487232112315769,0.2588326646822829,0.00031665611146295124,0.29649835443413286,0.0008996608278678939
2018-12-06,0.04916686743137535,0.001480779482319493,0.2572744346394299,0.0003140506249607437,0.2965159377316531,0.0008942144326209425
2018-12-07,0.04922955742627874,0.0014824917721706645,0.2559377559377559,0.0003180560414745078,0.2972209838014564,0.0008900756564307966
2018-12-08,0.04925598829677718,0.0014747304930024037,0.2548549875121056,0.0003134992789516584,0.2973093503790694,0.0008843687817820031
2018-12-09,0.04925598829677718,0.0014747304930024037,0.2548549875121056,0.0003134992789516584,0.2973093503790694,0.0008843687817820031
2018-12-10,0.04925598829677718,0.0014747304930024037,0.2548549875121056,0.0003134992789516584,0.2973093503790694,0.0008843687817820031
2018-12-11,0.04955131286203428,0.0014634217727891355,0.2555518642508497,0.0003140210394096404,0.29801817910892564,0.0008870674437377475
2018-12-12,0.04985417653363911,0.0014752961657052653,0.2600036400509607,0.00031575623618566466,0.2981870229007633,0.0008903292437543403
2018-12-13,0.04925016621931099,0.0014662971597824016,0.25787152840454886,0.00031466331025802394,0.2989983555090447,0.0008882572392965003
2018-12-14,0.049448647579488705,0.0014630791964769052,0.25533001404315075,0.0003132832080200501,0.2992667963489451,0.0008837825894829872
2018-12-15,0.0498352943521661,0.0014532349008893797,0.25646286417726716,0.00031473263462688443,0.29953571963456643,0.0008866427273130292
2018-12-16,0.0498352943521661,0.0014532349008893797,0.25646286417726716,0.00031473263462688443,0.29953571963456643,0.0008866427273130292
2018-12-17,0.0498352943521661,0.0014532349008893797,0.25646286417726716,0.00031473263462688443,0.29953571963456643,0.0008866427273130292
2018-12-18,0.0498412556009111,0.001449590490686381,0.25561718769970093,0.0003122462998813464,0.2991593621922398,0.000888494002665482
2018-12-19,0.049765604005135806,0.001448246897131023,0.25657472738935216,0.0003108196313679172,0.2987750224081267,0.0008862891075068688
2018-12-20,0.05032459362890645,0.001447198946439167,0.2598279938680593,0.0003059975520195838,0.29898047657487964,0.0008919810900008921
2018-12-21,0.05015045135406218,0.001442501875252438,0.25714873482822465,0.00030376670716889426,0.29779630732578916,0.0008865248226950354
2018-12-22,0.05035170667109762,0.0014530870835089147,0.2572876733475699,0.0003038128512836093,0.2983738624496494,0.0008909559065921826
2018-12-23,0.05035170667109762,0.0014530870835089147,0.2572876733475699,0.0003038128512836093,0.2983738624496494,0.0008909559065921826
2018-12-24,0.05035170667109762,0.0014530870835089147,0.2572876733475699,0.0003038128512836093,0.2983738624496494,0.0008909559065921826
2018-12-25,0.050232072173441306,0.0014530870835089147,0.25619347731406755,0.000303905181583346,0.2983738624496494,0.0008906860954993631
2018-12-26,0.05024746878376002,0.0014428557000014427,0.25501746869660574,0.0003046458492003046,0.2969473809241003,0.0008904560916101227
2018-12-27,0.050803198569381924,0.0014354410392593126,0.25829114577952267,0.0003050640634533252,0.29707970648525,0.0008933357155619081
2018-12-28,0.0508879955218564,0.0014428348819761066,0.25854490925073687,0.0003081664098613251,0.2967799376762131,0.0008964188068665681
2018-12-29,0.05090094675760969,0.001443001443001443,0.2586452163567235,0.00030807147258163895,0.2969561989606533,0.0008995394358088658
2018-12-30,0.05090094675760969,0.001443001443001443,0.2586452163567235,0.00030807147258163895,0.2969561989606533,0.0008995394358088658
2018-12-31,0.05090094675760969,0.001443001443001443,0.2586452163567235,0.00030807147258163895,0.2969561989606533,0.0008995394358088658
2019-01-01,0.050908720663849716,0.0014359357275168364,0.2586452163567235,0.0003081664098613251,0.2969561989606533,0.0008984725965858042
2019-01-02,0.05097021810156326,0.0014359357275168364,0.2638870563398865,0.0003088803088803089,0.2973005113568795,0.0008922118824778508
2019-01-03,0.05097827306002182,0.0014421066293641752,0.26654583255590797,0.0003083564600678384,0.29735355337496283,0.0008900598120193677
2019-01-04,0.05149595756733096,0.0014687307229092619,0.26916451335055985,0.0003134108502836368,0.2992936669460074,0.000896579549020487
2019-01-05,0.05168252458796107,0.0014684287812041115,0.2677376171352075,0.00031456432840515884,0.2987750224081267,0.0008958967926894822
2019-01-06,0.05168252458796107,0.0014684287812041115,0.2677376171352075,0.00031456432840515884,0.2987750224081267,0.0008958967926894822
2019-01-07,0.05168252458796107,0.0014684287812041115,0.2677376171352075,0.00031456432840515884,0.2987750224081267,0.0008958967926894822
2019-01-08,0.05172502974189211,0.0014702206801240868,0.2691862499663517,0.0003175712153450411,0.29974222168934717,0.0008925224469395405
2019-01-09,0.052043487538186904,0.0014799905280606204,0.2710614767429253,0.00031910141042823406,0.29994001199760045,0.0008942944017170452
2019-01-10,0.05228430111574699,0.0014803191568102084,0.2695926455126304,0.0003189385724309498,0.2994639595124727,0.0008957924628022181
2019-01-11,0.05227391531625719,0.0014825137503150343,0.26949819436209776,0.00031895891809134984,0.29911462072266093,0.0008954716001182022
2019-01-12,0.05268010009219017,0.0014850455908996406,0.2704456945045435,0.00031887755102040814,0.2994908655286014,0.0008918219923303309
2019-01-13,0.05268010009219017,0.0014850455908996406,0.2704456945045435,0.00031887755102040814,0.2994908655286014,0.0008918219923303309
2019-01-14,0.05268010009219017,0.0014850455908996406,0.2704456945045435,0.00031887755102040814,0.2994908655286014,0.0008918219923303309
2019-01-15,0.05262050094716901,0.0014809987855809957,0.2686078057428349,0.0003185423502054598,0.3003453972067878,0.0008914006578536856
2019-01-16,0.05295852817658492,0.0014955731036133046,0.26855731012998174,0.0003209654641160611,0.30058915474329684,0.0008937828465196097
2019-01-17,0.052622716174118046,0.0014920473874250246,0.2667733760170735,0.0003194581988946746,0.30120481927710846,0.0008925941463675882
2019-01-18,0.052419143471195674,0.001490690636972109,0.26666666666666666,0.0003204306588054345,0.3015226895823911,0.0008892208646783689
2019-01-19,0.052199422674385224,0.0014883610168482467,0.2660565104028096,0.0003200716960599174,0.3006162633398467,0.0008831035792188067
2019-01-20,0.052199422674385224,0.0014883610168482467,0.2660565104028096,0.0003200716960599174,0.3006162633398467,0.0008831035792188067
2019-01-21,0.052199422674385224,0.0014883610168482467,0.2660565104028096,0.0003200716960599174,0.3006162633398467,0.0008831035792188067
2019-01-22,0.05219479095986221,0.0014848912317172766,0.26219192448872575,0.00031809651048128005,0.30028226532940966,0.0008852691218130313
2019-01-23,0.0525425331806097,0.001488316713796696,0.26532236667551073,0.00031733942625031736,0.2998320940273447,0.0008887624871129439
2019-01-24,0.0526066600031564,0.0014884717860172958,0.26547732823616865,0.0003155071777882947,0.29906989263390854,0.000887342940299567
2019-01-25,0.052689815058749145,0.001494276919398703,0.26530124956888546,0.00031751071598666456,0.2995177763800282,0.0008950307890591437
2019-01-26,0.05254584625085387,0.0014913798246137327,0.2654702806020866,0.0003168065895770632,0.2981514609421586,0.0008926977325477593
2019-01-27,0.05254584625085387,0.0014913798246137327,0.2654702806020866,0.0003168065895770632,0.2981514609421586,0.0008926977325477593
2019-01-28,0.05254584625085387,0.0014913798246137327,0.2654702806020866,0.0003168065895770632,0.2981514609421586,0.0008926977325477593
2019-01-29,0.05262603936427745,0.0014989806931286725,0.2688244307642679,0.000317299149638279,0.2983204558336565,0.0008952711776397071
2019-01-30,0.05232041019201591,0.0015070908625081007,0.27139251499443645,0.0003162855425878483,0.29871254891417987,0.0009013068949977468
2019-01-31,0.05231411487133343,0.0015257624998092799,0.27444630458050884,0.0003223414885729942,0.30026423252462164,0.0009001305189252441
2019-02-01,0.05237247302817639,0.0015304560759106215,0.27326137450471377,0.00032393909944930353,0.3009781790820166,0.0008944543828264759
2019-02-02,0.05235656917873486,0.0015332955120440361,0.2729332132427195,0.00032414910858995135,0.30079711234772144,0.000892458723784025
2019-02-03,0.05235656917873486,0.0015332955120440361,0.2729332132427195,0.00032414910858995135,0.30079711234772144,0.000892458723784025
2019-02-04,0.05235656917873486,0.0015332955120440361,0.2729332132427195,0.00032414910858995135,0.30079711234772144,0.000892458723784025
2019-02-05,0.05251576785929976,0.0015357444521231667,0.27251669164736336,0.000321853878339234,0.3011413256241154,0.0008938946992044337
2019-02-06,0.05232670702800002,0.0015280239594156835,0.27054081108135164,0.00032216494845360824,0.30132280712327114,0.0008918378995433791
2019-02-07,0.052398268761200135,0.0015193873830071716,0.2695272492048946,0.0003211097553143665,0.3011866755014758,0.0008903450977598917
2019-02-08,0.05242463958060289,0.0015206350171831757,0.268017474739353,0.0003211716341212744,0.3012501882813677,0.0008904719501335708
2019-02-09,0.05177189303926898,0.0015116243915711824,0.2660848278431164,0.0003187860626733399,0.30141362992434517,0.0008892683100345036
2019-02-10,0.05177189303926898,0.0015116243915711824,0.2660848278431164,0.0003187860626733399,0.30141362992434517,0.0008892683100345036
2019-02-11,0.05177189303926898,0.0015116243915711824,0.2660848278431164,0.0003187860626733399,0.30141362992434517,0.0008892683100345036
2019-02-12,0.051970189899073885,0.0015152892687213988,0.2695272492048946,0.0003200512081933109,0.30039050765995795,0.0008914006578536856
2019-02-13,0.051469187970621395,0.0015076134479119555,0.2668018462687762,0.00031857279388340236,0.2997152704930316,0.0008898776418242492
2019-02-14,0.05193483217258984,0.0015058880221666719,0.2677161138328916,0.00031755104633069764,0.2997601918465228,0.0008868393047179852
2019-02-15,0.051991265467401473,0.0015115786927867466,0.27023375219564927,0.0003194888178913738,0.2997601918465228,0.000888494002665482
2019-02-16,0.05197505197505198,0.00151372952680815,0.26762297275598135,0.0003193357815743254,0.30016509079993997,0.0008894027660426025
2019-02-17,0.05197505197505198,0.00151372952680815,0.26762297275598135,0.0003193357815743254,0.30016509079993997,0.0008894027660426025
2019-02-18,0.05197505197505198,0.00151372952680815,0.26762297275598135,0.0003193357815743254,0.30016509079993997,0.0008894027660426025
2019-02-19,0.05221550382739643,0.0015261583541908309,0.26856452262656105,0.000321099444497961,0.3021148036253776,0.0008920367875971206
2019-02-20,0.052048092437412166,0.001531675039823551,0.26930223790159696,0.0003216054544285071,0.30120481927710846,0.0008915357594993134
2019-02-21,0.05184597597457473,0.0015285378007398123,0.26663111585121985,0.0003202664616961312,0.3012501882813677,0.0008897192935628809
2019-02-22,0.05227473509777989,0.0015362634999155056,0.26681608367352383,0.00032190568163528087,0.3026634382566586,0.0008916709021034516
2019-02-23,0.052281294275721084,0.0015378700499807767,0.2665671482646479,0.0003225286244154169,0.30284675953967294,0.0008952551477170994
2019-02-24,0.052281294275721084,0.0015378700499807767,0.2665671482646479,0.0003225286244154169,0.30284675953967294,0.0008952551477170994
2019-02-25,0.052281294275721084,0.0015378700499807767,0.2665671482646479,0.0003225286244154169,0.30284675953967294,0.0008952551477170994
2019-02-26,0.05217708904020244,0.0015438531486884966,0.26668800170680323,0.000324728040266277,0.3028926245645919,0.0008975613258775905
2019-02-27,0.05217708904020244,0.0015409982586719678,0.2684203462622467,0.00032583903551645487,0.30349013657056145,0.0008958967926894822
2019-02-28,0.0518960211320598,0.0015255530129672007,0.26735823329679437,0.00032464370353536994,0.3028926245645919,0.0008896876306728707
2019-03-01,0.0519318653926049,0.0015165531779371844,0.26499191774650876,0.00032313309852328173,0.302571860816944,0.0008879654048678263
2019-03-02,0.05184678238868495,0.0015155189136760426,0.265188681747063,0.00032321142875612084,0.30307622367025305,0.0008873901854645487
2019-03-03,0.05184678238868495,0.0015155189136760426,0.265188681747063,0.00032321142875612084,0.30307622367025305,0.0008873901854645487
2019-03-04,0.05184678238868495,0.0015155189136760426,0.265188681747063,0.00032321142875612084,0.30307622367025305,0.0008873901854645487
2019-03-05,0.05196019848795822,0.0015209819459443016,0.26494277236117,0.00032290876212926037,0.3021604471974619,0.0008884150675195452
2019-03-06,0.051647023582030965,0.0015152203888055516,0.2604166666666667,0.00032211824960943163,0.30276423748826786,0.0008875319511502414
2019-03-07,0.05117288246612355,0.0014981946754161234,0.25756600128783,0.0003184713375796178,0.3026634382566586,0.0008824567596187787
2019-03-08,0.051268905408869525,0.0014910240353074493,0.2586050841759549,0.0003153280988868918,0.3017956843217142,0.0008830801836806782
2019-03-09,0.05158095631093,0.0014920696498112531,0.2604573631296557,0.00031474254060178774,0.3021604471974619,0.0008844078889183691
2019-03-10,0.05158095631093,0.0014920696498112531,0.2604573631296557,0.00031474254060178774,0.3021604471974619,0.0008844078889183691
2019-03-11,0.05158095631093,0.0014920696498112531,0.2604573631296557,0.00031474254060178774,0.3021604471974619,0.0008844078889183691
2019-03-12,0.05170711024472975,0.0015035785168701508,0.26247408068453243,0.00031776294884016526,0.3031681067151735,0.0008875398283497972
2019-03-13,0.05184839529216571,0.00149678191887442,0.2624052061192894,0.0003180610995372211,0.30372057706909644,0.0008855042946958293
2019-03-14,0.051787175423878035,0.0014896691444830103,0.2601524493353105,0.000318420633657061,0.3038590094196293,0.0008812125484666902
2019-03-15,0.052086046148236885,0.0014936519790888724,0.2623088424310783,0.0003205128205128205,0.3035822707953855,0.0008816787162757891
2019-03-17,0.05247443183308933,0.0015026296018031556,0.26381047855220807,0.00032273680813296756,0.3036283588887202,0.0008843453191602257
2019-03-18,0.05247443183308933,0.0015026296018031556,0.26381047855220807,0.00032273680813296756,0.3036283588887202,0.0008843453191602257
2019-03-19,0.05258701836864551,0.00149947518368571,0.26464828243264704,0.0003229661208539224,0.3036283588887202,0.0008855670285683923
2019-03-20,0.05309151916072927,0.0015104371205026737,0.26490066225165565,0.0003239915762190183,0.30327843993570497,0.0008891259891526629
2019-03-21,0.0530267679124422,0.0014991829452948144,0.26342825531466507,0.0003239915762190183,0.3035822707953855,0.0008866270048853149
2019-03-22,0.05239717055279015,0.0014744260796484968,0.2560753885944022,0.00031969309462915604,0.3035546246547066,0.0008813601149293591
2019-03-24,0.05256711506415817,0.0014719302893814949,0.2589264907692706,0.0003198331750159117,0.30337044565118465,0.0008822621200758745
2019-03-25,0.05256711506415817,0.0014719302893814949,0.2589264907692706,0.0003198331750159117,0.30337044565118465,0.0008822621200758745
2019-03-26,0.0523477987750615,0.0014701774504182654,0.2588125679382991,0.00031706775737975205,0.30344409042633896,0.0008822932566326395
2019-03-27,0.051639022576580665,0.0014683209749651275,0.2505700468565988,0.00031507971516793747,0.3016136329362087,0.0008785956527087103
2019-03-28,0.051698288786641164,0.00146797610134907,0.2560163850486431,0.00031511446532953095,0.30163182819051065,0.0008817953353026762
2019-03-29,0.05147660645619598,0.0014704801117564885,0.2549199551340879,0.00031387023976547614,0.3017046311660884,0.0008805917576611484
2019-03-31,0.05216946729756943,0.0014962444264895113,0.2596323605774224,0.0003184054256284527,0.30261764260856405,0.0008832907881603702
2019-04-01,0.05216946729756943,0.0014962444264895113,0.2596323605774224,0.0003184054256284527,0.30261764260856405,0.0008832907881603702
2019-04-02,0.052006948128269934,0.0014859945018203431,0.25938991492010793,0.0003180610995372211,0.30217870848819994,0.0008803591865481115
2019-04-03,0.052043216687136996,0.0014990481044536718,0.25848476232326106,0.00032035059168754283,0.30346250720723456,0.0008818186628101797
2019-04-04,0.05220051260903382,0.001504619180885318,0.2597672485453034,0.000319700249046494,0.3033980582524272,0.0008812125484666902
2019-04-05,0.05247966413014957,0.0015039629423531005,0.2582711330354606,0.00032025825625784635,0.30370212895192394,0.000880134484549239
2019-04-07,0.052692869074028204,0.0015069545954580388,0.2601118480946807,0.00032120774110656067,0.30420101603139355,0.0008759405411560662
2019-04-08,0.052692869074028204,0.0015069545954580388,0.2601118480946807,0.00032120774110656067,0.30420101603139355,0.0008759405411560662
2019-04-09,0.05282648085832466,0.001505253334136135,0.2595312864965872,0.00032242983120798336,0.3042102701387199,0.0008775162779269556
2019-04-10,0.05312310748929569,0.0015106652969967974,0.26206137477397207,0.00032323963693723983,0.3039975680194559,0.0008799718409010911
2019-04-11,0.0531092829715706,0.001507136290334735,0.2592823065753993,0.0003208213025344883,0.3039975680194559,0.0008768084173608067
2019-04-12,0.05333333333333334,0.001513569147406499,0.2576655501159495,0.00032133676092544985,0.3038128512836093,0.000882441185295
2019-04-14,0.05295572371939821,0.0015136149666247901,0.2585248571650164,0.00031868142374112874,0.3038590094196293,0.0008820675663755843
2019-04-15,0.05295572371939821,0.0015136149666247901,0.2585248571650164,0.00031868142374112874,0.3038590094196293,0.0008820675663755843
2019-04-16,0.052965260085909655,0.0015116929449290261,0.25668009959187865,0.00031635758530582287,0.3035822707953855,0.000880134484549239
2019-04-17,0.05317084323640288,0.0015113502403046883,0.25440113971710593,0.00031690698779908097,0.3038128512836093,0.0008844078889183691
2019-04-18,0.053185831294543136,0.0015110076910291475,0.2552974214960429,0.00031783869686134286,0.30388671103412646,0.0008802351988451315
2019-04-19,0.05330774561543792,0.0015110076910291475,0.2552974214960429,0.00031783869686134286,0.303951367781155,0.0008809951721464567
2019-04-21,0.05312903448605629,0.0015060014156413307,0.25433643623785546,0.0003170697680317577,0.3027092477675193,0.0008772314575200667
2019-04-22,0.05312903448605629,0.0015060014156413307,0.25433643623785546,0.0003170697680317577,0.3027092477675193,0.0008772314575200667
2019-04-23,0.05283708740839369,0.001498172229879547,0.25514109302444254,0.0003147623544224111,0.3021604471974619,0.0008760326234548975
2019-04-24,0.05244718568401619,0.0014868119777572927,0.25072710861498343,0.00031065258789138344,0.3007518796992481,0.0008659583127668234
2019-04-25,0.05256407560816635,0.0014828874784981315,0.252927637402939,0.00030927675630537985,0.30016509079993997,0.0008631851532153647
2019-04-26,0.05282341133590407,0.0014818107727643179,0.2544335038037809,0.00030992856146658195,0.30079711234772144,0.0008640055296353896
2019-04-28,0.05260942760942761,0.0014753614635585719,0.25351755609075927,0.00030764497769573913,0.30184123151222453,0.00086333419666753
2019-04-29,0.05260942760942761,0.0014753614635585719,0.25351755609075927,0.00030764497769573913,0.30184123151222453,0.00086333419666753
2019-04-30,0.05278883410580994,0.0014763634216198658,0.25501746869660574,0.0003094777562862669,0.3026634382566586,0.0008593575442998814
2019-05-01,0.0526479275143334,0.0014738610738551784,0.25531697602573594,0.0003098613370516694,0.30298439630359036,0.0008589072981353122
2019-05-02,0.05228976898380063,0.0014674590945777386,0.2523404577455904,0.0003071253071253071,0.3016136329362087,0.0008579198874409109
2019-05-03,0.05286809410520751,0.0014778033930365904,0.2539811545983288,0.0003090999010880317,0.30298439630359036,0.000859712168366031
2019-05-05,0.05257761770814164,0.0014739914213699277,0.25301723047339525,0.00030738492276953815,0.3021604471974619,0.000855820003936772
2019-05-06,0.05257761770814164,0.0014739914213699277,0.25301723047339525,0.00030738492276953815,0.3021604471974619,0.000855820003936772
2019-05-07,0.05254115285797602,0.0014613473622680112,0.25190185903571966,0.00030321406913280777,0.3021604471974619,0.0008541168431841476
2019-05-08,0.05239662146584788,0.0014618387007177627,0.25479654495885035,0.00030381931257842336,0.30225177572918244,0.0008534607834769992
2019-05-09,0.051979644771107635,0.0014610697953041218,0.2534147639441474,0.00030553009471432935,0.30202355783751134,0.0008483850989641217
2019-05-10,0.05237247302817639,0.0014580872811046468,0.25313251487153526,0.0003056141315974451,0.30202355783751134,0.0008520064752492118
2019-05-12,0.052023993465786414,0.0014429389781106157,0.2515406867060747,0.00030275690437120417,0.30093289196509176,0.0008422329279385507
2019-05-13,0.052023993465786414,0.0014429389781106157,0.2515406867060747,0.00030275690437120417,0.30093289196509176,0.0008422329279385507
2019-05-14,0.05221959383599915,0.0014456089627755693,0.251407884151247,0.0003040807638508788,0.30120481927710846,0.0008426516562318303
2019-05-15,0.052479939543109644,0.0014462361703666208,0.24996250562415634,0.0003046226486939304,0.30143180105501133,0.0008436397995511837
2019-05-16,0.05232314776056928,0.0014376078205865438,0.2475676478597777,0.00030326004548900684,0.3017956843217142,0.000839785686692756
2019-05-17,0.05220841599665866,0.0014350290593384515,0.24397384600370842,0.0003012020975714075,0.3003453972067878,0.0008380613963778987
2019-05-19,0.05245956678889745,0.0014370087226429464,0.2438786459857575,0.00029850478950934766,0.29985007496251875,0.0008379911675730938
2019-05-20,0.05245956678889745,0.0014370087226429464,0.2438786459857575,0.00029850478950934766,0.29985007496251875,0.0008379911675730938
2019-05-21,0.05258370010464156,0.00143965678582226,0.24692577411230182,0.0002994863808568305,0.29910567403463645,0.0008394754957102802
2019-05-22,0.05263407214025928,0.0014341441027994493,0.2475860361475613,0.0002999823010442384,0.2991772625280479,0.0008408378107946759
2019-05-23,0.0525006037569432,0.001436472024707319,0.24743288383026105,0.0002962962962962963,0.2989089822149156,0.0008415383320710259
2019-05-24,0.052523767004569566,0.001441857111960205,0.24917150474671715,0.0002978468650128223,0.2992220227408737,0.0008442380751371887
2019-05-26,0.05250859828296884,0.00144248106743599,0.24736555681986838,0.0002979737783075089,0.2992667963489451,0.0008453799983092399
2019-05-27,0.05250859828296884,0.00144248106743599,0.24736555681986838,0.0002979737783075089,0.2992667963489451,0.0008453799983092399
2019-05-28,0.052095271833128426,0.001414067139907803,0.24902258634858182,0.0002963314170568364,0.2987482448540615,0.0008430281571404484
2019-05-29,0.05226435309796953,0.0014197285479016412,0.25164829634103375,0.0002984807330686804,0.2981959147159684,0.000838750262109457
2019-05-30,0.05214770315441456,0.0014092843653992502,0.25210507739625876,0.0002973553217681937,0.29770765108663294,0.0008418713115513163
2019-05-31,0.05100219309430306,0.0014095227356017252,0.25475110816732055,0.0002963841138114997,0.29619098394644866,0.0008421052631578948
2019-06-02,0.05050556066222891,0.001422070534698521,0.2564891761567662,0.0002966478789676654,0.29801817910892564,0.0008490405841399219
2019-06-03,0.05050556066222891,0.001422070534698521,0.2564891761567662,0.0002966478789676654,0.29801817910892564,0.0008490405841399219
2019-06-04,0.05110462650183722,0.0014430222658335617,0.2594437525944375,0.00030392088331565527,0.2987750224081267,0.000850014875260317
2019-06-05,0.05068449409272221,0.0014435430320177845,0.2577452446002371,0.0003027092477675193,0.2988196623337816,0.000848716316571186
2019-06-06,0.05065086359722434,0.0014443770401825692,0.2577518880325798,0.00030409186006908966,0.29944602485402005,0.0008487379267029927
2019-06-07,0.050996991177520525,0.0014437722882346996,0.2579247375615795,0.00030627871362940275,0.3000300030003,0.0008470484596423762
2019-06-08,0.052067333475650714,0.0014304105278214847,0.2573472643985794,0.0003071253071253071,0.3003003003003003,0.0008459521191100585
2019-06-09,0.052067333475650714,0.0014304105278214847,0.2573472643985794,0.0003071253071253071,0.3003003003003003,0.0008459521191100585
2019-06-10,0.052067333475650714,0.0014304105278214847,0.2573472643985794,0.0003071253071253071,0.3003003003003003,0.0008459521191100585
2019-06-11,0.05229250334672021,0.0014435430320177845,0.25932937423821995,0.0003074085459575776,0.3003453972067878,0.0008491126772522714
2019-06-12,0.052137099717416924,0.001438538444939941,0.2585917095497918,0.00030637254901960784,0.30036343976211216,0.0008453585588327288
2019-06-13,0.0521191652594492,0.0014371945961483186,0.2598077422707197,0.00030627871362940275,0.3002552169343943,0.0008470412847922208
2019-06-14,0.05221659443371103,0.001430615164520744,0.25669327720307006,0.0003059039461609055,0.2992399305763361,0.0008437180969094606
2019-06-16,0.05214144932372541,0.0014294699525415977,0.25719503099200125,0.0003045994517209869,0.29886431560071725,0.0008440243079000676
2019-06-17,0.05214144932372541,0.0014294699525415977,0.25719503099200125,0.0003045994517209869,0.29886431560071725,0.0008440243079000676
2019-06-18,0.05230152877368605,0.0014377318342582743,0.2590136759220887,0.0003075030750307503,0.299895036737142,0.0008524567804412316
2019-06-19,0.05257982932587401,0.001448246897131023,0.26052521884118385,0.00030883261272390367,0.30021014710297206,0.0008546351135382749
2019-06-20,0.05263185595713662,0.0014630791964769052,0.26052521884118385,0.0003133342524471405,0.30220610456331215,0.0008640652542079979
2019-06-21,0.05231767290990896,0.0014634217727891355,0.2616773518251995,0.00031240237425804435,0.30303030303030304,0.0008637816360024186
2019-06-23,0.05208794528682227,0.0014703720041170415,0.26136957658128596,0.0003139717425431711,0.30333363666697,0.000866904198417033
2019-06-24,0.05208794528682227,0.0014703720041170415,0.26136957658128596,0.0003139717425431711,0.30333363666697,0.000866904198417033
2019-06-25,0.05200857101250286,0.0014676744698025978,0.2599698434981542,0.0003136762860727729,0.30353619669145543,0.0008657483962010961
2019-06-26,0.052226684702281784,0.0014731879787860931,0.2602066040436106,0.00031426775612822125,0.30287427688766394,0.0008676639017110333
2019-06-27,0.05215531853860797,0.001471605374302827,0.26184865147944486,0.00031298904538341156,0.3040900106431504,0.0008650219715580776
2019-06-28,0.052029136316337155,0.0014767776711216128,0.26005096999011806,0.0003114294612270321,0.30450669914738127,0.0008658908284843446
2019-06-30,0.05235629505913643,0.0014705017351920476,0.2603827626611118,0.0003125,0.3041825095057034,0.0008626118160566564
2019-07-01,0.05235629505913643,0.0014705017351920476,0.2603827626611118,0.0003125,0.3041825095057034,0.0008626118160566564
2019-07-02,0.052474982552068304,0.0014708910658076662,0.26006449599500675,0.0003117206982543641,0.3042750646584512,0.0008582880586382402
2019-07-03,0.05259393276391636,0.0014753614635585719,0.26134908397146067,0.00031318509238960227,0.30390518158334595,0.0008552198342583961
2019-07-04,0.05260942760942761,0.0014752526370140886,0.26304713804713803,0.0003136762860727729,0.304228780042592,0.0008570302188855179
2019-07-05,0.0526066600031564,0.0014629507717065322,0.26169104754926337,0.0003118178983473651,0.304228780042592,0.0008517234624262195
2019-07-07,0.05282369036865653,0.0014545242978283952,0.26299871130631464,0.00031099362463069506,0.303951367781155,0.0008485506754463376
2019-07-08,0.05282369036865653,0.0014545242978283952,0.26299871130631464,0.00031099362463069506,0.303951367781155,0.0008485506754463376
2019-07-09,0.05219479095986221,0.0014536151408553071,0.26317174588136216,0.00031104199066874026,0.303951367781155,0.000846740050804403
2019-07-10,0.052227503003081426,0.001458470064901918,0.26641091219096336,0.00031220730565095225,0.3045994517209869,0.0008516799386790444
2019-07-11,0.05245736527637163,0.001469831704269861,0.26624068157614483,0.00031289111389236547,0.3046736944732192,0.0008527257378209447
2019-07-12,0.052689815058749145,0.0014719736222326895,0.26769461398436667,0.00031347962382445143,0.30483158055174514,0.0008504703100814751
2019-07-14,0.05269175848205582,0.0014732530901483566,0.266318676928813,0.00031377470975839345,0.30464584920030463,0.0008483203257550052
2019-07-15,0.05269175848205582,0.0014732530901483566,0.266318676928813,0.00031377470975839345,0.30464584920030463,0.0008483203257550052
2019-07-16,0.05234889491482835,0.0014730360746534684,0.2653786953983334,0.00031269543464665416,0.30461800901669306,0.0008493290300662476
2019-07-17,0.05243316082823421,0.0014662971597824016,0.26574541589157585,0.00031416902293433867,0.30404378230465184,0.0008487595379353076
2019-07-18,0.052715368638572895,0.0014708477966700005,0.2689256420599704,0.000315059861373661,0.3046736944732192,0.0008543941491088668
2019-07-19,0.052576235541535225,0.0014535940111926739,0.266844563042028,0.000315357931251971,0.30483158055174514,0.0008513464043384614
2019-07-21,0.052506116962626144,0.0014518845461408908,0.2673082063619353,0.00031496062992125983,0.30455306837216384,0.0008512811781731506
2019-07-22,0.052506116962626144,0.0014518845461408908,0.2673082063619353,0.00031496062992125983,0.30455306837216384,0.0008512811781731506
2019-07-23,0.05213030491015342,0.0014470104763558487,0.26500596263415926,0.00031377470975839345,0.30441400304414,0.0008486154838381181
2019-07-24,0.0524636951229749,0.0014484566694187343,0.26508323613614676,0.00031279324366593683,0.30410850591491045,0.0008496898631999319
2019-07-25,0.05256711506415817,0.0014367816091954023,0.26467630088401883,0.00031104199066874026,0.30349013657056145,0.0008453085376162299
2019-07-26,0.052534804307853955,0.0014389938554962372,0.2649217156330304,0.00030892801977139327,0.30328763799587527,0.0008454943605526151
2019-07-28,0.05246809939556749,0.0014365339309314485,0.264459312934705,0.0003046922608165753,0.3033520400424693,0.000845809016324114
2019-07-29,0.05246809939556749,0.0014365339309314485,0.264459312934705,0.0003046922608165753,0.3033520400424693,0.000845809016324114
2019-07-30,0.052460117195901816,0.0014308198597796538,0.2638243984803715,0.00030321406913280777,0.304228780042592,0.0008472494048072932
2019-07-31,0.05221768508558478,0.0014220907578321648,0.26227444397817873,0.0003051571559353067,0.3028926245645919,0.0008419776370739593
2019-08-01,0.052002080083203325,0.0014158891075650955,0.26050485841560944,0.0002995805871779509,0.30192325110956797,0.0008417083312290626
2019-08-02,0.05181615627752734,0.001403705783267827,0.2573936320815423,0.0002957704821058858,0.2981959147159684,0.000830557885731846
2019-08-04,0.050761936669407814,0.0013879057889550456,0.2516166368920313,0.00028968713789107763,0.2955519432540269,0.0008224360555966773
2019-08-05,0.050761936669407814,0.0013879057889550456,0.2516166368920313,0.00028968713789107763,0.2955519432540269,0.0008224360555966773
2019-08-06,0.0510352500472076,0.001398992725237829,0.252518875785965,0.0002915451895043732,0.29563932002956395,0.0008247694769311977
2019-08-07,0.05092764709177671,0.0014009526478005044,0.25199072674125594,0.0002915451895043732,0.29515938606847697,0.0008247694769311977
2019-08-08,0.05151054678445412,0.0014093042265033752,0.2551801571909768,0.00029717682020802375,0.2965159377316531,0.0008294005921920227
2019-08-09,0.05143503754757741,0.0014091453533431975,0.2536011361330899,0.00029481132075471697,0.2954646181119811,0.0008228962656967462
2019-08-11,0.05103347898288235,0.0014016202730356292,0.2509662199467952,0.0002920560747663551,0.29581422866439877,0.0008216454271323753
2019-08-12,0.05103347898288235,0.0014016202730356292,0.2509662199467952,0.0002920560747663551,0.29581422866439877,0.0008216454271323753
2019-08-13,0.0516054454065993,0.0014221514306843393,0.2523149900335579,0.0002933411557641537,0.2955519432540269,0.0008297791128001725
2019-08-14,0.05081507378348713,0.0014078558355624384,0.24684653550887414,0.0002894356005788712,0.2945074363127669,0.0008229436695058222
2019-08-15,0.05102691669855849,0.0014068457112308495,0.250557490416176,0.0002883506343713956,0.2949417490045716,0.0008257638315441783
2019-08-16,0.0508931752252023,0.0014149074650517857,0.24986257558342911,0.0002913752913752914,0.29607698001480387,0.0008285210071501363
2019-08-18,0.05034993202759176,0.0014019346698443853,0.24542888697999757,0.0002913752913752914,0.29537734455767245,0.000826186817363142
2019-08-19,0.05034993202759176,0.0014019346698443853,0.24542888697999757,0.0002913752913752914,0.29537734455767245,0.000826186817363142
2019-08-20,0.05061753391374772,0.0014104372355430183,0.246742992499013,0.0002937720329024677,0.2957267484844004,0.0008293799555452344
2019-08-21,0.05079313479990045,0.0014060149318785766,0.24841634579555336,0.0002955956251847473,0.2962524070508073,0.0008320090522584885
2019-08-22,0.050451032228119384,0.0013991101659344657,0.2457606291472106,0.0002952465308532625,0.296428042092782,0.0008265897387149836
2019-08-23,0.050215928492517825,0.0013904724825495704,0.24275379909695588,0.00029239766081871346,0.29634019854793303,0.0008249736008447729
2019-08-25,0.05018115396581659,0.0013904724825495704,0.24069705868194288,0.0002915451895043732,0.2957267484844004,0.0008262414277451872
2019-08-26,0.05018115396581659,0.0013904724825495704,0.24069705868194288,0.0002915451895043732,0.2957267484844004,0.0008262414277451872
2019-08-27,0.05002476225731737,0.0013836042891732965,0.24235373951820077,0.00028841467107748836,0.2947678703021371,0.0008262482545505623
2019-08-28,0.04959358060692624,0.0013831258644536654,0.23987718288236423,0.0002880184331797235,0.29416090601559053,0.0008247014580721779
2019-08-29,0.04965489845573266,0.0013876169067243917,0.23988869164707577,0.00029102931247235224,0.2947678703021371,0.000828713256925971
2019-08-30,0.04985790497083313,0.0013873473917869036,0.24129527302560141,0.00029086678301337986,0.2950287653046172,0.0008271298593879239
2019-09-01,0.04968623144840333,0.001380071763731714,0.23890866521728746,0.0002908963972481201,0.293728888236158,0.0008249191579225236
2019-09-02,0.04968623144840333,0.001380071763731714,0.23890866521728746,0.0002908963972481201,0.293728888236158,0.0008249191579225236
2019-09-03,0.050050050050050046,0.0013795196512574322,0.2400153609831029,0.0002906359987560779,0.29381519024533564,0.0008268631293461993
2019-09-04,0.05072202806957034,0.0013835277189778498,0.2442360296991012,0.00029481132075471697,0.29607698001480387,0.0008318014323620665
2019-09-05,0.05068500788151872,0.0013984058173682002,0.2434511636965625,0.0002963841138114997,0.29739776951672864,0.00083644910625413
2019-09-06,0.05120852109791069,0.0014064697609001407,0.24615384615384617,0.00029850746268656717,0.2992667963489451,0.0008394402612338093
2019-09-08,0.05110645474523432,0.001399717257114063,0.2442479605295296,0.0002969121140142518,0.2986411826190832,0.0008395177809866013
2019-09-09,0.05110645474523432,0.001399717257114063,0.2442479605295296,0.0002969121140142518,0.2986411826190832,0.0008395177809866013
2019-09-10,0.051308363263211906,0.0014052246251563313,0.24506800637176818,0.00029770765108663293,0.2991772625280479,0.0008404703271950984
2019-09-11,0.051184407182196016,0.001397624039133473,0.24586334915054212,0.0002964719833975689,0.299625468164794,0.0008408024618696084
2019-09-12,0.05149251041436023,0.0014114923708837353,0.24631148550456908,0.0002973535533749628,0.30088761847449974,0.0008467687305243191
2019-09-13,0.051554364076919115,0.001422515576545563,0.2448579823702253,0.00029761904761904765,0.3012501882813677,0.0008487379267029927
2019-09-15,0.05145356315924878,0.0014095426034251885,0.24510404666781047,0.0002975304968759298,0.30016509079993997,0.0008454586190278917
2019-09-16,0.05145356315924878,0.0014095426034251885,0.24510404666781047,0.0002975304968759298,0.30016509079993997,0.0008454586190278917
2019-09-17,0.05165262576123057,0.0013977021776199927,0.2452603438550021,0.0002956742852074155,0.299625468164794,0.0008431774298265584
2019-09-18,0.051533375590701314,0.0013984058173682002,0.24330308265005718,0.0002969121140142518,0.29855202268995373,0.0008404350091607417
2019-09-19,0.05143768324674657,0.0013968431345159939,0.23995200959808036,0.0002957704821058858,0.2982848620432513,0.0008383564859449535
2019-09-20,0.051387461459403906,0.0013896416114284125,0.24106841521623837,0.0002928343436118188,0.29792939073439595,0.0008384830165265002
2019-09-22,0.05131731548859216,0.0013870010263807595,0.24022869772022964,0.0002910360884749709,0.29810702042033094,0.0008377945895225409
2019-09-23,0.05131731548859216,0.0013870010263807595,0.24022869772022964,0.0002910360884749709,0.29810702042033094,0.0008377945895225409
2019-09-24,0.051387461459403906,0.001382858091102691,0.24021715630930363,0.0002913116306168524,0.29944602485402005,0.000838208915190022
2019-09-25,0.051085307354751704,0.0013762162310942295,0.24106841521623837,0.00029171528588098014,0.29855202268995373,0.0008348917980229762
2019-09-26,0.05086599354001882,0.0013766330309329443,0.23977940294928668,0.0002904443799012489,0.2957267484844004,0.0008347315086102555
2019-09-27,0.05080268238162975,0.0013777330779934694,0.24039617289292756,0.00028935185185185184,0.29590176061547563,0.0008322998942979134
2019-09-28,0.05067139599695972,0.001373060551970342,0.240610187435336,0.00028768699654775604,0.29686804215526197,0.0008350730688935282
2019-09-29,0.05067139599695972,0.001373060551970342,0.240610187435336,0.00028768699654775604,0.29686804215526197,0.0008350730688935282
2019-09-30,0.05067139599695972,0.001373060551970342,0.240610187435336,0.00028768699654775604,0.29686804215526197,0.0008350730688935282
2019-10-01,0.05046579932779555,0.001372005597782839,0.2405465216972963,0.000286286859433152,0.2952029520295203,0.0008325008325008325
2019-10-02,0.05050887693512134,0.0013827433628318584,0.2422363257594109,0.000286368843069874,0.29529884242853766,0.0008306544726590081
2019-10-03,0.05089628355337493,0.00139631651702808,0.24484599187111306,0.00029036004645760743,0.2965159377316531,0.0008336112037345783
2019-10-04,0.05126364894653201,0.0013998152243903804,0.24656048128605948,0.00029143897996357013,0.2961646675551607,0.000839806844425782
2019-10-05,0.05109653156743721,0.0013917303383296452,0.24428972761695372,0.00029004423174534117,0.29563932002956395,0.0008366170552752889
2019-10-06,0.05109653156743721,0.0013917303383296452,0.24428972761695372,0.00029004423174534117,0.29563932002956395,0.0008366170552752889
2019-10-07,0.05109653156743721,0.0013917303383296452,0.24428972761695372,0.00029004423174534117,0.29563932002956395,0.0008366170552752889
2019-10-08,0.05095515436864016,0.0013802622498274672,0.24423006472096714,0.0002900232018561485,0.29563932002956395,0.0008347315086102555
2019-10-09,0.05093724531377343,0.001382227321105229,0.24335044898157837,0.00028876696505919725,0.2972209838014564,0.0008356243367231827
2019-10-10,0.05143239212055752,0.0013918271907359982,0.2433208428633997,0.00028935185185185184,0.2972209838014564,0.0008415383320710259
2019-10-11,0.05177055290950507,0.0014094830016350003,0.24335637106979457,0.00029197080291970805,0.29792939073439595,0.0008460380040271408
2019-10-13,0.05189440526416847,0.001403646674059206,0.24241248909143798,0.00029197080291970805,0.2970444081390168,0.0008456230550669734
2019-10-14,0.05189440526416847,0.001403646674059206,0.24241248909143798,0.00029197080291970805,0.2970444081390168,0.0008456230550669734
2019-10-15,0.052007759557726005,0.0013980148189570811,0.23926879456381298,0.0002898550724637681,0.2972209838014564,0.0008450013942523005
2019-10-16,0.05208062080099995,0.0013960436124024515,0.24096966191956434,0.00028951939779965256,0.29757476565987206,0.000844487607144365
2019-10-17,0.05210368633580826,0.0014058765640376776,0.24025178386949522,0.0002900232018561485,0.2986411826190832,0.0008486082824168363
2019-10-18,0.05235327993298781,0.0014066082455375353,0.24327348805527174,0.0002920560747663551,0.299895036737142,0.0008493218165295011
2019-10-20,0.05229305025362129,0.00137797988149373,0.24223045805779617,0.0002901073397156948,0.2997601918465228,0.0008545547769612032
2019-10-21,0.05229305025362129,0.00137797988149373,0.24223045805779617,0.0002901073397156948,0.2997601918465228,0.0008545547769612032
2019-10-22,0.05224878782812239,0.0013821126974693516,0.24512207079125403,0.00029163021289005544,0.2986411826190832,0.0008541460248044006
2019-10-23,0.05231767290990896,0.0013783597518952446,0.24803432795098843,0.00029507229271171436,0.2990877822640945,0.0008559152301556055
2019-10-24,0.05226107542841017,0.0013845621322256837,0.24799127070727112,0.00029394473838918284,0.2985965959988056,0.00085260214173658
2019-10-25,0.05247966413014957,0.0013771259381670454,0.24983136382941515,0.0002947244326554671,0.2996703626011387,0.0008538542983025376
2019-10-27,0.0523343747873916,0.0013832215229268967,0.2506265664160401,0.0002959455460195324,0.3001200480192077,0.0008574858514834505
2019-10-28,0.0523343747873916,0.0013832215229268967,0.2506265664160401,0.0002959455460195324,0.3001200480192077,0.0008574858514834505
2019-10-29,0.052312472862904705,0.0013744759810322316,0.25013757566661665,0.0002965599051008304,0.299805126667666,0.0008581849388543231
2019-10-30,0.052378233701203133,0.001352210187551553,0.25078369905956116,0.00029533372711163615,0.2992667963489451,0.0008596973865199449
2019-10-31,0.0519891030839936,0.0013502565487442614,0.24894199651481203,0.0002961208172934557,0.2990877822640945,0.0008561790441617151
2019-11-01,0.052345058626465664,0.001352210187551553,0.25065797719012406,0.0003013863773357444,0.2990877822640945,0.0008589810766468814
2019-11-03,0.052164840897235255,0.0013485267345425124,0.24925224327018947,0.00030129557095510696,0.30007501875468867,0.0008602594542514022
2019-11-04,0.052164840897235255,0.0013485267345425124,0.24925224327018947,0.00030129557095510696,0.30007501875468867,0.0008602594542514022
2019-11-05,0.05213954628166825,0.0013403029084573114,0.2504257237303416,0.0003023888720895071,0.2997152704930316,0.0008660183076270232
2019-11-06,0.052238416131222896,0.0013524113494360445,0.24490595611285268,0.00029994001199760045,0.2997152704930316,0.000862403518606356
2019-11-07,0.052271182896868953,0.0013488905375328793,0.24389054192478415,0.00030165912518853697,0.2991772625280479,0.0008670996384194507
2019-11-08,0.05240128907171116,0.0013384372406777846,0.24124870328821982,0.00029976019184652276,0.29784065524944153,0.0008635280301198577
2019-11-09,0.05236177799653365,0.001314060446780552,0.2408129846361316,0.00030003000300030005,0.29757476565987206,0.000859542207820115
2019-11-10,0.05236177799653365,0.001314060446780552,0.2408129846361316,0.00030003000300030005,0.29757476565987206,0.000859542207820115
2019-11-11,0.05236177799653365,0.001314060446780552,0.2408129846361316,0.00030003000300030005,0.29757476565987206,0.000859542207820115
2019-11-12,0.051798441902867566,0.0012822978777970121,0.23986567522187577,0.00029356074505717096,0.2958579881656805,0.0008587671538738986
2019-11-13,0.05166063098294683,0.00126000126000126,0.2398369109005876,0.00029199211621286223,0.2952029520295203,0.0008551686392556613
2019-11-14,0.05176814085075763,0.0012467273407305822,0.23888583645875638,0.0002898550724637681,0.29533372711163614,0.0008568539749455898
2019-11-15,0.05215123859191655,0.0012894075172458256,0.23835061375283043,0.0002922267679719462,0.29748624126134166,0.0008604741212408036
2019-11-16,0.05181400843532057,0.0012894407695382513,0.23710729104919975,0.0002907822041291073,0.29664787896766537,0.0008581849388543231
2019-11-17,0.05181400843532057,0.0012894407695382513,0.23710729104919975,0.0002907822041291073,0.29664787896766537,0.0008581849388543231
2019-11-18,0.05181400843532057,0.0012894407695382513,0.23710729104919975,0.0002907822041291073,0.29664787896766537,0.0008581849388543231
2019-11-19,0.051691875071076324,0.001271407320763353,0.2384927259718579,0.0002910360884749709,0.2962524070508073,0.0008573461706633287
2019-11-20,0.05138059663148809,0.0012656145191297635,0.23836197649750915,0.0002906131938390003,0.2957267484844004,0.0008555637309423179
2019-11-21,0.051610772200373654,0.0012577825294006668,0.23850410227055904,0.0002927400468384075,0.2964719833975689,0.0008513101663460064
2019-11-22,0.05162089613875697,0.0012516741141276458,0.23886871775272311,0.0002922267679719462,0.2952029520295203,0.0008482987368831808
2019-11-23,0.05144932755728883,0.0012636633600808743,0.2365967917475039,0.0002914602156805596,0.2957267484844004,0.0008533078478722768
2019-11-24,0.05144932755728883,0.0012636633600808743,0.2365967917475039,0.0002914602156805596,0.2957267484844004,0.0008533078478722768
2019-11-25,0.05144932755728883,0.0012636633600808743,0.2365967917475039,0.0002914602156805596,0.2957267484844004,0.0008533078478722768
2019-11-26,0.05126154666338593,0.0012536355430749174,0.23630047968997375,0.00028793550244745177,0.29563932002956395,0.0008538032666512982
2019-11-27,0.0512287208700686,0.0012234660794029485,0.2345215759849906,0.00028555111364934324,0.2955519432540269,0.0008511724901051199
2019-11-28,0.05132416341613631,0.0012080212611741967,0.23871475973359435,0.0002850131533570274,0.2946810078090467,0.0008499570771676031
2019-11-29,0.05111690436027194,0.001244090569793481,0.23663038334122102,0.0002844545583842981,0.2940830490530526,0.000847314014573801
2019-11-30,0.051090266282467864,0.0012448649321548614,0.23678166362796865,0.00028533112677261963,0.2950287653046172,0.0008445161344807494
2019-12-01,0.051090266282467864,0.0012448649321548614,0.23678166362796865,0.00028533112677261963,0.2950287653046172,0.0008445161344807494
2019-12-02,0.051090266282467864,0.0012448649321548614,0.23678166362796865,0.00028533112677261963,0.2950287653046172,0.0008445161344807494
2019-12-03,0.051142785542957384,0.0012468827930174563,0.23780647309219757,0.0002857959416976279,0.2952029520295203,0.0008422754914677493
2019-12-04,0.05146071231917992,0.0012706480304955528,0.23767647478252604,0.00028843380444188056,0.29511583296443855,0.0008407883231317684
2019-12-05,0.05165662806194663,0.001280819724623759,0.23919439328342146,0.00028951939779965256,0.2960331557134399,0.0008427226683970572
2019-12-06,0.051844363221608736,0.0012939623715742346,0.2414759007051096,0.00029235491887151,0.2961646675551607,0.0008438747352343018
2019-12-07,0.05202155773352477,0.0012944983818770227,0.24139429343890312,0.00029292870115413906,0.29655990510083036,0.0008416162398269636
2019-12-08,0.05202155773352477,0.0012944983818770227,0.24139429343890312,0.00029292870115413906,0.29655990510083036,0.0008416162398269636
2019-12-09,0.05202155773352477,0.0012944983818770227,0.24139429343890312,0.00029292870115413906,0.29655990510083036,0.0008416162398269636
2019-12-10,0.05197478183585324,0.0012829559304637884,0.241196333815726,0.0002938583602703497,0.2944207272191962,0.000840463263350759
2019-12-11,0.05232917141989974,0.001299545159194282,0.2424947863620932,0.0002964719833975689,0.2949417490045716,0.0008410641143174344
2019-12-12,0.0525447418476833,0.0013027788272384996,0.24448084492580005,0.00029682398337785694,0.29643682931167364,0.0008550004702502587
2019-12-13,0.0526121955069185,0.0013095518713496241,0.24343931057987242,0.0002958579881656805,0.29767220336964934,0.0008510131311326134
2019-12-14,0.05285132921092966,0.001314060446780552,0.24612355402412012,0.0002986857825567503,0.29846291598268915,0.000856259686437703
2019-12-15,0.05285132921092966,0.001314060446780552,0.24612355402412012,0.0002986857825567503,0.29846291598268915,0.000856259686437703
2019-12-16,0.05285132921092966,0.001314060446780552,0.24612355402412012,0.0002986857825567503,0.29846291598268915,0.000856259686437703
2019-12-17,0.05289242210268534,0.0013231013495633766,0.24620839078195783,0.00029965240321227376,0.29953571963456643,0.000860229853416833
2019-12-18,0.05274094701644463,0.0013320368174976355,0.24612355402412012,0.0003009328919650918,0.2996703626011387,0.0008588409083101447
2019-12-19,0.05282620179609086,0.001327192854393672,0.24569420898749417,0.0003020235578375113,0.30007501875468867,0.0008608000275456009
2019-12-20,0.05280388636603654,0.0013221392212599986,0.24377163473258254,0.00030048076923076925,0.3018867924528302,0.0008631926041657675
2019-12-22,0.05281838925040142,0.0013294336612603031,0.2454951637452742,0.0003023888720895071,0.3015226895823911,0.0008602150537634409
2019-12-23,0.05281838925040142,0.0013294336612603031,0.2454951637452742,0.0003023888720895071,0.3015226895823911,0.0008602150537634409
2019-12-24,0.05273510628760672,0.001336219567599348,0.24491195415248218,0.00030358227079538557,0.3018867924528302,0.0008607926178425093
2019-12-25,0.052751519243754215,0.001336219567599348,0.2454951637452742,0.00030353619669145547,0.3018867924528302,0.0008626192571122958
2019-12-26,0.052818947212744154,0.0013415615776764154,0.24653616685567775,0.00030441400304414006,0.30134096730450505,0.000861489687968435
2019-12-27,0.053103924380011686,0.0013374348000534974,0.247255464345762,0.00030339805825242716,0.3018867924528302,0.0008632224092537441
2019-12-28,0.052860548586773234,0.00133427622186345,0.2488243051581278,0.0003046922608165753,0.3017956843217142,0.000865194106297748
2019-12-29,0.052860548586773234,0.00133427622186345,0.2488243051581278,0.0003046922608165753,0.3017956843217142,0.000865194106297748
2019-12-30,0.052860548586773234,0.00133427622186345,0.2488243051581278,0.0003046922608165753,0.3017956843217142,0.000865194106297748
2019-12-31,0.05292685508627078,0.0013306719893546241,0.24883049666567136,0.0003045066991473812,0.3020691738408095,0.0008671146759158899
2020-01-01,0.05295852817658492,0.0013306719893546241,0.24883049666567136,0.0003045066991473812,0.3020691738408095,0.0008669117137110756
2020-01-02,0.053070105609510164,0.0013357733459786543,0.24845955078513218,0.0003077870113881194,0.3033520400424693,0.0008645657718410927
2020-01-03,0.05286529921759357,0.0013094489838675887,0.24589962377357563,0.0003077870113881194,0.3017956843217142,0.0008587745287474773
2020-01-04,0.053098284925396914,0.0012939623715742346,0.24620232907403303,0.0003083564600678384,0.30088761847449974,0.0008569494314140522
2020-01-05,0.053098284925396914,0.0012939623715742346,0.24620232907403303,0.0003083564600678384,0.30088761847449974,0.0008569494314140522
2020-01-06,0.053098284925396914,0.0012939623715742346,0.24620232907403303,0.0003083564600678384,0.30088761847449974,0.0008569494314140522
2020-01-07,0.05295151759049414,0.001300221037576388,0.24586334915054212,0.0003057169061449098,0.3012501882813677,0.0008576697113941421
2020-01-08,0.05315953708675105,0.001321003963011889,0.24605088332267117,0.00030864197530864197,0.3018867924528302,0.0008614377395873714
2020-01-09,0.05308700960874874,0.0013030504410825744,0.24428972761695372,0.0003074179962495004,0.3013863773357444,0.0008640577881848738
2020-01-10,0.05324530110217773,0.001294029348585626,0.24415254651106014,0.0003061849357011635,0.3003003003003003,0.0008639532774067578
2020-01-11,0.05320592288333538,0.0012918895176084542,0.24113235755105977,0.0003061849357011635,0.3002552169343943,0.0008670470112889521
2020-01-12,0.05320592288333538,0.0012918895176084542,0.24113235755105977,0.0003061849357011635,0.3002552169343943,0.0008670470112889521
2020-01-13,0.05320592288333538,0.0012918895176084542,0.24113235755105977,0.0003061849357011635,0.3002552169343943,0.0008670470112889521
2020-01-14,0.05320224300656516,0.001299545159194282,0.24199012680282647,0.00030441400304414006,0.3012501882813677,0.0008645209257290073
2020-01-15,0.053178194812998875,0.0012909722311873072,0.23961852730453118,0.00030324625111822053,0.3009781790820166,0.0008647152924899477
2020-01-16,0.05327565355908004,0.001289174799211025,0.2389771776795316,0.0003009328919650918,0.3010687942194792,0.0008627606615648753
2020-01-17,0.053607805296451164,0.001295638879531497,0.24030374393233045,0.0003003003003003003,0.30115946393615417,0.0008621135575978068
2020-01-18,0.05359344016292406,0.0012999675008124798,0.23876605701733442,0.00030039050765995795,0.3016136329362087,0.0008642519467275101
2020-01-19,0.05359344016292406,0.0012999675008124798,0.23876605701733442,0.00030039050765995795,0.3016136329362087,0.0008642519467275101
2020-01-20,0.05359344016292406,0.0012999675008124798,0.23876605701733442,0.00030039050765995795,0.3016136329362087,0.0008642519467275101
2020-01-21,0.05324530110217773,0.001292457219666029,0.23741126753875735,0.00029824038174768865,0.3017046311660884,0.000856318344907903
2020-01-22,0.053526313535734164,0.0012978080022841422,0.23909716908951795,0.00030039050765995795,0.3019779556092405,0.0008596678243526702
2020-01-23,0.05330746144537851,0.0012885767669608918,0.2402748744563781,0.00029767929223771473,0.3014772384684956,0.0008567879021548215
2020-01-24,0.053309166511181595,0.0012870841109466503,0.23905144387072097,0.0002973535533749628,0.30115946393615417,0.0008556515786771626
2020-01-26,0.052903055151434994,0.0012703574785944765,0.23768777334093932,0.0002944640753828033,0.3003453972067878,0.0008506873553831496
2020-01-27,0.052903055151434994,0.0012703574785944765,0.23768777334093932,0.0002944640753828033,0.3003453972067878,0.0008506873553831496
2020-01-28,0.053439642595670314,0.0012734797835084368,0.23840743831207536,0.00029568302779420464,0.2997601918465228,0.000851861316977596
2020-01-29,0.053502257795278965,0.0012625784376854412,0.23638985414746,0.0002954209748892171,0.2991325157044571,0.0008485722771437057
2020-01-30,0.053257211026372965,0.0012550200803212851,0.23565453045834805,0.0002933411557641537,0.2971768202080238,0.0008427226683970572
2020-01-31,0.053072922195096066,0.0012510477524927126,0.2335139174294788,0.000292654375182909,0.29563932002956395,0.0008371703641691084
2020-02-01,0.05314908317831517,0.0012709710218607017,0.23543815039789048,0.0002947244326554671,0.29683279408709073,0.0008411490095470413
2020-02-02,0.05314908317831517,0.0012709710218607017,0.23543815039789048,0.0002947244326554671,0.29683279408709073,0.0008411490095470413
2020-02-03,0.05314908317831517,0.0012709710218607017,0.23543815039789048,0.0002947244326554671,0.29683279408709073,0.0008411490095470413
2020-02-04,0.053581953598028184,0.0012806228949761164,0.23502314978025335,0.0002976101901729115,0.29757476565987206,0.0008460236886632825
2020-02-05,0.053806833467850416,0.0012888757137149264,0.23613308460648424,0.0002973712382538361,0.29759247686218493,0.0008457660949287866
2020-02-06,0.0536454784908454,0.0012770576591533108,0.23353027720043903,0.0002961208172934557,0.2963577630916042,0.0008443735170690107
2020-02-07,0.053304904051172705,0.0012582573136206354,0.23146540749484992,0.0002929973630237328,0.29524653085326247,0.0008397081174583714
2020-02-09,0.05347736570496537,0.0012608114582545325,0.23125130078856693,0.0002894774931249095,0.29485478401887066,0.0008430708010858752
2020-02-10,0.05347736570496537,0.0012608114582545325,0.23125130078856693,0.0002894774931249095,0.29485478401887066,0.0008430708010858752
2020-02-11,0.05361625559083505,0.00126415857605178,0.23086157539939053,0.00029262440194887854,0.2952901225454009,0.0008472996559963396
2020-02-12,0.05370569280343716,0.0012648941283614561,0.22958949398475526,0.0002954209748892171,0.2960331557134399,0.000849285750683675
2020-02-13,0.053812624441694025,0.0012600647673290408,0.2298797728787844,0.0002963797216994413,0.29563932002956395,0.0008456230550669734
2020-02-14,0.05395110950456696,0.0012639029322548028,0.23267176993415387,0.0002952029520295203,0.29607698001480387,0.0008460523198754611
2020-02-15,0.05389034392817495,0.0012608750472828142,0.2310589431363941,0.00029461849850628423,0.29639289842615374,0.0008447016091565655
2020-02-16,0.05389034392817495,0.0012608750472828142,0.2310589431363941,0.00029461849850628423,0.29639289842615374,0.0008447016091565655
2020-02-17,0.05389034392817495,0.0012608750472828142,0.2310589431363941,0.00029461849850628423,0.29639289842615374,0.0008447016091565655
2020-02-18,0.0537998569999801,0.0012553036579548594,0.22955260197874341,0.0002939965896395602,0.29581422866439877,0.0008406116290212759
2020-02-19,0.05387957161430201,0.001256376108751916,0.22907933017203855,0.0002957267484844004,0.29581422866439877,0.0008393838922231083
2020-02-20,0.05310054056350293,0.0012393416617093001,0.2276037873270211,0.0002940830490530526,0.29511583296443855,0.0008307648852298311
2020-02-21,0.05290613393716868,0.00124640101706323,0.22782676053129197,0.0002961208172934557,0.2954646181119811,0.0008289055959416782
2020-02-23,0.05244963392778,0.0012391113093689207,0.2279046446966589,0.00029169826731229216,0.29381519024533564,0.0008209574005204871
2020-02-24,0.05244963392778,0.0012391113093689207,0.2279046446966589,0.00029169826731229216,0.29381519024533564,0.0008209574005204871
2020-02-25,0.05242463958060289,0.0012310722639418935,0.2279046446966589,0.00029129041654529564,0.293470286133529,0.0008233434330127783
2020-02-26,0.051856461315079865,0.001232589670898558,0.2247191011235955,0.00028951939779965256,0.29329813755682654,0.0008255252404342264
2020-02-27,0.05128994204236549,0.0012296190640139685,0.22291076881924163,0.0002859185132237312,0.29133284777858703,0.0008255388704977174
2020-02-28,0.05104410721304279,0.0012236756769985683,0.22355860588853368,0.00028392958546280523,0.2896535743251072,0.0008335417187630241
2020-03-01,0.051587582043600796,0.0012322555205047318,0.2235336194563662,0.0002891844997108155,0.29116319697190274,0.0008415100055539661
2020-03-02,0.051587582043600796,0.0012322555205047318,0.2235336194563662,0.0002891844997108155,0.29116319697190274,0.0008415100055539661
2020-03-03,0.05141123849673539,0.0012307237886601111,0.22151337940811625,0.0002892681515765114,0.29220968967330957,0.000847457627118644
2020-03-04,0.05120065536838872,0.0012204349630208207,0.21811677972386417,0.00028768699654775604,0.29263724686878145,0.0008448015138843129
2020-03-05,0.0503887999806507,0.0012127827299739252,0.21704686041716403,0.0002828054298642534,0.28915941358470926,0.0008419421922490802
2020-03-06,0.04975619464623346,0.001210404638270574,0.21610407572286813,0.0002789983957592244,0.2882425849595019,0.000841609156707625
2020-03-07,0.0477313298903134,0.0011935168166519465,0.2117253498761407,0.0002628811777076761,0.285363696030591,0.0008332500083325002
2020-03-08,0.0477313298903134,0.0011935168166519465,0.2117253498761407,0.0002628811777076761,0.285363696030591,0.0008332500083325002
2020-03-09,0.0477313298903134,0.0011935168166519465,0.2117253498761407,0.0002628811777076761,0.285363696030591,0.0008332500083325002
2020-03-10,0.048086632877792634,0.0012007252380437784,0.21541046464037225,0.0002658160552897395,0.2856897980173128,0.0008445803280349994
2020-03-11,0.0468427955780401,0.0011900794973104204,0.20774472328402857,0.0002574002574002574,0.28439792958307264,0.0008397645300257808
2020-03-12,0.04553951805528042,0.0011712344811431249,0.20872469213107908,0.0002484472049689441,0.28359140150870626,0.0008263711563411591
2020-03-13,0.0457182566714366,0.0011930326890956812,0.20687657743390292,0.0002487562189054726,0.2841554898840645,0.0008259138737012504
2020-03-14,0.044112911408040016,0.0011702750146284377,0.19999200031998718,0.0002452783909737552,0.2815949538184276,0.0008116949001209426
2020-03-15,0.044112911408040016,0.0011702750146284377,0.19999200031998718,0.0002452783909737552,0.2815949538184276,0.0008116949001209426
2020-03-16,0.044112911408040016,0.0011702750146284377,0.19999200031998718,0.0002452783909737552,0.2815949538184276,0.0008116949001209426
2020-03-17,0.04359384141083621,0.0011791062374719961,0.19956096587507482,0.0002501876407305479,0.28231042854723054,0.0008077022486430602
2020-03-18,0.042075146211133084,0.00115233924867481,0.19584035094590888,0.0002406594067745623,0.2800179211469534,0.0007964763884574642
2020-03-19,0.04150360936138811,0.0011599582415033058,0.19624389190886435,0.0002447381302006853,0.2814285312244955,0.0007955765941366005
2020-03-20,0.04098948619679053,0.0011586142973004287,0.1975230608173504,0.00024295432458697764,0.2835110002268088,0.0007974799633159216
2020-03-22,0.03932219545254539,0.0011621150493898896,0.19444282408757704,0.00023957834211787255,0.2831818310537196,0.0007861635220125787
2020-03-23,0.03932219545254539,0.0011621150493898896,0.19444282408757704,0.00023957834211787255,0.2831818310537196,0.0007861635220125787
2020-03-24,0.04040542806520628,0.001183151916706105,0.19610919359899592,0.0002433753236891805,0.28422817838160475,0.0008109510834306476
2020-03-25,0.04165436127410694,0.0011841326228537595,0.19862945674843577,0.0002461841457410143,0.2877532228360958,0.0008113590263691683
2020-03-26,0.04284490145672665,0.001208605269518975,0.1991040318566451,0.00025135101168782207,0.2945334590009425,0.000824905548314718
2020-03-27,0.0429202970084553,0.0011980352222355337,0.19607843137254904,0.0002494387627837366,0.293470286133529,0.0008252663547159846
2020-03-29,0.04193362661711789,0.0011740672036067343,0.19255208533908424,0.000247046558394395,0.29120559114735,0.000817487696810163
2020-03-30,0.04193362661711789,0.0011740672036067343,0.19255208533908424,0.000247046558394395,0.29120559114735,0.000817487696810163
2020-03-31,0.042059042483838814,0.0011730205278592375,0.1921451079855507,0.0002464268112370626,0.29151969215520507,0.000821240565998998
2020-04-01,0.04126292612739599,0.001157943492357573,0.19050159068828226,0.00024563989191844754,0.2886586034696764,0.0008098477486232589
2020-04-02,0.04130695196001487,0.0011644154634373545,0.19028409415256978,0.00024854662361839145,0.2907568400546623,0.0008150756390193009
2020-04-03,0.04005607850991388,0.001156737998843262,0.18694034733516535,0.0002488181139586962,0.2893937201562726,0.0008100445524503848
2020-04-05,0.040592916373721116,0.0011771214671641968,0.1891897005127041,0.00025220680958385876,0.29505488020771864,0.0008175545308872101
2020-04-06,0.040592916373721116,0.0011771214671641968,0.1891897005127041,0.00025220680958385876,0.29505488020771864,0.0008175545308872101
2020-04-07,0.04106843644248776,0.0011653246011676553,0.19152685206465947,0.00025614754098360657,0.2974154596555929,0.0008238521679669801
2020-04-08,0.04172328864630041,0.0011864788866082128,0.19519431594151979,0.00025665045491293136,0.29679755438815186,0.0008232146532208273
2020-04-09,0.04247150162241136,0.0011903628225883249,0.19581734158377068,0.00026135796370783314,0.29686804215526197,0.0008267810931699614
2020-04-10,0.042863266180882986,0.0011903628225883249,0.19584418636532777,0.00026136957658128593,0.2969561989606533,0.0008260707942670687
2020-04-12,0.04243941773118873,0.001178439275024158,0.1923298842174097,0.000258732212160414,0.2953947951437096,0.0008237775141689732
2020-04-13,0.04243941773118873,0.001178439275024158,0.1923298842174097,0.000258732212160414,0.2953947951437096,0.0008237775141689732
2020-04-14,0.0427715996578272,0.0011793148180906893,0.19371961023614423,0.0002599428125812321,0.29469837621194706,0.0008259616258228643
2020-04-15,0.041218416388442355,0.0011693171188026192,0.19096724911677646,0.0002558002711482874,0.29348751210635987,0.0008176882318309675
2020-04-16,0.04213187276174426,0.0011750190940602785,0.19106576483625665,0.00025176233635448137,0.2930574685695865,0.0008152151760457172
2020-04-17,0.042245785982848214,0.001173777803861729,0.19095630919645587,0.0002543881963876876,0.293728888236158,0.0008226187244474058
2020-04-18,0.041685598876156256,0.0011685655857434998,0.18809720863742382,0.0002520097779793856,0.29400523329315265,0.0008196452575325399
2020-04-19,0.041685598876156256,0.0011685655857434998,0.18809720863742382,0.0002520097779793856,0.29400523329315265,0.0008196452575325399
2020-04-20,0.041685598876156256,0.0011685655857434998,0.18809720863742382,0.0002520097779793856,0.29400523329315265,0.0008196452575325399
2020-04-21,0.04102395799146701,0.0011672016340822876,0.1881078234043754,0.00024749412201460216,0.2954908102358017,0.0008121431645970553
2020-04-22,0.04086880541299154,0.0011655011655011655,0.18321729571271528,0.00024838549428713363,0.29671829565010976,0.0008110365858603882
2020-04-23,0.04035707943887517,0.0011636566747346862,0.1807141824490386,0.00024873765639380147,0.29662148132767774,0.0008112076448208448
2020-04-24,0.040076144674882276,0.0011674060238150829,0.17887487702352206,0.0002475860361475613,0.29459419649432905,0.0008129883010983473
2020-04-26,0.04043753411916941,0.00116795141322121,0.1769160002830656,0.0002465969619254291,0.29444673458571347,0.0008190410667190853
2020-04-27,0.04043753411916941,0.00116795141322121,0.1769160002830656,0.0002465969619254291,0.29444673458571347,0.0008190410667190853
2020-04-28,0.041115935837759805,0.0011858035597822865,0.1819207189506813,0.00024832011442590875,0.2953162837398854,0.0008193967601052104
2020-04-29,0.04211962816792253,0.0011996880810989144,0.18745547932366063,0.00025523226135783564,0.29715915844526325,0.0008266785708380867
2020-04-30,0.04132333859517178,0.0011999040076793857,0.1822954644888435,0.0002531004808909137,0.29660388551090017,0.0008250893159184482
2020-05-01,0.040684111471210704,0.0011999040076793857,0.18230211105844604,0.00025313251487153526,0.29660388551090017,0.0008167332304249462
2020-05-03,0.04151451596565255,0.0011955287225775598,0.18044353019722478,0.00025138197239323176,0.2955781508630882,0.0008180293672542844
2020-05-04,0.04151451596565255,0.0011955287225775598,0.18044353019722478,0.00025138197239323176,0.2955781508630882,0.0008180293672542844
2020-05-05,0.04204684017996047,0.0012008550087662414,0.17986905532772143,0.00025519513495994713,0.29479393903661344,0.0008199476873375479
2020-05-06,0.04083966348117291,0.001187493320350073,0.17500875043752187,0.0002529513094024531,0.29314337642540966,0.0008142593090195504
2020-05-07,0.041678822990038764,0.0011948145050480912,0.17151187719749594,0.0002553873971427258,0.2940138774550159,0.0008205734167035924
2020-05-08,0.042335210194318615,0.001211709965102753,0.17446830783188233,0.000257201646090535,0.29357367231306697,0.0008202436123528687
2020-05-09,0.041862022772940384,0.0012151997180736656,0.17190991920233797,0.00025680534155110427,0.2928858038250886,0.000818002601248272
2020-05-10,0.041862022772940384,0.0012151997180736656,0.17190991920233797,0.00025680534155110427,0.2928858038250886,0.000818002601248272
2020-05-11,0.041862022772940384,0.0012151997180736656,0.17190991920233797,0.00025680534155110427,0.2928858038250886,0.000818002601248272
2020-05-12,0.0411522633744856,0.0012135922330097086,0.16990043834313093,0.0002577984016499098,0.2913498237333566,0.0008158736374910253
2020-05-13,0.04133022144319347,0.0012253250174608815,0.16992353440951571,0.0002560163850486431,0.2908414041822994,0.0008150490659537704
2020-05-14,0.04190461503906348,0.0012173150898378536,0.17210222872386197,0.000254000508001016,0.29008209323238476,0.0008153281695882593
2020-05-15,0.041750689930151096,0.001208999794470035,0.17083796019475525,0.00025588536335721597,0.2911038658593386,0.0008115631517866562
2020-05-17,0.042135068174540304,0.00122177695239957,0.17484045808200016,0.0002598077422707197,0.2920134326179004,0.0008166131785034747
2020-05-18,0.042135068174540304,0.00122177695239957,0.17484045808200016,0.0002598077422707197,0.2920134326179004,0.0008166131785034747
2020-05-19,0.04220655889925294,0.0012222249382776407,0.1737921445950643,0.00026096033402922753,0.29197080291970806,0.0008164198357363291
2020-05-20,0.04310344827586207,0.0012447099825740602,0.17565739781130882,0.0002624217327182168,0.2940311673037342,0.0008153148746045723
2020-05-21,0.04371502524761283,0.0012455161418891989,0.18017368743468704,0.0002654632333421821,0.29344445096543226,0.0008109708131604344
2020-05-22,0.04399952128520842,0.0012377309915462974,0.1807795212958276,0.00026514438437451115,0.2924147610971402,0.0008060745780199584
2020-05-24,0.04435573297848747,0.0012435026984008557,0.18362774982555363,0.00026553160755490526,0.2919196637085474,0.0008061330603229369
2020-05-25,0.04435573297848747,0.0012435026984008557,0.18362774982555363,0.00026553160755490526,0.2919196637085474,0.0008061330603229369
2020-05-26,0.04499194644158696,0.0012402177822425618,0.1870907390084191,0.00026808357773619505,0.2913498237333566,0.0008129156031020858
2020-05-27,0.044818529772949325,0.0012200180562672329,0.18965255651646185,0.0002680318421828513,0.2901073397156948,0.0008078196946441553
2020-05-28,0.045012887189602384,0.0012372409526755336,0.18504126420191702,0.00027056277056277056,0.29113776639105626,0.0008080024563274673
2020-05-29,0.0451102720600508,0.00125250501002004,0.18741332133888078,0.00026838432635534085,0.2916897587725695,0.0008120442401702044
2020-05-30,0.045372050816696916,0.0012622278321236984,0.1863411907202087,0.00026910656620021526,0.2926972047416947,0.0008179290037624735
2020-05-31,0.045372050816696916,0.0012622278321236984,0.1863411907202087,0.00026910656620021526,0.2926972047416947,0.0008179290037624735
2020-06-01,0.045372050816696916,0.0012622278321236984,0.1863411907202087,0.00026910656620021526,0.2926972047416947,0.0008179290037624735
2020-06-02,0.045898446016313224,0.0012876641771825906,0.1922744140437232,0.00027525915649584084,0.29455081001472755,0.000819940964250574
2020-06-03,0.04604197831330738,0.0012735608762098828,0.19756598703967124,0.0002775079783543777,0.2940138774550159,0.0008229098090849243
2020-06-04,0.045747935281310916,0.0012956892418922246,0.1963864886095837,0.00027810455062476187,0.2920134326179004,0.0008216656806678498
2020-06-05,0.04635832201417637,0.0013050570962479609,0.20161290322580647,0.0002802690582959641,0.291579192908794,0.0008319467554076539
2020-06-06,0.046531106044390674,0.001304070002477733,0.20736132711249353,0.00027741251796246057,0.291154719618005,0.000836379147395097
2020-06-07,0.046531106044390674,0.001304070002477733,0.20736132711249353,0.00027741251796246057,0.291154719618005,0.000836379147395097
2020-06-08,0.046531106044390674,0.001304070002477733,0.20736132711249353,0.00027741251796246057,0.291154719618005,0.000836379147395097
2020-06-09,0.045725573398690426,0.0012998323216305097,0.20412329046744235,0.0002737101409607226,0.29050344246579324,0.0008348708872172919
2020-06-10,0.04568358634426237,0.0012936108559823034,0.20105756278022396,0.00027247956403269756,0.2920134326179004,0.0008403361344537816
2020-06-11,0.04379250062185351,0.0012624668602449186,0.20097270790626634,0.0002654773282361686,0.2891259721860815,0.0008297102651754007
2020-06-12,0.04502881844380404,0.0012631525761996791,0.19797667834729069,0.0002649884067572044,0.2891343318105592,0.0008296964970213895
2020-06-14,0.04506696951670182,0.0012776450446536941,0.19396008301491552,0.00026504108136761196,0.2891343318105592,0.0008296964970213895
2020-06-15,0.04506696951670182,0.0012776450446536941,0.19396008301491552,0.00026504108136761196,0.2891343318105592,0.0008296964970213895
2020-06-16,0.044802867383512544,0.001276161306789178,0.19069412662090007,0.0002672117786952049,0.28820935527567226,0.0008254502831294471
2020-06-17,0.04482465714740365,0.0012490476012040818,0.1912631015224543,0.00026696923179603553,0.2860084658505892,0.0008231401149103601
2020-06-18,0.044029587883057414,0.0012240501370936153,0.18597385207639805,0.0002669884767773423,0.28406669886089253,0.0008251301642834156
2020-06-19,0.04418522446094026,0.0012249047636546258,0.18831327796922961,0.0002671475322246711,0.2857142857142857,0.0008251982538804948
2020-06-20,0.04454640621867831,0.0012207329280500012,0.19037828164562987,0.0002671475322246711,0.2855674224684448,0.0008272256506129743
2020-06-21,0.04454640621867831,0.0012207329280500012,0.19037828164562987,0.0002671475322246711,0.2855674224684448,0.0008272256506129743
2020-06-22,0.04454640621867831,0.0012207329280500012,0.19037828164562987,0.0002671475322246711,0.2855674224684448,0.0008272256506129743
2020-06-23,0.044604425651113104,0.0012214038816215358,0.19409184426070417,0.0002703981612925032,0.2855674224684448,0.0008280750567231414
2020-06-24,0.04389044943820225,0.0012215680046908212,0.18699977560026929,0.00026826768823002347,0.2855674224684448,0.0008293524416135881
2020-06-25,0.04412283798093893,0.0012365524916532705,0.1866019779809666,0.0002681863895407308,0.28549404744911067,0.0008320159747067143
2020-06-26,0.04343969397604387,0.0012179971255267838,0.18234865061998543,0.00026682676272430126,0.28347081667942287,0.000830702774547267
2020-06-28,0.04338313862257667,0.0012204498578175915,0.18506866047303547,0.0002670961572875851,0.2835672763363108,0.0008340283569641367
2020-06-29,0.04338313862257667,0.0012204498578175915,0.18506866047303547,0.0002670961572875851,0.2835672763363108,0.0008340283569641367
2020-06-30,0.04345976212733797,0.0012161603385790383,0.18305965914291467,0.00026632931619948065,0.28243002796057276,0.0008340840089413805
2020-07-01,0.04412484330165022,0.0012373174956693887,0.18806890844805538,0.00026946914578280785,0.28347081667942287,0.000832514693884347
2020-07-02,0.0445573229960344,0.0012490476012040818,0.18658108814090602,0.0002745186315795253,0.28403442497230663,0.0008341953351796857
2020-07-03,0.04469753180229388,0.0012466807126026954,0.18817153717328716,0.00027441994484159106,0.28258965156695964,0.0008340770520380672
2020-07-04,0.044784808992789644,0.0012528188423953895,0.18676926524971052,0.0002758613079688056,0.28218296743608556,0.0008389965601141035
2020-07-05,0.044784808992789644,0.0012528188423953895,0.18676926524971052,0.0002758613079688056,0.28218296743608556,0.0008389965601141035
2020-07-06,0.044784808992789644,0.0012528188423953895,0.18676926524971052,0.0002758613079688056,0.28218296743608556,0.0008389965601141035
2020-07-07,0.04386349679796474,0.0012672343876723438,0.18590816136828409,0.0002760067345643234,0.28274945570729776,0.0008359736166726578
2020-07-08,0.044082808674438756,0.0012713265020722622,0.18718879862229043,0.00027484986326219304,0.28410705153701915,0.0008389965601141035
2020-07-09,0.04419127752564198,0.0012692288165710515,0.18731502641141873,0.00027618968707708455,0.2857306131778959,0.0008358408559010364
2020-07-10,0.04461596805496688,0.001262737868245931,0.18783575641459108,0.0002772387025228722,0.2855674224684448,0.0008330417687142833
2020-07-11,0.04403346543372963,0.0012670096039327978,0.18508578726239613,0.0002764263600176913,0.2859757492564631,0.0008310341388824253
2020-07-12,0.04403346543372963,0.0012670096039327978,0.18508578726239613,0.0002764263600176913,0.2859757492564631,0.0008310341388824253
2020-07-13,0.04403346543372963,0.0012670096039327978,0.18508578726239613,0.0002764263600176913,0.2859757492564631,0.0008310341388824253
2020-07-14,0.0446927374301676,0.00127213515163851,0.1863099452248761,0.00027612867596299873,0.28589399050831954,0.0008303027283747653
2020-07-15,0.044779695095056096,0.0012804097311139564,0.1862266751089426,0.0002761439262143429,0.286221306314042,0.0008325770758227944
2020-07-16,0.04462691895751517,0.0012670898746848112,0.18757854851719158,0.00027508575798505184,0.2854044180603916,0.0008300132802124834
2020-07-17,0.04437521910264432,0.0012703252032520325,0.18572861335017274,0.0002744651360660912,0.2843574942417607,0.0008309512730173502
2020-07-19,0.04443484651759664,0.0012734311328443358,0.18765951058399638,0.0002739163185646785,0.28551034975017847,0.0008331875255163679
2020-07-20,0.04443484651759664,0.0012734311328443358,0.18765951058399638,0.0002739163185646785,0.28551034975017847,0.0008331875255163679
2020-07-21,0.04483098717833767,0.001296714126403693,0.19340863376141113,0.0002761744317711066,0.286368843069874,0.000837963079346724
2020-07-22,0.04470978209793499,0.001304138029969092,0.1953468383114219,0.0002751031636863824,0.28522532800912725,0.000835282325425994
2020-07-23,0.044500198248383194,0.0012986844326697057,0.19188701692443488,0.000272724793410969,0.2842685769515038,0.0008325354868251258
2020-07-24,0.044925648052473156,0.001292607577265618,0.19109862600087907,0.00027085590465872155,0.28308563340410475,0.0008322929671244278
2020-07-26,0.045607954027182346,0.0013021681099029884,0.1943823500826125,0.00027221995372260786,0.28457598178713717,0.0008366030569475701
2020-07-27,0.045607954027182346,0.0013021681099029884,0.1943823500826125,0.00027221995372260786,0.28457598178713717,0.0008366030569475701
2020-07-28,0.04557505003001117,0.0013068308046157264,0.19405041429763453,0.0002686078057428349,0.28457598178713717,0.0008341327105142428
2020-07-29,0.045505014652614716,0.001320986512727705,0.19342359767891684,0.0002699856907583898,0.2859021642793836,0.0008404844552400004
2020-07-30,0.04541274508690864,0.001314233144959916,0.19398642095053345,0.0002688822564598962,0.2846569883290635,0.0008408731626921395
2020-07-31,0.0449034575662326,0.0013219993918802799,0.19151584793641674,0.00026800095408339655,0.283149757906957,0.0008382229673093043
2020-08-02,0.04417117212622355,0.0013206376038351316,0.18796285853915268,0.00026543857087873437,0.2824220515137822,0.0008387572971884855
2020-08-03,0.04417117212622355,0.0013206376038351316,0.18796285853915268,0.00026543857087873437,0.2824220515137822,0.0008387572971884855
2020-08-04,0.0441598586884522,0.0012966973119464722,0.1890359168241966,0.0002646027650988953,0.2816266756787203,0.0008383635144198525
2020-08-05,0.04474553215861396,0.0012870675453047775,0.18902877017882122,0.0002650586442250348,0.28219889378033636,0.000843397881384522
2020-08-06,0.04468075599839149,0.001295001295001295,0.18758206715438003,0.0002673082063619353,0.2823662289990117,0.0008447729672650475
2020-08-07,0.04466878098896681,0.0012699218998031621,0.1838776110620771,0.0002673618073658178,0.2815632391035026,0.0008412693071305986
2020-08-08,0.04449190247374978,0.0012417269939031205,0.18243847262510718,0.0002649076796736337,0.2815632391035026,0.0008433623168849569
2020-08-09,0.04449190247374978,0.0012417269939031205,0.18243847262510718,0.0002649076796736337,0.2815632391035026,0.0008433623168849569
2020-08-10,0.04449190247374978,0.0012417269939031205,0.18243847262510718,0.0002649076796736337,0.2815632391035026,0.0008433623168849569
2020-08-11,0.044623732685991714,0.0012592713855763054,0.1858736059479554,0.00026736252219108935,0.2809383340356792,0.0008434049946443782
2020-08-12,0.04472671974237409,0.0012630249447426586,0.18396894604190814,0.00026627258324346634,0.28045770697778777,0.0008451513666097598
2020-08-13,0.045136538027533285,0.0012611930886618741,0.18628912071535023,0.00026530476885322014,0.2801669795197938,0.0008439032211785952
2020-08-14,0.0455083280240284,0.0012553666926109115,0.18440998026813213,0.0002638348393905415,0.28009635314548204,0.0008425025696328374
2020-08-16,0.04514366972891227,0.0012394184648562895,0.18152114721365037,0.0002639218791237794,0.2795482500279548,0.0008446659346228566
2020-08-17,0.04514366972891227,0.0012394184648562895,0.18152114721365037,0.0002639218791237794,0.2795482500279548,0.0008446659346228566
2020-08-18,0.045193654810864556,0.001259160391850714,0.18292906011048915,0.00026441036488630354,0.2804813059209604,0.000845530105099392
2020-08-19,0.04517528008673654,0.0012757054651222127,0.1799370220422852,0.00026634705020641894,0.280796338415747,0.0008462384700008462
2020-08-20,0.04531037607612143,0.0012725722502895103,0.1798561151079137,0.00026307135810588623,0.27962641910407693,0.0008439815674425672
2020-08-21,0.04549942443228093,0.0012615749501677896,0.17802146938920832,0.00026087523641818303,0.2791424743188924,0.0008392430028114641
2020-08-23,0.04548555833522857,0.0012730582678769208,0.17823088028231773,0.00025948751216347713,0.27898672023211696,0.0008413684015683107
2020-08-24,0.04548555833522857,0.0012730582678769208,0.17823088028231773,0.00025948751216347713,0.27898672023211696,0.0008413684015683107
2020-08-25,0.045653761869978084,0.0012711810543175664,0.1815310327300452,0.0002587054379883065,0.2789089083505327,0.0008422471153036301
2020-08-26,0.04558965661870635,0.001274681011076978,0.17838985318515083,0.0002605455824496496,0.2801669795197938,0.0008442737135379289
2020-08-27,0.04515732813120913,0.0012750060562787674,0.1795396603109627,0.0002621280075912271,0.28072539441917915,0.0008420768984623676
2020-08-28,0.04597278411180581,0.001283153477987502,0.18570102135561747,0.0002670940170940171,0.2831096766887492,0.0008471130387638926
2020-08-30,0.045599635202918376,0.0012883111529096508,0.1820830298616169,0.00026745476671257974,0.28239015023155994,0.0008419776370739593
2020-08-31,0.045599635202918376,0.0012883111529096508,0.1820830298616169,0.00026745476671257974,0.28239015023155994,0.0008419776370739593
2020-09-01,0.04597067071208569,0.001296798205231284,0.18524007113218732,0.00027190537692882877,0.28359140150870626,0.000843846251213029
2020-09-02,0.04595588235294117,0.001296714126403693,0.18725539763683688,0.0002734668763246052,0.28294946522551073,0.0008410216731285165
2020-09-03,0.04607445632141541,0.001289573795860468,0.18900733348453921,0.0002710409054934571,0.2817377584943934,0.0008391796180054379
2020-09-04,0.04639365854360099,0.0012964955724676201,0.18863653512412284,0.0002692964361309642,0.2836557553752766,0.0008422471153036301
2020-09-06,0.04629415304846998,0.0012907222881924725,0.18863653512412284,0.00026954177897574127,0.28284542497525106,0.0008423464402439435
2020-09-07,0.04629415304846998,0.0012907222881924725,0.18863653512412284,0.00026954177897574127,0.28284542497525106,0.0008423464402439435
2020-09-08,0.04581481651165987,0.001294598933250479,0.18651496782616803,0.0002681029837181058,0.2824459822059031,0.0008403149500432762
2020-09-09,0.04678988627250242,0.0013055171153293819,0.18835229413094254,0.0002693762323962632,0.28276544606249115,0.0008440670526866655
2020-09-10,0.04664942814798505,0.0012943308309603934,0.1879169407122052,0.000269652256450082,0.28220685762664033,0.000841687077578298
2020-09-11,0.046996743595636256,0.0012990893383738,0.18799112681881416,0.0002699871486117261,0.2800022400179201,0.0008418287888609214
2020-09-13,0.047429825202122196,0.00130718954248366,0.18977132555270898,0.00027120114989287556,0.2809462268921728,0.0008466181836653487
2020-09-14,0.047429825202122196,0.00130718954248366,0.18977132555270898,0.00027120114989287556,0.2809462268921728,0.0008466181836653487
2020-09-15,0.047315373048595726,0.0013105129347626661,0.18954471359793773,0.00027039962360372394,0.28196813760045114,0.0008476012883539584
2020-09-16,0.04775980258008005,0.0013154433043935806,0.1909234969547702,0.000271370420624152,0.2836557553752766,0.000852558528142957
2020-09-17,0.04790772588732294,0.0013140949827853557,0.19086154903233196,0.0002693065893936293,0.28396989919068577,0.00085525640587048
2020-09-18,0.047326076668244205,0.0013102897050537873,0.18561140396465958,0.00026817703975456436,0.28389734272087214,0.0008585017427585378
2020-09-19,0.04688012751394684,0.001291522446660123,0.18469267139479906,0.0002640612622128334,0.2817695125387433,0.000859305852732163
2020-09-20,0.04688012751394684,0.001291522446660123,0.18469267139479906,0.0002640612622128334,0.2817695125387433,0.000859305852732163
2020-09-21,0.04688012751394684,0.001291522446660123,0.18469267139479906,0.0002640612622128334,0.2817695125387433,0.000859305852732163
2020-09-22,0.04613808112643357,0.001287001287001287,0.182768578425997,0.00026139348868819674,0.28148398356133536,0.0008596678243526702
2020-09-23,0.04477773006461874,0.0012779879357938861,0.17879172551894298,0.00025905527721505213,0.28148398356133536,0.0008542700689395947
2020-09-24,0.04520309297643382,0.0012769761205465458,0.18152773743828057,0.00026143790849673205,0.28148398356133536,0.0008555198138388884
2020-09-25,0.04477137497369682,0.00126926103622471,0.1801574576179581,0.0002574002574002574,0.2788622420524261,0.0008515566455480619
2020-09-26,0.044622796805186236,0.0012748110092678762,0.17664099484208295,0.0002583144979011947,0.27868349915001533,0.0008566924816667809
2020-09-27,0.044622796805186236,0.0012748110092678762,0.17664099484208295,0.0002583144979011947,0.27868349915001533,0.0008566924816667809
2020-09-28,0.044622796805186236,0.0012748110092678762,0.17664099484208295,0.0002583144979011947,0.27868349915001533,0.0008566924816667809
2020-09-29,0.044618954131715155,0.0012752174245708894,0.17748748713215717,0.00025738700710388143,0.27797854005670763,0.0008560324607509117
2020-09-30,0.04529155760837024,0.0012742587000012743,0.17775881683731512,0.00026142082216848575,0.27767750534529195,0.0008589220528237063
2020-10-01,0.04585527890556289,0.0012718115683980262,0.17723268879712176,0.00026019644831848046,0.27736942834160816,0.0008599191675982457
2020-10-02,0.04627549374794942,0.0012669935510028255,0.17605013907960987,0.00025841462626784677,0.2764492853785973,0.0008574417368339821
2020-10-03,0.04684316860308519,0.0012524893225285254,0.17972035512742174,0.00026124393914061194,0.2787068004459309,0.0008644910309055544
2020-10-04,0.04684316860308519,0.0012524893225285254,0.17972035512742174,0.00026124393914061194,0.2787068004459309,0.0008644910309055544
2020-10-05,0.04684316860308519,0.0012524893225285254,0.17972035512742174,0.00026124393914061194,0.2787068004459309,0.0008644910309055544
2020-10-06,0.04605815855797432,0.001252144297108799,0.17859694242034577,0.0002610114192495922,0.2791502665885046,0.0008587745287474773
2020-10-07,0.04659185257592375,0.0012586057165871647,0.1781832436477674,0.00026025062134835846,0.28023764152000896,0.0008640503222907702
2020-10-08,0.04679457182966776,0.0012525834533725808,0.1787437886533443,0.0002605693440166764,0.279376431804213,0.0008686738824510502
2020-10-09,0.047310403557742346,0.0012591286829513975,0.1807795212958276,0.0002615404733882568,0.2796342384161517,0.000874492794179376
2020-10-10,0.04721123249643555,0.0012591286829513975,0.18084163697849792,0.0002615404733882568,0.2789166875854182,0.0008711180800557516
2020-10-11,0.04721123249643555,0.0012591286829513975,0.18084163697849792,0.0002615404733882568,0.2789166875854182,0.0008711180800557516
2020-10-12,0.04721123249643555,0.0012591286829513975,0.18084163697849792,0.0002615404733882568,0.2789166875854182,0.0008711180800557516
2020-10-13,0.04686145411092106,0.0012520345561537497,0.1793432450366757,0.00025906735751295336,0.2790723634638462,0.0008707691503905399
2020-10-14,0.046946813954470985,0.001252144297108799,0.17879492222420884,0.00026062027625749283,0.2787456445993031,0.0008716723906486986
2020-10-15,0.04702562896778744,0.0012438584489085141,0.17823405696360461,0.0002598583771844345,0.2793140048042009,0.0008732175446869078
2020-10-16,0.04729424873558826,0.0012605571662674903,0.17709145002479282,0.0002600036400509607,0.27917364600781686,0.0008755570731878156
2020-10-18,0.047163693388829274,0.0012700347989534914,0.17831351081471442,0.0002602303038188797,0.2787068004459309,0.0008771314293733773
2020-10-19,0.047163693388829274,0.0012700347989534914,0.17831351081471442,0.0002602303038188797,0.2787068004459309,0.0008771314293733773
2020-10-20,0.04739520682794308,0.0012726046399165172,0.17840258326940575,0.0002615746795710175,0.27845070030351127,0.0008780941843822169
2020-10-21,0.04739561116640599,0.0012774165527636907,0.17831351081471442,0.0002660006011613586,0.2780635653310347,0.0008829476323759238
2020-10-22,0.04769852244287029,0.0012845545164936799,0.17880771018846334,0.00026441036488630354,0.27768521603909807,0.0008811970180292911
2020-10-23,0.04790648653827729,0.0012894906511927789,0.17801513128615934,0.000264026402640264,0.2780635653310347,0.0008865877012554081
2020-10-24,0.04781902221576134,0.0012902726346076926,0.17788529955884447,0.00026227100462908326,0.2775233813448783,0.0008833219973677005
2020-10-25,0.04781902221576134,0.0012902726346076926,0.17788529955884447,0.00026227100462908326,0.2775233813448783,0.0008833219973677005
2020-10-26,0.04781902221576134,0.0012902726346076926,0.17788529955884447,0.00026227100462908326,0.2775233813448783,0.0008833219973677005
2020-10-27,0.04762108852284146,0.0012940795858945326,0.1752694768206117,0.0002626326294778863,0.2773002052021519,0.000885410210550548
2020-10-28,0.046992481203007516,0.0012931257435473025,0.17447439588240427,0.0002611989029646076,0.27691626052281787,0.0008808710052499912
2020-10-29,0.04687133817670494,0.0012959579072871713,0.17312719655130626,0.00025908413757367703,0.2769929643787048,0.0008847991505928154
2020-10-30,0.04720842424889037,0.0012935773882672532,0.17413108588145157,0.000257201646090535,0.2767783005812344,0.0008799021548803773
2020-10-31,0.04678012406088901,0.0013031013812874641,0.1730672712483342,0.0002588594651963449,0.27668640363012564,0.0008826514850611236
2020-11-01,0.04678012406088901,0.0013031013812874641,0.1730672712483342,0.0002588594651963449,0.27668640363012564,0.0008826514850611236
2020-11-02,0.04678012406088901,0.0013031013812874641,0.1730672712483342,0.0002588594651963449,0.27668640363012564,0.0008826514850611236
2020-11-03,0.04741747817729111,0.0013174362690204862,0.17416141279738062,0.0002619515389652914,0.2785282566916414,0.0008839232047519712
2020-11-04,0.0462414701828064,0.001326787846623325,0.17690348146051516,0.0002622214880020558,0.27782408179140966,0.0008749212570868622
2020-11-05,0.04834262156235618,0.0013232239027165787,0.18102824040550325,0.00026654228026920773,0.2782957170289149,0.0008905671131376459
2020-11-06,0.048619734361219344,0.0013313451911811695,0.18640718786116392,0.00026876301820869447,0.2785825718743036,0.0008917424647761726
2020-11-07,0.04919081115647597,0.001320689928418606,0.18567688508457583,0.0002741919563047699,0.27930620339077733,0.0008936390770495613
2020-11-08,0.04919081115647597,0.001320689928418606,0.18567688508457583,0.0002741919563047699,0.27930620339077733,0.0008936390770495613
2020-11-09,0.04919081115647597,0.001320689928418606,0.18567688508457583,0.0002741919563047699,0.27930620339077733,0.0008936390770495613
2020-11-10,0.04928536224741252,0.001325855508266709,0.1846892603195124,0.0002756529529322583,0.27606769179802887,0.0008952150754218701
2020-11-11,0.04931015098768232,0.001325855508266709,0.18474043968224643,0.0002756529529322583,0.2760600706713781,0.0009002520705797623
2020-11-12,0.048539023919060204,0.0013144922773578706,0.18337520400491447,0.00027460833985528137,0.2747705665769083,0.0008969897025582147
2020-11-13,0.049046054244935994,0.0013041210224308817,0.18331469633920552,0.0002746573649372408,0.27470263439826387,0.0009028367129520955
2020-11-14,0.04937544993378752,0.0013053126223730584,0.18402988645356005,0.00027505397934344617,0.2730599093441101,0.0009033097268391386
2020-11-15,0.04937544993378752,0.0013053126223730584,0.18402988645356005,0.00027505397934344617,0.2730599093441101,0.0009033097268391386
2020-11-16,0.04937544993378752,0.0013053126223730584,0.18402988645356005,0.00027505397934344617,0.2730599093441101,0.0009033097268391386
2020-11-17,0.0494050153995433,0.0013106503447010407,0.18768768768768768,0.0002745367192862045,0.27767750534529195,0.0009048627323235064
2020-11-18,0.0492472556966763,0.0013191219924018572,0.1864662775737008,0.0002746121103940684,0.2801748290933543,0.0009041346075603737
2020-11-19,0.049561381771323784,0.0013176445785513817,0.1884481296523132,0.00027412656423470716,0.27970463190870437,0.000897996569653104
2020-11-20,0.04976114649681529,0.0013090204599897897,0.18593927223368847,0.000275410016662306,0.27821829007038923,0.0008969172952562044
2020-11-21,0.04960809604127393,0.0012924238116163052,0.18387423002666176,0.00027430703186076175,0.27757730527952035,0.0008984645241282648
2020-11-22,0.04960809604127393,0.0012924238116163052,0.18387423002666176,0.00027430703186076175,0.27757730527952035,0.0008984645241282648
2020-11-23,0.04960809604127393,0.0012924238116163052,0.18387423002666176,0.00027430703186076175,0.27757730527952035,0.0008984645241282648
2020-11-24,0.05000500050005,0.0012926577042399173,0.18596347677316177,0.000275178866263071,0.27719259341390395,0.0009011931797700154
2020-11-25,0.05015045135406218,0.0013078733978550876,0.18823529411764706,0.0002765716182205382,0.27757730527952035,0.0009039874888131548
2020-11-26,0.0499325910021471,0.0013070186903672723,0.18809013279163375,0.0002765716182205382,0.27765437583296315,0.0009045107953363424
2020-11-27,0.0499443120920174,0.0013018290698431296,0.18773349353258115,0.0002774002052761519,0.27765437583296315,0.0009054444374020987
2020-11-28,0.049588416145988294,0.0013102897050537873,0.18757854851719158,0.0002782221603950755,0.2773617351750153,0.0009015913086597845
2020-11-29,0.049588416145988294,0.0013102897050537873,0.18757854851719158,0.0002782221603950755,0.2773617351750153,0.0009015913086597845
2020-11-30,0.049588416145988294,0.0013102897050537873,0.18757854851719158,0.0002782221603950755,0.2773617351750153,0.0009015913086597845
2020-12-01,0.04995004995004995,0.0013163437236731255,0.19154152620288079,0.00028196813760045117,0.27713881883435415,0.0009043799119133965
2020-12-02,0.05010276076232353,0.001323276432446738,0.191662673694298,0.0002840892949471878,0.27713113845471676,0.00090908264470323
2020-12-03,0.050278947601291965,0.001332693640385948,0.19488998460369122,0.0002884754074715131,0.27908794061008624,0.0009156838326862502
2020-12-04,0.05057332449311621,0.001344935644829395,0.1939676074095626,0.0002886836027713626,0.27883891475894373,0.0009222795060270966
2020-12-05,0.05032765821883372,0.0013430029546065,0.19682327238372666,0.00028669724770642203,0.2775850104094379,0.000922926415076926
2020-12-06,0.05032765821883372,0.0013430029546065,0.19682327238372666,0.00028669724770642203,0.2775850104094379,0.000922926415076926
2020-12-07,0.05032765821883372,0.0013430029546065,0.19682327238372666,0.00028669724770642203,0.2775850104094379,0.000922926415076926
2020-12-08,0.0505663430420712,0.0013435442697836894,0.19554929797802026,0.00028665615594094884,0.27826474107465843,0.0009218289085545723
2020-12-09,0.050743390673364794,0.0013435442697836894,0.19550342130987292,0.00028665615594094884,0.27826474107465843,0.0009219648915769287
2020-12-10,0.05001000200040008,0.0013614703880190605,0.19840482520534902,0.0002925730335434983,0.27834994154651227,0.0009211750508949216
2020-12-11,0.04966476285075738,0.0013623421386046893,0.1976011223743751,0.00029106997322156245,0.2785748112655654,0.000916027737319886
2020-12-12,0.04940979993972004,0.0013603591348115903,0.19553782679259304,0.00029192818566632606,0.2787456445993031,0.000914787540593697
2020-12-13,0.04940979993972004,0.0013603591348115903,0.19553782679259304,0.00029192818566632606,0.2787456445993031,0.000914787540593697
2020-12-14,0.04940979993972004,0.0013603591348115903,0.19553782679259304,0.00029192818566632606,0.2787456445993031,0.000914787540593697
2020-12-15,0.05028157683024939,0.0013591573224600749,0.1968542687848186,0.0002926372468687815,0.27898672023211696,0.0009179196269574635
2020-12-16,0.050405766419678415,0.001362769146906514,0.19693568080664856,0.00029255933834780037,0.2788311398616998,0.0009153988392742717
2020-12-17,0.05051811377487512,0.001385943758402284,0.19795708290442635,0.00029309612087284023,0.2788777957499024,0.000914904712674175
2020-12-18,0.050188205771643665,0.001379063064553942,0.1966258995634905,0.00029263296510351894,0.27821829007038923,0.0009096035947534064
2020-12-19,0.05011275369581559,0.0013792152265361011,0.19552635695291726,0.0002916514764855997,0.2774463834863913,0.0009069801189957917
2020-12-20,0.05011275369581559,0.0013792152265361011,0.19552635695291726,0.0002916514764855997,0.2774463834863913,0.0009069801189957917
2020-12-21,0.05011275369581559,0.0013792152265361011,0.19552635695291726,0.0002916514764855997,0.2774463834863913,0.0009069801189957917
2020-12-22,0.04967463116586359,0.0013841788359055989,0.19387359441644048,0.0002887878131542849,0.27690092484908896,0.0009011363329158068
2020-12-23,0.0498193301990332,0.0014011489421325487,0.19241870309794112,0.0002858980773354299,0.27726945045194923,0.0009036607296156731
2020-12-24,0.050356143827217995,0.0013998152243903804,0.19241870309794112,0.00028467724717101987,0.27759271596713303,0.0009077787561615483
2020-12-25,0.05038783516728257,0.0013998152243903804,0.19241870309794112,0.00028467724717101987,0.27759271596713303,0.0009091818272736363
2020-12-26,0.049976261275893955,0.0014052246251563313,0.1909453705294915,0.0002860207365033965,0.27782408179140966,0.0009127002236115547
2020-12-27,0.049976261275893955,0.0014052246251563313,0.1909453705294915,0.0002860207365033965,0.27782408179140966,0.0009127002236115547
2020-12-28,0.049976261275893955,0.0014052246251563313,0.1909453705294915,0.0002860207365033965,0.27782408179140966,0.0009127002236115547
2020-12-29,0.05025605459817772,0.0013984449292386864,0.19187965308158725,0.0002880184331797235,0.27782408179140966,0.0009166154889685326
2020-12-30,0.0502992807202857,0.0014084507042253522,0.19239278911826385,0.00029244041526538966,0.27782408179140966,0.0009194387745720013
2020-12-31,0.050317427491329045,0.0014089468122578373,0.19284543438434093,0.0002928686484111876,0.27782408179140966,0.000922109417503481
2021-01-01,0.05054500147844129,0.0014089468122578373,0.19284543438434093,0.0002928686484111876,0.27782408179140966,0.0009205560158335635
2021-01-02,0.05011777677542224,0.0014203536680633478,0.18890022290226302,0.000290065264684554,0.27782408179140966,0.0009204035048965466
2021-01-03,0.05011777677542224,0.0014203536680633478,0.18890022290226302,0.000290065264684554,0.27782408179140966,0.0009204035048965466
2021-01-04,0.05011777677542224,0.0014203536680633478,0.18890022290226302,0.000290065264684554,0.27782408179140966,0.0009204035048965466
2021-01-05,0.05030434126465114,0.001437545821773069,0.18922191946715108,0.00029059208136578276,0.27782408179140966,0.0009204543362603781
2021-01-06,0.05089835598310175,0.001436265709156194,0.18812905653278147,0.0002930574685695865,0.27782408179140966,0.0009191852342083976
2021-01-07,0.050075388497382814,0.0014036072706856621,0.1848394669229774,0.0002867802890171753,0.27782408179140966,0.0009138345411179853
2021-01-08,0.0497047784682876,0.0014076576576576578,0.1839858698851928,0.0002884837295176552,0.27624309392265195,0.0009127335456960051
2021-01-09,0.04989088862657368,0.0013903758185837632,0.18233535117788638,0.0002863483427589663,0.2770083102493075,0.0009114440920193954
2021-01-10,0.04989088862657368,0.0013903758185837632,0.18233535117788638,0.0002863483427589663,0.2770083102493075,0.0009114440920193954
2021-01-11,0.04989088862657368,0.0013903758185837632,0.18233535117788638,0.0002863483427589663,0.2770083102493075,0.0009114440920193954
2021-01-12,0.05054845068998635,0.0013797861331493618,0.18790281666322178,0.0002877904885243543,0.27782408179140966,0.000913692597262577
2021-01-13,0.050434874707162514,0.0013563919972872161,0.18876116050361477,0.00028779545801208164,0.2767783005812344,0.0009114690146108482
2021-01-14,0.050826954550537234,0.0013769742368120292,0.1925483777799172,0.0002903339130333797,0.2771234585007621,0.0009125169956290437
2021-01-15,0.05053376287031773,0.001361377714246818,0.189186121306141,0.0002890190116705877,0.27782408179140966,0.0009063964396747849
2021-01-16,0.05085176709890669,0.0013633265167007499,0.18889665464024633,0.0002876969285475908,0.27782408179140966,0.0009069389902141284
2021-01-17,0.05085176709890669,0.0013633265167007499,0.18889665464024633,0.0002876969285475908,0.27782408179140966,0.0009069389902141284
2021-01-18,0.05085176709890669,0.0013633265167007499,0.18889665464024633,0.0002876969285475908,0.27782408179140966,0.0009069389902141284
2021-01-19,0.050877121575969714,0.0013568521031207597,0.18665422305179655,0.000286571544018822,0.27782408179140966,0.0009079023823358512
2021-01-20,0.051018195639474816,0.0013852909803704267,0.1890359168241966,0.00028861028376163096,0.27782408179140966,0.000912017656661833
2021-01-21,0.05069839575066326,0.0013944084222268702,0.18697530056279565,0.00028738439962525076,0.27782408179140966,0.0009091900934647415
2021-01-22,0.05013549116487307,0.001374797217410432,0.1830295043561022,0.00028364127320894717,0.27782408179140966,0.0009046499004885109
2021-01-23,0.04975916563831057,0.001364721937905152,0.18292906011048915,0.00027887157406271266,0.27782408179140966,0.0009069718929410379
2021-01-24,0.04975916563831057,0.001364721937905152,0.18292906011048915,0.00027887157406271266,0.27782408179140966,0.0009069718929410379
2021-01-25,0.04975916563831057,0.001364721937905152,0.18292906011048915,0.00027887157406271266,0.27782408179140966,0.0009069718929410379
2021-01-26,0.050048847675331125,0.0013643495463537757,0.1868181138843222,0.00027688329092404257,0.27453671928620454,0.0009082487148280685
2021-01-27,0.049313847131019,0.0013544079205775196,0.18471655245026505,0.00027745947010790397,0.27782408179140966,0.0009022257910264624
2021-01-28,0.049440090969767383,0.0013591942696369592,0.1838471862188149,0.00028100701674520814,0.27782408179140966,0.0008988683247791031
2021-01-29,0.048668194847984896,0.0013613035843123374,0.18313676653725003,0.00028029812508584127,0.27502750275027504,0.0008947424931104827
2021-01-30,0.04907782761903827,0.0013633265167007499,0.1841552797318699,0.0002800234099570724,0.27782408179140966,0.0008956239812277214
2021-01-31,0.04907782761903827,0.0013633265167007499,0.1841552797318699,0.0002800234099570724,0.27782408179140966,0.0008956239812277214
2021-02-01,0.04907782761903827,0.0013633265167007499,0.1841552797318699,0.0002800234099570724,0.27782408179140966,0.0008956239812277214
2021-02-02,0.04969166322965996,0.0013652995467205503,0.1864002385923054,0.0002835005514085725,0.27782408179140966,0.0008968851179852373
2021-02-03,0.049533763451512634,0.0013654113984543543,0.18701376421304608,0.00028297909067499,0.27782408179140966,0.0008981094795455566
2021-02-04,0.04908939178243582,0.0013598041881968997,0.18435898381328122,0.00028118005646095534,0.27782408179140966,0.0008928491709895447
2021-02-05,0.04980575754557227,0.001353619578753587,0.18620586920899745,0.00028139289482940555,0.27782408179140966,0.0008954475446828325
2021-02-06,0.049735333423188505,0.0013601741022850923,0.1863863416088869,0.00028017090425159347,0.27782408179140966,0.0008962500896250089
2021-02-07,0.049735333423188505,0.0013601741022850923,0.1863863416088869,0.00028017090425159347,0.27782408179140966,0.0008962500896250089
2021-02-08,0.049735333423188505,0.0013601741022850923,0.1863863416088869,0.00028017090425159347,0.27782408179140966,0.0008962500896250089
2021-02-09,0.049780542478483604,0.0013616557734204794,0.18607074409690566,0.0002797554936985075,0.27490653177919505,0.0009001953423892986
2021-02-10,0.04995708686238521,0.0013795386822646506,0.18572861335017274,0.00028107652308340944,0.27498968788670425,0.0009045844339110612
2021-02-11,0.05009518084360284,0.0013778849466069584,0.1863863416088869,0.0002837281883955171,0.2747554676338059,0.0009073422131891265
2021-02-12,0.050157620321861454,0.001386001386001386,0.18629606170125565,0.00028616397195593076,0.27451411002525533,0.0009069389902141284
2021-02-13,0.050125313283208024,0.0013914011409489355,0.18656368351336727,0.00028661507595299513,0.2744689026733271,0.0009080095522604898
2021-02-14,0.050125313283208024,0.0013914011409489355,0.18656368351336727,0.00028661507595299513,0.2744689026733271,0.0009080095522604898
2021-02-15,0.050125313283208024,0.0013914011409489355,0.18656368351336727,0.00028661507595299513,0.2744689026733271,0.0009080095522604898
2021-02-16,0.049669696518154276,0.001392117828853034,0.1863238308179616,0.00028348688873139615,0.27386755764912085,0.0009036852283612573
2021-02-17,0.04949514947535141,0.0014026425786181165,0.18491466188354075,0.0002836316192529143,0.2739275735495535,0.0009044698901973554
2021-02-18,0.04926702976467603,0.0014070040662417513,0.18431141256266587,0.0002821009752230714,0.27393507738665934,0.0009033831699715434
2021-02-19,0.04895960832313341,0.0014116318464144552,0.18502414565100744,0.00028016697951979377,0.27393507738665934,0.000905559228101314
2021-02-20,0.04826115073887822,0.001415227851684121,0.18296922457642625,0.000278473962684489,0.2738600575106121,0.0008996041741633682
2021-02-21,0.04826115073887822,0.001415227851684121,0.18296922457642625,0.000278473962684489,0.2738600575106121,0.0008996041741633682
2021-02-22,0.04826115073887822,0.001415227851684121,0.18296922457642625,0.000278473962684489,0.2738600575106121,0.0008996041741633682
2021-02-23,0.04877149481705325,0.0014197890193517243,0.18382690858287837,0.00027839643652561246,0.2738600575106121,0.0009007954023402664
2021-02-24,0.049101925777529,0.0014270424545130217,0.1851371866553116,0.0002807017543859649,0.2744613695622341,0.0009031384059607134
2021-02-25,0.047993856786331356,0.001397077314258571,0.18089397803947105,0.000277165703515847,0.27416790042221856,0.0008938307799567386
2021-02-26,0.04794840751351546,0.0013821509032356154,0.17883968810358397,0.00027438606118809165,0.27416790042221856,0.0008897747090436701
2021-02-27,0.04843177899610608,0.0013839872673171408,0.17739303200170298,0.00027567955009097426,0.27359781121751026,0.0008989087248080829
2021-02-28,0.04843177899610608,0.0013839872673171408,0.17739303200170298,0.00027567955009097426,0.27359781121751026,0.0008989087248080829
2021-03-01,0.04843177899610608,0.0013839872673171408,0.17739303200170298,0.00027567955009097426,0.27359781121751026,0.0008989087248080829
2021-03-02,0.04855311711011847,0.0013721373783943248,0.17611835153222966,0.00027363524421945547,0.2728512960436562,0.0008888098835659053
2021-03-03,0.04776098872888427,0.001375137513751375,0.1781356324705631,0.0002717878749993205,0.27416790042221856,0.0008874295602786529
2021-03-04,0.047390085804489356,0.0013663068725235689,0.17659732278458656,0.00027448773726033787,0.271665308340125,0.0008841576629944652
2021-03-05,0.04693403421491094,0.0013616001524992172,0.17575310204225106,0.00027522430781086585,0.27416790042221856,0.0008865248226950354
2021-03-06,0.046545335389395946,0.0013584557075516552,0.17024464154990723,0.0002775503406930432,0.27416790042221856,0.00087655478905709
2021-03-07,0.046545335389395946,0.0013584557075516552,0.17024464154990723,0.0002775503406930432,0.27416790042221856,0.00087655478905709
2021-03-08,0.046545335389395946,0.0013584557075516552,0.17024464154990723,0.0002775503406930432,0.27416790042221856,0.00087655478905709
2021-03-09,0.04725004725004725,0.0013607849007307414,0.17245839441234803,0.00027849335097124555,0.27048958615093316,0.0008809408448222701
2021-03-10,0.04788194228310678,0.0013809675058345876,0.1763170886522322,0.000281610813855252,0.27416790042221856,0.0008797782958694408
2021-03-11,0.04856330323703554,0.0014026622529561108,0.18068479537446921,0.0002814126917123962,0.27416790042221856,0.0008846817357455656
2021-03-12,0.04842931620226988,0.0013818835072203414,0.17973973686102523,0.0002798376941374003,0.2696871628910464,0.0008802816901408451
2021-03-13,0.04828118964851294,0.0013818835072203414,0.179700977573318,0.0002798376941374003,0.27416790042221856,0.0008813135096547894
2021-03-14,0.04828118964851294,0.0013818835072203414,0.179700977573318,0.0002798376941374003,0.27416790042221856,0.0008813135096547894
2021-03-15,0.04828118964851294,0.0013818835072203414,0.179700977573318,0.0002798376941374003,0.27416790042221856,0.0008813135096547894
2021-03-16,0.04860562610122122,0.0013744193078424364,0.17785366200690073,0.00028107652308340944,0.2704164413196322,0.0008846191272347691
2021-03-17,0.04905281467503246,0.0013730039954416267,0.17905102954341987,0.00028017090425159347,0.27416790042221856,0.0008919970028900703
2021-03-18,0.04880429477794046,0.0013884453577329464,0.17988846914912754,0.00028207949000028207,0.2697599136768276,0.0008866820358219543
2021-03-19,0.04879476920074168,0.0014023671958265551,0.1822091031667942,0.0002811436925412578,0.27416790042221856,0.0008857709750566893
2021-03-20,0.048689402994885174,0.001395809779043312,0.1816695431010991,0.0002811041772080733,0.27416790042221856,0.0008881783462119193
2021-03-21,0.048689402994885174,0.001395809779043312,0.1816695431010991,0.0002811041772080733,0.27416790042221856,0.0008881783462119193
2021-03-22,0.048689402994885174,0.001395809779043312,0.1816695431010991,0.0002811041772080733,0.27416790042221856,0.0008881783462119193
2021-03-23,0.04807622966976438,0.0013837191603592134,0.18112660749864154,0.00027649132508467545,0.26888948642108096,0.0008827293993026439
2021-03-24,0.04778641384467982,0.0013749106308089973,0.17795810866122114,0.00027422428804519213,0.27416790042221856,0.000881057268722467
2021-03-25,0.048389828458058115,0.0013795006207752794,0.1771322292091046,0.0002728326853557056,0.2677376171352075,0.000880971888187048
2021-03-26,0.04857918042064713,0.0013649454704284564,0.1737619461337967,0.0002712129184137299,0.27416790042221856,0.0008860692197274452
2021-03-27,0.048523149424127256,0.0013629920401264858,0.17299242293187558,0.0002690891869201128,0.27416790042221856,0.0008836498272464587
2021-03-28,0.048523149424127256,0.0013629920401264858,0.17299242293187558,0.0002690891869201128,0.27416790042221856,0.0008836498272464587
2021-03-29,0.048523149424127256,0.0013629920401264858,0.17299242293187558,0.0002690891869201128,0.27416790042221856,0.0008836498272464587
2021-03-30,0.048607398045982596,0.0013718738424814455,0.173259178404976,0.000268294318867798,0.27416790042221856,0.0008833844223990954
2021-03-31,0.04895122010916122,0.0013885031935573452,0.17765776009096076,0.00027330245015646566,0.27416790042221856,0.0008870044971128003
2021-04-01,0.04931404168022803,0.001395420230802506,0.17520192021304554,0.0002736577089376608,0.2677376171352075,0.0008859671660568259
2021-04-02,0.049273220004927315,0.001395420230802506,0.17520192021304554,0.0002736577089376608,0.27416790042221856,0.0008860221151119932
2021-04-03,0.04924531553935932,0.001386231944328925,0.17657861279841786,0.00027227554284936354,0.27416790042221856,0.0008894897886572263
2021-04-04,0.04924531553935932,0.001386231944328925,0.17657861279841786,0.00027227554284936354,0.27416790042221856,0.0008894897886572263
2021-04-05,0.04924531553935932,0.001386231944328925,0.17657861279841786,0.00027227554284936354,0.27416790042221856,0.0008894897886572263
2021-04-06,0.049602928556902,0.0013933786645858879,0.17889727718344126,0.0002750842445498934,0.27416790042221856,0.0008935672096576745
2021-04-07,0.04951056332623847,0.0014015613393320158,0.17813245929673305,0.0002737408604770208,0.27416790042221856,0.0008936310912129255
2021-04-08,0.04982561036372696,0.0014123096912691017,0.17959447567392825,0.00027566815068021116,0.27416790042221856,0.0008954315084439192
2021-04-09,0.04963764519011218,0.001407558589626293,0.17595101523735793,0.0002733734281027884,0.27416790042221856,0.0008920765758532712
2021-04-10,0.04966540417209261,0.001402209882775254,0.1744226609921161,0.0002729630135116692,0.27416790042221856,0.0008893948557401545
2021-04-11,0.04966540417209261,0.001402209882775254,0.1744226609921161,0.0002729630135116692,0.27416790042221856,0.0008893948557401545
2021-04-12,0.04966540417209261,0.001402209882775254,0.1744226609921161,0.0002729630135116692,0.27416790042221856,0.0008893948557401545
2021-04-13,0.04984796371068242,0.0014125690393117965,0.17491079549429792,0.0002727024815925825,0.27416790042221856,0.000891583452211127
2021-04-14,0.049880287310454914,0.0014095227356017252,0.17688783542355793,0.0002735753563319016,0.27416790042221856,0.0008958325868061777
2021-04-15,0.050194503701844646,0.0014319877421849268,0.17804999643900007,0.0002769699487605595,0.2758925122772168,0.0008954315084439192
2021-04-16,0.050213406979663575,0.0014235888675350559,0.1792082579165248,0.00027763279176430087,0.2752849198920883,0.000895664090139634
2021-04-17,0.050453094010763665,0.0014280002284800366,0.1803068823136979,0.00027582402427251415,0.2723608236191306,0.0008963947005145306
2021-04-18,0.050453094010763665,0.0014280002284800366,0.1803068823136979,0.00027582402427251415,0.2723608236191306,0.0008963947005145306
2021-04-19,0.050453094010763665,0.0014280002284800366,0.1803068823136979,0.00027582402427251415,0.2723608236191306,0.0008963947005145306
2021-04-20,0.05007511266900351,0.0014353380221042054,0.17987552613591395,0.0002746121103940684,0.2710320901994796,0.0008951109042410354
2021-04-21,0.05033457391279837,0.0014329727018700293,0.1795654516071108,0.0002768166089965398,0.2696435312516853,0.0008955116953827416
2021-04-22,0.05019135453918063,0.0014153680664656845,0.18366147516896855,0.0002751902252431994,0.26633286281194235,0.0008937908350687772
2021-04-23,0.05043716412001019,0.0014023278642546627,0.18264506584354623,0.00027570995312930797,0.2646552864893476,0.0008969897025582147
2021-04-24,0.050374280907140044,0.001418942887548776,0.18397233056148354,0.00027077302992312754,0.26058631921824105,0.0009005114905266191
2021-04-25,0.050374280907140044,0.001418942887548776,0.18397233056148354,0.00027077302992312754,0.26058631921824105,0.0009005114905266191
2021-04-26,0.050374280907140044,0.001418942887548776,0.18397233056148354,0.00027077302992312754,0.26058631921824105,0.0009005114905266191
2021-04-27,0.04990518015770037,0.0014281633818908881,0.18341220057958255,0.00026910656620021526,0.2605184316790413,0.0008982869667543994
2021-04-28,0.050248806967700566,0.0014369261276277788,0.18717828731867103,0.0002706997317365658,0.2653505280475508,0.0009009901882168503
2021-04-29,0.04989883012192779,0.0014104372355430183,0.18725890416089283,0.00026930731465597336,0.2642287163768958,0.0009027470593014543
2021-04-30,0.04944131316127757,0.0014078558355624384,0.18395879323031641,0.00026656501654035927,0.2642147537518495,0.000895134941592445
2021-05-01,0.049627865450916304,0.0014206563432305726,0.18395879323031641,0.00026307481847837527,0.2647603918453799,0.0008932160242954758
2021-05-02,0.049627865450916304,0.0014206563432305726,0.18395879323031641,0.00026307481847837527,0.2647603918453799,0.0008932160242954758
2021-05-03,0.049627865450916304,0.0014206563432305726,0.18395879323031641,0.00026307481847837527,0.2647603918453799,0.0008932160242954758
2021-05-04,0.04947989211404324,0.0014218683349921798,0.18368846436443792,0.0002613866562112004,0.2647603918453799,0.0008883282550568085
2021-05-05,0.049422693517027605,0.001419144256013624,0.1868041545243966,0.0002598495990520687,0.2647603918453799,0.0008890074232119839
2021-05-06,0.049766099333134264,0.0014291839359725595,0.18947647649544308,0.00026306236156343224,0.2647603918453799,0.0008924746537198343
2021-05-07,0.05025340278353598,0.0014390973981119042,0.19109862600087907,0.00026685310803814934,0.2647603918453799,0.0008999037103029976
2021-05-08,0.050204583678489845,0.0014357914082242132,0.191343614863572,0.00026996528246467507,0.2647603918453799,0.000895351335864193
2021-05-09,0.050204583678489845,0.0014357914082242132,0.191343614863572,0.00026996528246467507,0.2647603918453799,0.000895351335864193
2021-05-10,0.050204583678489845,0.0014357914082242132,0.191343614863572,0.00026996528246467507,0.2647603918453799,0.000895351335864193
2021-05-11,0.05014617610334124,0.0014243391066545122,0.19148650977538634,0.00026958683122246845,0.27027027027027023,0.0008933117747425028
2021-05-12,0.049580228991245624,0.0014146272457207527,0.18846943968035582,0.00026681750749757194,0.2647603918453799,0.0008828229145515701
2021-05-13,0.050163029847002764,0.0014138272303124558,0.1883984249891671,0.0002689270884877692,0.2647603918453799,0.0008876028509803573
2021-05-14,0.050354368870929166,0.001429940085510417,0.1896633475580844,0.000271526631332001,0.2647603918453799,0.0008880679194344784
2021-05-16,0.05056373508243406,0.001398992725237829,0.18959861972204842,0.000271526631332001,0.2647603918453799,0.0008791749821967066
2021-05-17,0.05056373508243406,0.001398992725237829,0.18959861972204842,0.000271526631332001,0.2647603918453799,0.0008791749821967066
2021-05-18,0.05040500420881785,0.0014045535626501116,0.19008877145627007,0.000273307678852545,0.2647603918453799,0.0008872484650601555
2021-05-19,0.0501869463752478,0.0013992276263502547,0.18834519908087544,0.0002714846136095237,0.2671653753673524,0.0008839544586662896
2021-05-20,0.050331179158865334,0.0013875013875013875,0.1893186422066981,0.00026917538121963363,0.2647603918453799,0.0008867999822640002
2021-05-21,0.05017057997190448,0.0013877324451845683,0.1867762420620097,0.00026704052339942587,0.2647603918453799,0.0008868157108271329
2021-05-22,0.05034511576859371,0.0013710838417769246,0.18798759281887398,0.00026793489182128745,0.2647603918453799,0.0008901707347469244
2021-05-23,0.05034511576859371,0.0013710838417769246,0.18798759281887398,0.00026793489182128745,0.2647603918453799,0.0008901707347469244
2021-05-24,0.05034511576859371,0.0013710838417769246,0.18798759281887398,0.00026793489182128745,0.2647603918453799,0.0008901707347469244
2021-05-25,0.050276015324129474,0.0013633079303622308,0.18771587325424235,0.00026757642651682387,0.2647603918453799,0.0008909638446871825
2021-05-26,0.050290680131158096,0.0013706140350877192,0.18829200323862244,0.00026732607097507187,0.25960539979231567,0.0008954716001182022
2021-05-27,0.05015045135406218,0.001380795890751429,0.19063959584405682,0.00026885623181859735,0.2647603918453799,0.0008945103897381768
2021-05-28,0.05019702331651733,0.0013811200883916857,0.1918023668412068,0.00026985090737367606,0.2625360987135731,0.0008984160924290477
2021-05-30,0.050188205771643665,0.0013842171559874314,0.19165532705981564,0.00026985090737367606,0.2647603918453799,0.0009033260465032249
2021-05-31,0.050188205771643665,0.0013842171559874314,0.19165532705981564,0.00026985090737367606,0.2647603918453799,0.0009033260465032249
2021-06-01,0.05014366159045666,0.0013736075053914095,0.19391118867558657,0.0002729220398193256,0.25900025900025897,0.0009024211960690532
2021-06-02,0.05028663381273258,0.0013926606782257503,0.1969395592492664,0.0002738788086271825,0.2647603918453799,0.0009001953423892986
2021-06-03,0.049626831043964904,0.0013917884481558804,0.19694731659281142,0.0002733173898189272,0.2647603918453799,0.0008956881572111853
2021-06-04,0.050110242533573865,0.0013931457230426303,0.1981924845409862,0.0002773732750849456,0.2612330198537095,0.0009004871635554836
2021-06-05,0.050528477344546616,0.001396882159021065,0.19818462880019028,0.0002773732750849456,0.2647603918453799,0.0009012825250331221
2021-06-06,0.050528477344546616,0.001396882159021065,0.19818462880019028,0.0002773732750849456,0.2647603918453799,0.0009012825250331221
2021-06-07,0.050528477344546616,0.001396882159021065,0.19818462880019028,0.0002773732750849456,0.2647603918453799,0.0009012825250331221
2021-06-08,0.05078720162519045,0.001394447310808361,0.19851510699964267,0.00027836931256698265,0.2647603918453799,0.0008946784525641485
2021-06-09,0.050665234529370634,0.0013900859073090717,0.19749965437560485,0.00027802877597831377,0.25994281258123214,0.0008966760219864961
2021-06-10,0.05081923142010785,0.0013902791680569459,0.19780828421094276,0.00027748872702046477,0.2569043031470777,0.0008988521657842935
2021-06-11,0.050306871918704095,0.001386001386001386,0.19553400336318486,0.0002738038195632829,0.2647603918453799,0.0008957443187416583
2021-06-13,0.05018316856526321,0.0013911108019753773,0.1972347685449991,0.0002738038195632829,0.2647603918453799,0.0008956320027227213
2021-06-14,0.05018316856526321,0.0013911108019753773,0.1972347685449991,0.0002738038195632829,0.2647603918453799,0.0008956320027227213
2021-06-15,0.04994852804185287,0.001376386709609932,0.19826714515137694,0.00027058107285395387,0.2647603918453799,0.0008953914203594102
2021-06-16,0.04899679071020848,0.0013703886422189331,0.19751135690302193,0.0002723496970109621,0.2563708147464493,0.0008827449838016297
2021-06-17,0.04896919837422262,0.0013552339133734482,0.19972039145196727,0.00026838432635534085,0.25540174694794915,0.0008816009873931059
2021-06-18,0.04840739665020815,0.001336809036829089,0.19756598703967124,0.0002655337227827934,0.253196607165464,0.0008816398501212255
2021-06-20,0.0488615264340858,0.0013386880856760374,0.19927066935017834,0.0002661662740714124,0.25307485954345293,0.0008833298000141334
2021-06-21,0.0488615264340858,0.0013386880856760374,0.19927066935017834,0.0002661662740714124,0.25307485954345293,0.0008833298000141334
2021-06-22,0.049217442661679295,0.0013498373445999757,0.20169829968333366,0.0002646132677092429,0.25134469411350724,0.0008836029795092469
2021-06-23,0.04952135137825349,0.0013595638519163053,0.20119914691561708,0.00026447679877282765,0.25135101168782203,0.000880971888187048
2021-06-24,0.05040571560490387,0.001363493816555542,0.20353333876088905,0.0002657277619079253,0.251035521526296,0.0008842045695692156
2021-06-25,0.05043525626153706,0.0013650013650013649,0.20270818130219734,0.00026722605988536004,0.25179403248143023,0.0008874138099337103
2021-06-26,0.05050249987374376,0.0013615630744094219,0.20277805941397142,0.0002702702702702703,0.25750630890456816,0.0008849479208148601
2021-06-27,0.05050249987374376,0.0013615630744094219,0.20277805941397142,0.0002702702702702703,0.25750630890456816,0.0008849479208148601
2021-06-28,0.05050249987374376,0.0013615630744094219,0.20277805941397142,0.0002702702702702703,0.25750630890456816,0.0008849479208148601
2021-06-29,0.050440700399389464,0.0013753266400770181,0.2018122742225182,0.0002661719417509323,0.2574930476877124,0.0008836888708223609
2021-06-30,0.050188205771643665,0.0013666803334700013,0.20070648683365447,0.0002668801708033093,0.26045057950253936,0.0008846034764916626
2021-07-01,0.050027515133323326,0.001351497459184777,0.19811395514700056,0.00026409613099168095,0.2592486972752962,0.0008826670668090703
2021-07-02,0.05064719518365433,0.0013626762962458269,0.1984284467021192,0.0002674511901577962,0.25708262635611084,0.0008846034764916626
2021-07-04,0.05037859514249586,0.0013591019054608716,0.1964057743297653,0.0002674511901577962,0.25516062361256414,0.0008836810618311638
2021-07-05,0.05037859514249586,0.0013591019054608716,0.1964057743297653,0.0002674511901577962,0.25516062361256414,0.0008836810618311638
2021-07-06,0.049997500124993745,0.0013378105392714283,0.1924298112263552,0.00026486558071778574,0.2538586515028432,0.000879693163024737
2021-07-07,0.05014685506505802,0.0013355949407663644,0.19121190102872002,0.00026123301985370953,0.2538586515028432,0.0008759712331047049
2021-07-08,0.050072605277652595,0.0013282329189246626,0.19037465732561681,0.00026062027625749283,0.2538586515028432,0.0008734921342033315
2021-07-09,0.050382910116888356,0.0013383118534280858,0.19017191541153203,0.0002613012803762738,0.2538586515028432,0.0008742787200559539
2021-07-11,0.050382910116888356,0.0013455871469515723,0.19330021456323815,0.00026191037426992486,0.2538586515028432,0.0008732861758798359
2021-07-12,0.050382910116888356,0.0013455871469515723,0.19330021456323815,0.00026191037426992486,0.2538586515028432,0.0008732861758798359
2021-07-13,0.04986536351850005,0.0013346323755121653,0.1936708370453577,0.0002618349392542941,0.2538586515028432,0.0008696862172128297
2021-07-14,0.050352467270896276,0.0013428586775527745,0.19719976336028397,0.0002638508503912908,0.2538586515028432,0.0008741946481803638
2021-07-15,0.05017561465127948,0.0013240648791790798,0.19560667409972027,0.000262328109506246,0.2538586515028432,0.0008762091686527408
2021-07-16,0.05031952900920847,0.0013235041094802598,0.19550342130987292,0.00026221942521501994,0.2538586515028432,0.000876024949190553
2021-07-17,0.049927604972789454,0.0013161358252171626,0.19040728117443212,0.00026099438862064463,0.2538586515028432,0.0008682213617183837
2021-07-18,0.049927604972789454,0.0013161358252171626,0.19040728117443212,0.00026099438862064463,0.2538586515028432,0.0008682213617183837
2021-07-19,0.049927604972789454,0.0013161358252171626,0.19040728117443212,0.00026099438862064463,0.2538586515028432,0.0008682213617183837
2021-07-20,0.049662296384584824,0.0013196093956188968,0.1918244422704341,0.00026099438862064463,0.2538586515028432,0.0008708980700898767
2021-07-21,0.049669696518154276,0.0013294690100773751,0.19274879050133958,0.00025967281225655674,0.2535689834419454,0.0008700948403375968
2021-07-22,0.04973887092762994,0.0013274042609676777,0.19202703740686689,0.0002586519062645492,0.25456952293671403,0.0008691419830343485
2021-07-23,0.049895220037920365,0.001312749422390254,0.19228550551859402,0.0002574002574002574,0.25546699366441855,0.0008684928175643987
2021-07-25,0.049952545082171944,0.0013162744168904333,0.19319938176197834,0.0002557871850620284,0.25602949459777763,0.0008676337891302839
2021-07-26,0.049952545082171944,0.0013162744168904333,0.19319938176197834,0.0002557871850620284,0.25602949459777763,0.0008676337891302839
2021-07-27,0.05009543179757438,0.001302914620004951,0.1930390131845646,0.0002545824847250509,0.254841997961264,0.0008663409224798143
2021-07-28,0.050238633509168545,0.0013132838663077024,0.19547666985945225,0.0002585649644473174,0.25479654495885035,0.0008694291328313828
2021-07-29,0.050372758412250654,0.0013160838608636141,0.19680390458946706,0.0002601727547091269,0.25479654495885035,0.0008747528823107472
2021-07-30,0.05036514731805591,0.0013266118333775537,0.19183548189073052,0.0002581311306143521,0.25479654495885035,0.0008683796903358025
2021-07-31,0.05026388539834129,0.0013020833333333333,0.19401276604000542,0.0002572347266881029,0.24670038238559272,0.0008690135826822973
2021-08-01,0.05026388539834129,0.0013020833333333333,0.19401276604000542,0.0002572347266881029,0.24670038238559272,0.0008690135826822973
2021-08-02,0.05026388539834129,0.0013020833333333333,0.19401276604000542,0.0002572347266881029,0.24670038238559272,0.0008690135826822973
2021-08-03,0.05029801574327893,0.0012897401173663507,0.19217834150091284,0.00025603277219484095,0.24670038238559272,0.0008707084955027906
2021-08-04,0.050127825956188275,0.0012921733062838388,0.19347973299796847,0.00025647601949217746,0.24670038238559272,0.000874561625984975
2021-08-05,0.050248731219536706,0.0012861074671399542,0.19051973784484072,0.0002554931016862545,0.24600246002460022,0.0008744851468697805
2021-08-06,0.04993009786299182,0.0012695994413762458,0.19082512785283565,0.00025232772324695316,0.24420024420024422,0.0008734158420165424
2021-08-08,0.04985790497083313,0.0012739178068231038,0.19107306634056864,0.000250416317127224,0.24342745861733206,0.0008719232010044554
2021-08-09,0.04985790497083313,0.0012739178068231038,0.19107306634056864,0.000250416317127224,0.24342745861733206,0.0008719232010044554
2021-08-10,0.04980327705563026,0.001284802076240155,0.1926967915984199,0.0002522704339051463,0.24521824423737124,0.0008677391923083597
2021-08-11,0.050213406979663575,0.0012972187629721875,0.1916332905352318,0.0002539231120816617,0.24449877750611249,0.0008674456328449614
2021-08-12,0.05018568704205561,0.001291522446660123,0.19034566773260242,0.00025940337224383917,0.24521824423737124,0.000861304186799652
2021-08-13,0.05035500276952515,0.0012895405367067713,0.19059962642473222,0.0002605387942264603,0.24521824423737124,0.0008610594475442586
2021-08-15,0.05028744302432705,0.0012718600953895071,0.18977132555270898,0.0002605387942264603,0.24509803921568626,0.000857978773605141
2021-08-16,0.05028744302432705,0.0012718600953895071,0.18977132555270898,0.0002605387942264603,0.24509803921568626,0.000857978773605141
2021-08-17,0.0500225101295583,0.0012672665061462425,0.188821752265861,0.00025799793601651185,0.24458847988259755,0.0008490117503226246
2021-08-18,0.0499001996007984,0.0012709225626882554,0.1858943376584749,0.0002599090318388564,0.24425989252564728,0.0008538542983025376
2021-08-19,0.04963764519011218,0.001272863816300294,0.18467220683287164,0.00025863852679495136,0.2442718256876252,0.0008503184442573745
2021-08-20,0.04914246400314512,0.0012723779471454201,0.18596693507894296,0.00025839793281653745,0.24345709068776628,0.0008509914049868097
2021-08-21,0.049236829148202856,0.0012760310330747246,0.18593581495667696,0.00025773528009381564,0.24448682216028556,0.0008551686392556613
2021-08-22,0.049236829148202856,0.0012760310330747246,0.18593581495667696,0.00025773528009381564,0.24448682216028556,0.0008551686392556613
2021-08-23,0.049236829148202856,0.0012760310330747246,0.18593581495667696,0.00025773528009381564,0.24448682216028556,0.0008551686392556613
2021-08-24,0.04950495049504951,0.0012789849975059792,0.19047619047619047,0.000258732212160414,0.2449599490483306,0.0008593501594094545
2021-08-25,0.04947066389630949,0.0012766989671505356,0.19199017010329072,0.0002588326646822829,0.2456579949394453,0.0008592320184219346
2021-08-26,0.049176297024834024,0.001271924803805599,0.19039640531586763,0.0002586820151328979,0.24637823987385435,0.0008544598532037972
2021-08-27,0.04952456418383518,0.001278151281985736,0.19229290054611184,0.0002614440601216761,0.2459419576979833,0.0008611558433729752
2021-08-29,0.04971958156000159,0.0012787723785166241,0.19285659183830903,0.0002622847625667187,0.245736472207205,0.0008579861349440593
2021-08-30,0.04971958156000159,0.0012787723785166241,0.19285659183830903,0.0002622847625667187,0.245736472207205,0.0008579861349440593
2021-08-31,0.049850697161999816,0.0012942805741428627,0.19420492503689893,0.0002654857858910234,0.2453144931802571,0.0008625671724185522
2021-09-01,0.050045040536482836,0.00129750489808099,0.1928342782212966,0.0002661322730623574,0.24547708471414195,0.0008650294542529173
2021-09-02,0.050107480545770675,0.0013026770012375432,0.19284171551990126,0.00026367622668772557,0.24450475561749677,0.0008628276588034306
2021-09-03,0.050215928492517825,0.0013053978199856406,0.19287519046425058,0.0002633290586249483,0.24499595756670017,0.0008665361085596437
2021-09-04,0.05026388539834129,0.0012949509861051758,0.19344979010697774,0.0002633290586249483,0.24442706296441144,0.0008648050297060528
2021-09-05,0.05026388539834129,0.0012949509861051758,0.19344979010697774,0.0002633290586249483,0.24442706296441144,0.0008648050297060528
2021-09-06,0.05026388539834129,0.0012949509861051758,0.19344979010697774,0.0002633290586249483,0.24442706296441144,0.0008648050297060528
2021-09-07,0.050195763477562494,0.0012815912236633004,0.19345353246150274,0.0002633290586249483,0.24506200068617362,0.0008606666724044444
2021-09-08,0.05019828321871392,0.0012707610587981142,0.18847654409408748,0.0002621177013326064,0.24491195415248218,0.0008572432770695996
2021-09-09,0.050206096024179254,0.0012611930886618741,0.19239649068800985,0.0002603332786633448,0.2445824976764663,0.0008547739123001965
2021-09-10,0.05043042366598922,0.0012689067099786824,0.19063959584405682,0.0002609242458636984,0.24448084492580005,0.0008545401719334825
2021-09-12,0.05033472592741732,0.00127440485293368,0.191131498470948,0.00026122414860519364,0.24415254651106014,0.0008517307168165714
2021-09-13,0.05033472592741732,0.00127440485293368,0.191131498470948,0.00026122414860519364,0.24415254651106014,0.0008517307168165714
2021-09-14,0.05024620641141594,0.0012765196966989202,0.19089069598747757,0.00026123165500702714,0.24423006472096714,0.0008536210605388056
2021-09-15,0.05040551234683025,0.0012858924736713518,0.19069049026525045,0.00026229301802215325,0.24392028685025732,0.0008574637935913156
2021-09-16,0.05017561465127948,0.0012767315671879987,0.1897065240073606,0.00026214381209531553,0.2443673329749279,0.0008509189925119128
2021-09-17,0.049936081815276444,0.0012752987387295474,0.18911814210337197,0.0002614358580194142,0.24389649032950414,0.0008464461956475736
2021-09-18,0.049701789264413515,0.001268150402637753,0.18780400773752512,0.0002603129482263577,0.24290711232024875,0.0008426019548365353
2021-09-19,0.049701789264413515,0.001268150402637753,0.18780400773752512,0.0002603129482263577,0.24290711232024875,0.0008426019548365353
2021-09-20,0.049701789264413515,0.001268150402637753,0.18780400773752512,0.0002603129482263577,0.24290711232024875,0.0008426019548365353
2021-09-21,0.04967463116586359,0.0012729124236252546,0.18981455118349372,0.0002607711524520311,0.24390243902439027,0.0008443449993667413
2021-09-22,0.04978663935703543,0.0012704058946833513,0.1883310105842028,0.0002610604798813741,0.24393813728838365,0.0008461883446017415
2021-09-23,0.04987839646940758,0.0012739827247942516,0.18858317460916138,0.0002609923450945184,0.24415254651106014,0.0008512376996152405
2021-09-24,0.0499001996007984,0.0012620207476210909,0.18746250749850032,0.000260953524177344,0.2440333837668993,0.000847687508476875
2021-09-26,0.04976483626622396,0.0012607160867372667,0.1858045336306206,0.00026036378027379854,0.2431551816369207,0.0008496248906107953
2021-09-27,0.04976483626622396,0.0012607160867372667,0.1858045336306206,0.00026036378027379854,0.2431551816369207,0.0008496248906107953
2021-09-28,0.04922408081412692,0.0012463078131036804,0.18423331306766888,0.0002609923450945184,0.24294251979981535,0.0008419351036422113
2021-09-29,0.048773350241428086,0.0012350253180190194,0.1843080155555965,0.0002608561821610891,0.24294251979981535,0.0008419209267865563
2021-09-30,0.04848788118141693,0.0012337606257633894,0.18374246655887108,0.0002627892981686214,0.24294251979981535,0.0008442808415791428
2021-10-01,0.048950022027509914,0.0012452834887862222,0.18666816001194678,0.00026402431135858986,0.24294251979981535,0.0008478384359076535
2021-10-03,0.04883058083487597,0.001241264600374862,0.18373909049150208,0.00026402431135858986,0.24213075060532688,0.0008442950980226608
2021-10-04,0.04883058083487597,0.001241264600374862,0.18373909049150208,0.00026402431135858986,0.24213075060532688,0.0008442950980226608
2021-10-05,0.04865706500583885,0.0012331976815883586,0.18294244630639203,0.0002644781977397693,0.24273022962279725,0.0008431063410027907
2021-10-06,0.04866653688923497,0.0012301182143604002,0.1824451296272646,0.0002641638026907725,0.24273022962279725,0.000839820950173423
2021-10-07,0.04846705960527457,0.0012317091195743213,0.18168604651162792,0.0002651092382616257,0.24449877750611249,0.0008394825429605191
2021-10-08,0.048334863937358016,0.0012135922330097086,0.18161675232923485,0.0002656127154119122,0.24273022962279725,0.0008355684790146977
2021-10-09,0.04798683241318582,0.0012135922330097086,0.18096272167933405,0.00026662898310372135,0.24273022962279725,0.0008363371776965601
2021-10-10,0.04798683241318582,0.0012135922330097086,0.18096272167933405,0.00026662898310372135,0.24273022962279725,0.0008363371776965601
2021-10-11,0.04798683241318582,0.0012135922330097086,0.18096272167933405,0.00026662898310372135,0.24273022962279725,0.0008363371776965601
2021-10-12,0.04810467577448528,0.0012153917207515983,0.1811889619684369,0.00026888731739190057,0.24273022962279725,0.0008348151301894196
2021-10-13,0.048652330446628395,0.001227249855798142,0.18155410312273057,0.00026755638081834795,0.24273022962279725,0.0008426658577074432
2021-10-14,0.04868312156175454,0.0012112109687265327,0.18110364561638626,0.0002654611192371709,0.2552974214960429,0.0008459163388740853
2021-10-15,0.049231981094919254,0.0012144028174145363,0.18328445747800584,0.0002658725938530256,0.2544529262086514,0.0008459592755204765
2021-10-17,0.04902785125146042,0.001224364860728497,0.18166294257634386,0.0002654963587174402,0.25335697998479856,0.000843355204344966
2021-10-18,0.04902785125146042,0.001224364860728497,0.18166294257634386,0.0002654963587174402,0.25335697998479856,0.000843355204344966
2021-10-19,0.049452560159039434,0.001234034676374406,0.178746983644651,0.0002656515236443139,0.253613999492772,0.0008506584096090375
2021-10-20,0.04950421528393143,0.0012291052114060963,0.1786448005430802,0.0002655605185865807,0.25400695979069826,0.0008500293260117474
2021-10-21,0.04933180075872309,0.0012230470995438034,0.17665659724062394,0.00026465318523341086,0.2537105163009007,0.0008484066922319883
2021-10-22,0.04961794184777216,0.0012263919548687761,0.17704442044508967,0.00026556686575329367,0.25283171521035597,0.0008492713252029758
2021-10-23,0.04961794184777216,0.0012385894942839094,0.18040446681459832,0.00026563741024776,0.25217500945656285,0.0008558786021790668
2021-10-24,0.04961794184777216,0.0012385894942839094,0.18040446681459832,0.00026563741024776,0.25217500945656285,0.0008558786021790668
2021-10-25,0.04961794184777216,0.0012385894942839094,0.18040446681459832,0.00026563741024776,0.25217500945656285,0.0008558786021790668
2021-10-26,0.04950249987624375,0.0012442763288871193,0.1796428699744907,0.00026532025481357274,0.2515786560668193,0.0008565383857677581
2021-10-27,0.049260258695174565,0.0012420817289777667,0.18059995304401222,0.0002661322730623574,0.252187728545129,0.0008523768528541838
2021-10-28,0.04916179145568064,0.0012411875682653162,0.17711967976761897,0.00026475828892013036,0.25164829634103375,0.0008551247627028783
2021-10-29,0.04871039236221048,0.0012297097884899162,0.17739303200170298,0.0002661322730623574,0.2508591927351178,0.0008514551368288405
2021-10-30,0.048009986077104036,0.001232741617357002,0.1760284461969054,0.0002661322730623574,0.25080256821829855,0.0008494661105495196
2021-10-31,0.048009986077104036,0.001232741617357002,0.1760284461969054,0.0002661322730623574,0.25080256821829855,0.0008494661105495196
2021-11-01,0.048009986077104036,0.001232741617357002,0.1760284461969054,0.0002661322730623574,0.25080256821829855,0.0008494661105495196
2021-11-02,0.048149958229911236,0.0012310571087392746,0.1756944322434422,0.00026339841908268866,0.2499375156210947,0.0008485146750613052
2021-11-03,0.04868380888489249,0.0012307237886601111,0.18009905447996397,0.00026112183161297565,0.249744012387303,0.0008482987368831808
2021-11-04,0.048684543631088,0.0012287578486907585,0.1785076758300607,0.0002584293182893013,0.24980015987210233,0.000843198758811427
2021-11-05,0.04921986513756952,0.0012329696072991801,0.18041423107454718,0.0002583959297473146,0.24985633260874998,0.0008467042038863723
2021-11-06,0.049212598425196846,0.001246369947527825,0.18013149599207423,0.0002580958206543761,0.24981264051961027,0.0008468547813420955
2021-11-07,0.049212598425196846,0.001246369947527825,0.18013149599207423,0.0002580958206543761,0.24981264051961027,0.0008468547813420955
2021-11-08,0.049212598425196846,0.001246369947527825,0.18013149599207423,0.0002580958206543761,0.24981264051961027,0.0008468547813420955
2021-11-09,0.049258657209004485,0.0012635675566394157,0.18263172313030773,0.0002587643484831234,0.24942631946522997,0.0008486082824168363
2021-11-10,0.048494253430968436,0.0012595251590150512,0.18202005861045886,0.0002580625182256653,0.24908461404339052,0.0008438533720380747
2021-11-11,0.04846957322540775,0.0012607478756398295,0.18505496132351307,0.000257962662484232,0.2496380248639473,0.0008457446358646469
2021-11-12,0.04875670404680643,0.0012500781298831177,0.18327773908581063,0.0002577100401254533,0.24935790339874822,0.000848039756103766
2021-11-13,0.04853897679836909,0.001256092046425162,0.18349297221916402,0.000257577279623319,0.2511426992817319,0.0008450085345861993
2021-11-14,0.04853897679836909,0.001256092046425162,0.18349297221916402,0.000257577279623319,0.2511426992817319,0.0008450085345861993
2021-11-15,0.04853897679836909,0.001256092046425162,0.18349297221916402,0.000257577279623319,0.2511426992817319,0.0008450085345861993
2021-11-16,0.048223215620464006,0.0012319519045976444,0.18193064803696832,0.0002569023231677084,0.25091584282631607,0.0008447016091565655
2021-11-17,0.04843881693033529,0.0012067093037287317,0.1808776182035235,0.00025532805825564974,0.24976272541085967,0.0008471345673260198
2021-11-18,0.04815795810257645,0.0012023855328972682,0.17950743160766855,0.0002546635258165149,0.2493081698287253,0.0008457517887650332
2021-11-19,0.04803996925441968,0.0012097018085042038,0.17834213154515624,0.00025587030446007526,0.2502502502502503,0.0008425664574293298
2021-11-20,0.047650814828933574,0.0012324681406985628,0.1784057660743595,0.00025510334236399166,0.2502001601281025,0.0008405409721696884
2021-11-21,0.047650814828933574,0.0012324681406985628,0.1784057660743595,0.00025510334236399166,0.2502001601281025,0.0008405409721696884
2021-11-22,0.047650814828933574,0.0012324681406985628,0.1784057660743595,0.00025510334236399166,0.2502001601281025,0.0008405409721696884
2021-11-23,0.04721056383576389,0.0012322099685786458,0.17949454336588166,0.00025385671819111856,0.2501438327038047,0.0008409792362226577
2021-11-24,0.0467093278527722,0.0012293318581351035,0.17893889236825625,0.0002519697737059462,0.24913425845187975,0.0008412056158886916
2021-11-25,0.04640371229698376,0.001218962175603691,0.17936576266322285,0.00025155777150001385,0.2486263394744039,0.0008402090440101497
2021-11-26,0.04569966182250251,0.001202833876613301,0.17908309455587393,0.0002499231486317957,0.2493143854400399,0.0008372194268395803
2021-11-27,0.0461510060919328,0.0011822706690469715,0.17838030681412773,0.0002481863780424548,0.2467247292196097,0.0008398914860200061
2021-11-28,0.0461510060919328,0.0011822706690469715,0.17838030681412773,0.0002481863780424548,0.2467247292196097,0.0008398914860200061
2021-11-29,0.0461510060919328,0.0011822706690469715,0.17838030681412773,0.0002481863780424548,0.2467247292196097,0.0008398914860200061
2021-11-30,0.04666137837711726,0.00120962864400629,0.17797711214337839,0.0002504884524823406,0.24669429642786656,0.000845508658008658
2021-12-01,0.04649648951504161,0.0011925631760342505,0.17557721007813185,0.0002522857085191838,0.2460266692909511,0.0008496682045661169
2021-12-02,0.04706325301204819,0.0011961293255026734,0.17697235691784943,0.0002541812820903869,0.2461477871313937,0.0008498126163181018
2021-12-03,0.0470566091007482,0.0011899378852423903,0.1769160002830656,0.00025230862390876517,0.24577874996927768,0.0008467543904215144
2021-12-04,0.047152018106374954,0.001182802058075581,0.17564814164266143,0.0002545112112188542,0.24524831391784183,0.0008470628097073398
2021-12-06,0.047152018106374954,0.001182802058075581,0.17564814164266143,0.0002545112112188542,0.24524831391784183,0.0008470628097073398
2021-12-07,0.04756921320521359,0.0011914690813773384,0.17773354187402246,0.0002559508574353724,0.24529644074864476,0.0008498126163181018
2021-12-08,0.04779886238707519,0.0011926627388307133,0.1805575617506861,0.00025699013157894735,0.24563989191844757,0.0008509262332048435
2021-12-09,0.04776101154001561,0.0011791340439581172,0.1789645113374018,0.00025643655759565083,0.24517615907029197,0.0008487811502682148
2021-12-10,0.04792485382919582,0.0011841326228537595,0.17805316667556934,0.0002566339886054509,0.24656048128605948,0.0008468332669980609
2021-12-11,0.047596382674916705,0.00118901822764943,0.17658173085412582,0.0002572446525267856,0.2473961554637441,0.000843974444453822
2021-12-12,0.047596382674916705,0.00118901822764943,0.17658173085412582,0.0002572446525267856,0.2473961554637441,0.000843974444453822
2021-12-13,0.047596382674916705,0.00118901822764943,0.17658173085412582,0.0002572446525267856,0.2473961554637441,0.000843974444453822
2021-12-14,0.047125353440150806,0.0011868027533823878,0.17560187542802957,0.00024983760555638833,0.2468221646303838,0.0008438106488903891
2021-12-15,0.04760295328722194,0.0011755992617236636,0.17606563726957408,0.00025019390027271137,0.24744512904263483,0.0008442309478180852
2021-12-16,0.04808617041738796,0.0011822706690469715,0.17579635749947262,0.0002490411914130597,0.2482005460412013,0.0008429641993104553
2021-12-17,0.048026772043808105,0.0011874651182121525,0.17602534765006161,0.00025183080998861723,0.24799742082682338,0.0008419634587858887
2021-12-18,0.048130838872390704,0.0011486199331503198,0.17445917655268667,0.000249806400039969,0.24704777904046646,0.0008403008276963153
2021-12-19,0.048130838872390704,0.0011486199331503198,0.17445917655268667,0.000249806400039969,0.24704777904046646,0.0008403008276963153
2021-12-20,0.048130838872390704,0.0011486199331503198,0.17445917655268667,0.000249806400039969,0.24704777904046646,0.0008403008276963153
2021-12-21,0.048120879649679996,0.0011480397221743874,0.17417658021702404,0.00025009378516943853,0.247255464345762,0.000839672863452399
2021-12-22,0.048292381393911295,0.0011625879207115039,0.17694104324439097,0.0002502133068440846,0.2481882259505609,0.0008401666890711117
2021-12-23,0.048494253430968436,0.0011651888188480943,0.17665035595046724,0.0002502126807786619,0.25045081146062914,0.0008434903631226013
2021-12-24,0.04854368932038835,0.0011572065035005497,0.17684716867682948,0.0002507774099709098,0.2499375156210947,0.000843668269636379
2021-12-25,0.04836525440123816,0.001168156065650371,0.1774276538741328,0.0002502126807786619,0.25079627818323175,0.0008434121080242227
2021-12-26,0.04836525440123816,0.001168156065650371,0.1774276538741328,0.0002502126807786619,0.25079627818323175,0.0008434121080242227
2021-12-27,0.04836525440123816,0.001168156065650371,0.1774276538741328,0.0002502126807786619,0.25079627818323175,0.0008434121080242227
2021-12-28,0.04842896439502537,0.0011711384637005634,0.17745284190726315,0.00024965048931495907,0.2518891687657431,0.000841687077578298
2021-12-29,0.04864049807870032,0.0011788977306218685,0.17573148229505314,0.0002478646460740719,0.25220044891679905,0.000844095551616443
2021-12-30,0.048879199945255296,0.0011749500646222534,0.17930144158359032,0.0002460024600246002,0.2512689079853259,0.0008407883231317684
2021-12-31,0.04878048780487805,0.0011749500646222534,0.17924359204158452,0.0002459776504706782,0.25094102885821834,0.000841779184484326
2022-01-01,0.04875266311422261,0.0011748810432943664,0.17665659724062394,0.0002459056705847637,0.2516546291869039,0.0008379701012267883
2022-01-02,0.04875266311422261,0.0011748810432943664,0.17665659724062394,0.0002459056705847637,0.2516546291869039,0.0008379701012267883
2022-01-03,0.04875266311422261,0.0011748810432943664,0.17665659724062394,0.0002459056705847637,0.2516546291869039,0.0008379701012267883
2022-01-04,0.04877810838495683,0.0011810837624604339,0.17580872011251758,0.0002452904238618524,0.2534597252496578,0.0008350800424220662
2022-01-05,0.048660379745603534,0.0011894849530153444,0.17517122987720496,0.00024862633947440394,0.25299162597718017,0.0008349824236199827
2022-01-06,0.04881382407497803,0.00119495728027723,0.17586128062184547,0.0002481075595892331,0.25283171521035597,0.0008299099547699074
2022-01-07,0.048987189849854264,0.0012087075290391984,0.17751584328901354,0.00024709295142646764,0.25516713447307987,0.0008350242574546791
2022-01-08,0.04911350130150778,0.0011976047904191617,0.17610904672173008,0.00024709295142646764,0.2550760126517702,0.0008347036384731601
2022-01-09,0.04911350130150778,0.0011976047904191617,0.17610904672173008,0.00024709295142646764,0.2550760126517702,0.0008347036384731601
2022-01-10,0.04911350130150778,0.0011976047904191617,0.17610904672173008,0.00024709295142646764,0.2550760126517702,0.0008347036384731601
2022-01-11,0.04907252919815487,0.0012082401981513926,0.17896130856508824,0.00025075791580050704,0.2567130461570057,0.0008387080541134437
2022-01-12,0.0491497100167109,0.0012151111219120987,0.18069459000397528,0.00025185681436389783,0.25745327223109005,0.0008432556413802408
2022-01-13,0.04918113411695274,0.0012259859992398887,0.1812677869015897,0.0002523079873139544,0.2572876733475699,0.0008430992327796982
2022-01-14,0.04928536224741252,0.0012211801484955061,0.18089070583553418,0.00024979641592102434,0.2586853609954213,0.0008402867058240272
2022-01-15,0.049295566356761876,0.0012170187907701295,0.18112988824285894,0.00024979641592102434,0.2584179652169419,0.0008403431961613123
2022-01-16,0.049295566356761876,0.0012170187907701295,0.18112988824285894,0.00024979641592102434,0.2584179652169419,0.0008403431961613123
2022-01-17,0.049295566356761876,0.0012170187907701295,0.18112988824285894,0.00024979641592102434,0.2584179652169419,0.0008403431961613123
2022-01-18,0.04901648424365114,0.0012238703676506583,0.1794172527630257,0.0002479420807299415,0.2591076333108773,0.0008385392646010649
2022-01-19,0.048828125,0.00123734811551882,0.18396217737633141,0.00025060395553283413,0.25938991492010793,0.0008416658250008417
2022-01-20,0.04869834201624772,0.0012469916326861448,0.18454951463477653,0.0002518251024298604,0.2614174051708363,0.0008386236508642017
2022-01-21,0.04889736443205711,0.0012529287208850688,0.18343238682221732,0.00025300826831020835,0.2610966057441253,0.0008385673914684153
2022-01-22,0.048621176369913796,0.001239879483714183,0.18183471224656786,0.0002517680410684029,0.26038954275596293,0.0008364141253617491
2022-01-23,0.048621176369913796,0.001239879483714183,0.18183471224656786,0.0002517680410684029,0.26038954275596293,0.0008364141253617491
2022-01-24,0.048621176369913796,0.001239879483714183,0.18183471224656786,0.0002517680410684029,0.26038954275596293,0.0008364141253617491
2022-01-25,0.04852508018769501,0.0012515957846253973,0.18366147516896855,0.00025229843877726087,0.2606542421477909,0.000836379147395097
2022-01-26,0.048236939848536005,0.0012462612163509472,0.18411459292263505,0.00025482771098460334,0.26143790849673204,0.0008357570287166116
2022-01-27,0.04814921634742934,0.0012431316973720197,0.18500703026715015,0.00025274033710506163,0.26127397188692064,0.000830709675275588
2022-01-28,0.04808501430529175,0.001230693495784875,0.18561484918793503,0.0002530601296173984,0.2605387942264603,0.000826740081185876
2022-01-29,0.048484848484848485,0.0012501562695336917,0.18847299182027216,0.000253716309645533,0.26063386155129276,0.0008301304134879589
2022-01-30,0.048484848484848485,0.0012501562695336917,0.18847299182027216,0.000253716309645533,0.26063386155129276,0.0008301304134879589
2022-01-31,0.048484848484848485,0.0012501562695336917,0.18847299182027216,0.000253716309645533,0.26063386155129276,0.0008301304134879589
2022-02-01,0.0487068335687497,0.0012472715933894605,0.1896273821939888,0.00025515867041920015,0.2581311306143521,0.0008317391665973551
2022-02-02,0.048628671464695586,0.0012350253180190194,0.1892720596585532,0.0002545410116477967,0.259949569783462,0.0008337015515185874
2022-02-03,0.04867340631099386,0.001223121896328188,0.188800362496696,0.00025316071148286356,0.26001040041601664,0.0008337224037884346
2022-02-04,0.04838397522740469,0.001207656542479319,0.18778284791467145,0.0002534096265248924,0.26099438862064467,0.0008345573507811457
2022-02-05,0.04859322610428106,0.001213474419959227,0.18984698333143485,0.0002525743642071817,0.26079699561861047,0.000835512628773384
2022-02-07,0.04859322610428106,0.001213474419959227,0.18984698333143485,0.0002525743642071817,0.26079699561861047,0.000835512628773384
2022-02-08,0.04854840275754928,0.0012097749818533753,0.18990106154693404,0.0002537021486034965,0.26156099602427285,0.0008358757888577758
2022-02-09,0.0488997555012225,0.001231830500123183,0.1916590003066544,0.0002544425672237263,0.26369917198459997,0.0008374788536589452
2022-02-10,0.04864428381020946,0.0012423903590508137,0.19100372457262915,0.000255333925708041,0.2684347569323276,0.0008334514056157956
2022-02-11,0.04873056868573656,0.0012399563535363555,0.19115707376751476,0.0002550096648662984,0.26525198938992045,0.0008336807002917883
2022-02-12,0.048982390830496436,0.0012301182143604002,0.19164063548034727,0.0002537118036879548,0.26408915649923415,0.0008352055858549582
2022-02-13,0.048982390830496436,0.0012301182143604002,0.19164063548034727,0.0002537118036879548,0.26408915649923415,0.0008352055858549582
2022-02-14,0.048982390830496436,0.0012301182143604002,0.19164063548034727,0.0002537118036879548,0.26408915649923415,0.0008352055858549582
2022-02-15,0.049039512115701865,0.0012496875781054736,0.19380596147137488,0.00025331911368708503,0.2637269898201382,0.00083558942478024
2022-02-16,0.049326690672322794,0.0012542330364981814,0.1947647242131505,0.0002524991099406375,0.2672367717797969,0.0008357430591538937
2022-02-17,0.049283661973219255,0.0012586532410320957,0.19333758676024207,0.00025443026702456526,0.2691790040376851,0.0008342927700188551
2022-02-18,0.049286552509153744,0.0012492192379762648,0.19462068428632595,0.0002545818366042856,0.26874496103198064,0.0008364071295343722
2022-02-19,0.049273220004927315,0.001253462690683012,0.19623233908948196,0.0002543875492557892,0.266794728136172,0.0008377665144724165
2022-02-20,0.049273220004927315,0.001253462690683012,0.19623233908948196,0.0002543875492557892,0.266794728136172,0.0008377665144724165
2022-02-21,0.049273220004927315,0.001253462690683012,0.19623233908948196,0.0002543875492557892,0.266794728136172,0.0008377665144724165
2022-02-22,0.04931452805996647,0.0012628016517445605,0.1974294683224418,0.0002547115264607069,0.26929498572736577,0.0008389895210208824
2022-02-23,0.049422522535434714,0.0012655024044545683,0.20007602889097859,0.0002558192483518845,0.2689473401108063,0.0008386166180269028
2022-02-24,0.04868312156175454,0.001225940909648155,0.19474575941108882,0.00025490630918605865,0.26365745623286224,0.0008291461452995706
2022-02-25,0.0491787154519524,0.0012484550368918462,0.19368209021711763,0.00025578391374966424,0.263386625227171,0.0008350242574546791
2022-02-26,0.048859139101969026,0.0012531328320802004,0.19371210506944578,0.0002542581890206229,0.2650551314673452,0.0008332500083325002
2022-02-27,0.048859139101969026,0.0012531328320802004,0.19371210506944578,0.0002542581890206229,0.2650551314673452,0.0008332500083325002
2022-02-28,0.048859139101969026,0.0012531328320802004,0.19371210506944578,0.0002542581890206229,0.2650551314673452,0.0008332500083325002
2022-03-01,0.0484613520717228,0.0012414803411587977,0.19364833462432224,0.00025779773705146417,0.2648305084745763,0.0008296483120805091
2022-03-02,0.04856019035594619,0.0012435026984008557,0.19621308741293045,0.000261084335462041,0.2670155670075566,0.000831137744458389
2022-03-03,0.04845548152634767,0.0012576243476073697,0.19917541378692216,0.00026627967354112025,0.2682547346960674,0.0008294969101240098
2022-03-04,0.047776025990158136,0.001244508605777009,0.19706763361185559,0.0002613688934425158,0.2665955745134631,0.0008213754753710564
2022-03-05,0.04694615276278109,0.0012321644200202074,0.195786670843449,0.00026253540946335135,0.26883888485630564,0.0008116026717959955
2022-03-06,0.04694615276278109,0.0012321644200202074,0.195786670843449,0.00026253540946335135,0.26883888485630564,0.0008116026717959955
2022-03-07,0.04694615276278109,0.0012321644200202074,0.195786670843449,0.00026253540946335135,0.26883888485630564,0.0008116026717959955
2022-03-08,0.046790608750498904,0.0012355288681320038,0.19737101803971105,0.00026545900516583223,0.26753705388196264,0.0008106749679783388
2022-03-09,0.04786292059541473,0.0012439358129120537,0.1997842330283294,0.0002674504748583181,0.26831951487831707,0.0008175745832413561
2022-03-10,0.04776048688950755,0.0012478163214374844,0.19934217083624042,0.00026191654814942863,0.2697017099088408,0.000813927934820651
2022-03-11,0.047842311740503296,0.0012415728244540183,0.19706375012316485,0.00026205382061367764,0.27035795393100465,0.0008083551589226243
2022-03-12,0.04786177519324192,0.0012299366582620996,0.19485580670303976,0.0002636011608995126,0.268976276292431,0.0008056070248932571
2022-03-13,0.04786177519324192,0.0012299366582620996,0.19485580670303976,0.0002636011608995126,0.268976276292431,0.0008056070248932571
2022-03-14,0.04786177519324192,0.0012299366582620996,0.19485580670303976,0.0002636011608995126,0.268976276292431,0.0008056070248932571
2022-03-15,0.04803812305445602,0.0012362467548522685,0.1938285005427198,0.00026143722500071895,0.26783083804269225,0.0008050751940231218
2022-03-16,0.048554295841324556,0.001254500520617716,0.19701716019465293,0.0002610277707445295,0.26890394750994945,0.0008173206594143081
2022-03-17,0.048736244804107105,0.0012522226952841292,0.1985584655401783,0.0002617109088958155,0.2674726509214433,0.000826186817363142
2022-03-18,0.049176297024834024,0.0012460593373456444,0.19908024924847204,0.00026213968899747294,0.26449428692340243,0.0008256683785524381
2022-03-19,0.04918839153959666,0.0012613839905143923,0.2022653721682848,0.00026343450096285307,0.26436143495386893,0.0008208697936333339
2022-03-20,0.04918839153959666,0.0012613839905143923,0.2022653721682848,0.00026343450096285307,0.26436143495386893,0.0008208697936333339
2022-03-21,0.04918839153959666,0.0012613839905143923,0.2022653721682848,0.00026343450096285307,0.26436143495386893,0.0008208697936333339
2022-03-22,0.049319392385085814,0.0012625784376854412,0.20329748521010796,0.00026620382694621616,0.26484453625721704,0.0008229368971987228
2022-03-23,0.04944153316216675,0.0012632164016017583,0.20659876453938805,0.0002645845625491135,0.26557603441865407,0.0008206003512169504
2022-03-24,0.04982561036372696,0.001268456035313816,0.20716801325875284,0.000264339771769041,0.2677447856702991,0.0008196385394041229
2022-03-25,0.04995004995004995,0.0012867032090378035,0.2105307480157477,0.00026380630286018794,0.2677519545892685,0.0008162732229731937
2022-03-26,0.04971414367387522,0.0012857602057216328,0.2097535395909806,0.00026446560757006357,0.2681899857859308,0.0008173607421635539
2022-03-27,0.04971414367387522,0.0012857602057216328,0.2097535395909806,0.00026446560757006357,0.2681899857859308,0.0008173607421635539
2022-03-28,0.04971414367387522,0.0012857602057216328,0.2097535395909806,0.00026446560757006357,0.2681899857859308,0.0008173607421635539
2022-03-29,0.050085144746068316,0.0012830711591264852,0.21000021000021002,0.00026658420328645006,0.26861502095197165,0.0008276912380605539
2022-03-30,0.050365654652779174,0.0012689067099786824,0.20966118752096613,0.0002667719526639847,0.26972353337828725,0.0008256888309071844
2022-03-31,0.05040068544932211,0.0012724588995775437,0.21101498206372654,0.0002654054599211215,0.2720496218510256,0.000823607896752514
2022-04-01,0.05041593143433325,0.0012780042685342568,0.21439444289604015,0.0002671032915138613,0.2749594434820864,0.0008198535741516565
2022-04-02,0.05047777211305002,0.0012845215157353885,0.21773210242118096,0.000270319950693641,0.275649153757098,0.0008238928939237899
2022-04-03,0.05047777211305002,0.0012845215157353885,0.21773210242118096,0.000270319950693641,0.275649153757098,0.0008238928939237899
2022-04-04,0.05047777211305002,0.0012845215157353885,0.21773210242118096,0.000270319950693641,0.275649153757098,0.0008238928939237899
2022-04-05,0.050085144746068316,0.001271197213535708,0.21482277121374865,0.00026768243226965257,0.2705847336093298,0.0008208697936333339
2022-04-06,0.04967882638740542,0.0012513138795735522,0.2124675986911996,0.00026689299192381806,0.26903416733925206,0.0008209034863771066
2022-04-07,0.04968623144840333,0.0012418966245249744,0.21066380163896437,0.0002656557579557258,0.26949093163015064,0.0008175478469877449
2022-04-08,0.04989347742569614,0.0012286521685710777,0.21248565721813778,0.00026653730722689254,0.2695563103132244,0.0008135438784890863
2022-04-10,0.05021618065773153,0.0012252649635483674,0.2136113128551288,0.0002678222303164052,0.2695417789757412,0.0008102283223412357
2022-04-11,0.05021618065773153,0.0012252649635483674,0.2136113128551288,0.0002678222303164052,0.2695417789757412,0.0008102283223412357
2022-04-12,0.050501479693355014,0.001240079365079365,0.21397239756071468,0.00026679828715499645,0.26877385367951406,0.0008142792000521139
2022-04-13,0.05058629516091501,0.0012426219322771047,0.21355657113569385,0.00026888876340746594,0.2679025906180513,0.0008172872601261892
2022-04-14,0.05009264634942326,0.0012280486307257768,0.21292451825827743,0.0002674504748583181,0.26821156528269496,0.0008126249410846918
2022-04-15,0.05014793641241663,0.0012287276525158198,0.21292451825827743,0.00026888876340746594,0.26832671460770635,0.0008141996417521576
2022-04-16,0.05046681806712087,0.0012262566064574674,0.21492434662998625,0.0002682036523973383,0.2679528403001072,0.0008101889360598892
2022-04-17,0.05046681806712087,0.0012262566064574674,0.21492434662998625,0.0002682036523973383,0.2679528403001072,0.0008101889360598892
2022-04-18,0.05046681806712087,0.0012262566064574674,0.21492434662998625,0.0002682036523973383,0.2679528403001072,0.0008101889360598892
2022-04-19,0.04996954356319823,0.0012205541315757355,0.2142474558114622,0.00026698705112802027,0.269774468544297,0.0008067573999822514
2022-04-20,0.05002756518841882,0.001229483002397492,0.2165064518922664,0.0002662825097659111,0.26934575915102216,0.0008105632604096586
2022-04-21,0.049601944396220336,0.0012139605462822458,0.2168585865157331,0.00026525128580560795,0.2677161138328916,0.0008050687126146215
2022-04-22,0.04946087644673064,0.0011959576630987264,0.20848535390388825,0.00025960472584442924,0.2656818725258376,0.0008033483559475896
2022-04-24,0.04953192332458269,0.0011854942918449849,0.20546537908362442,0.00025448854165341204,0.26297104688773765,0.0008002881037173382
2022-04-25,0.04953192332458269,0.0011854942918449849,0.20546537908362442,0.00025448854165341204,0.26297104688773765,0.0008002881037173382
2022-04-26,0.048937565453993796,0.0011826901470083854,0.2000520135235161,0.00025395857935570706,0.2615883645495448,0.0007932289972792245
2022-04-27,0.0490689172943399,0.0011826341994157787,0.20189783969311528,0.0002532960143872136,0.2613900724050501,0.0007897209915736771
2022-04-28,0.04888780249327793,0.001167365140142185,0.2024906348081401,0.0002513889238040172,0.26043023074118443,0.0007860893626387448
2022-04-29,0.04901240013723472,0.0011762906849540659,0.20112226222320548,0.0002531036839241195,0.2607765926930399,0.0007918220617462844
2022-05-01,0.04889272642466071,0.0011629529701818859,0.19680003148800504,0.0002498170090408776,0.2609399055397542,0.0007894529091339701
2022-05-02,0.04889272642466071,0.0011629529701818859,0.19680003148800504,0.0002498170090408776,0.2609399055397542,0.0007894529091339701
2022-05-03,0.04935590543408519,0.0011697274535033338,0.2015153957762373,0.00024857380777787446,0.2621231979030144,0.000793430396318483
2022-05-04,0.0499530441385098,0.0011724703951225231,0.203471218996073,0.0002462326405988378,0.26597159423373584,0.0007990283814881104
2022-05-05,0.04946909764408369,0.0011624798019134418,0.1988862370723946,0.00024502597275311185,0.26394277720590176,0.0007877365178894963
2022-05-06,0.04964649215262722,0.0011649037789478588,0.19694343784465101,0.00024687091120053327,0.2627430373095113,0.0007874139750232287
2022-05-07,0.049027779139660534,0.0011517950726206794,0.19373086907667866,0.00024486098017850364,0.26180066497368903,0.0007847014603294178
2022-05-08,0.049027779139660534,0.0011517950726206794,0.19373086907667866,0.00024486098017850364,0.26180066497368903,0.0007847014603294178
2022-05-09,0.049027779139660534,0.0011517950726206794,0.19373086907667866,0.00024486098017850364,0.26180066497368903,0.0007847014603294178
2022-05-10,0.04907517826558505,0.001154334526145677,0.1952133682114551,0.00024564290890332724,0.26468330642386384,0.0007839509560281909
2022-05-11,0.049236829148202856,0.001160658325402168,0.19505724930267035,0.00024529644074864477,0.26422173487991124,0.0007816958108921494
2022-05-12,0.049407114624505935,0.001155922368253748,0.19422755700578798,0.00024372826248558955,0.26597159423373584,0.0007746713456815947
2022-05-13,0.04980575754557227,0.0011644832605531296,0.19800803912638854,0.00024369737659774094,0.26488662852299216,0.000782203310284409
2022-05-15,0.04992999814260407,0.0011667386155479588,0.1976050270718887,0.00024703862448893885,0.26547732823616865,0.0007811523559555055
2022-05-16,0.04992999814260407,0.0011667386155479588,0.1976050270718887,0.00024703862448893885,0.26547732823616865,0.0007811523559555055
2022-05-17,0.0501781323699132,0.001176041678917101,0.20238818053025703,0.00024854291714821857,0.2659079426702476,0.000789353203984655
2022-05-18,0.04994830350587142,0.0011709053440119902,0.2004972331381827,0.0002459474016886749,0.2651254043162416,0.0007841107791708813
2022-05-19,0.050248731219536706,0.0011947431302270011,0.2027986209693774,0.00024705571353395906,0.2681180792020806,0.0007913145317000602
2022-05-20,0.05037529595486374,0.0011962437944853161,0.20563438206868187,0.0002522099900377054,0.2682547346960674,0.0007850094593639854
2022-05-22,0.05033989497084313,0.0012049208969431156,0.2080039936766786,0.0002522405264764269,0.26932399676811203,0.0007948114707191454
2022-05-23,0.05033989497084313,0.0012049208969431156,0.2080039936766786,0.0002522405264764269,0.26932399676811203,0.0007948114707191454
2022-05-24,0.0503882413999869,0.0012050225339213844,0.20752915784667747,0.0002519348597226701,0.2705554503395471,0.0007928830814608078
2022-05-25,0.05045693803080699,0.001202573507305634,0.20761101999294124,0.00025441732073119535,0.27176128488735496,0.0007894092850320106
2022-05-26,0.05059215588859809,0.0012146683348111798,0.2096655833944858,0.0002554311038455153,0.27350053332604,0.000793619300821396
2022-05-27,0.05110906674844118,0.0012107270415884738,0.21149250259078317,0.00025468298335646705,0.27242760236467156,0.0007993030077772183
2022-05-29,0.05117864417535851,0.0012049063787743692,0.21056621254553493,0.0002636470293570967,0.2721310583176858,0.0008094937426133697
2022-05-30,0.05117864417535851,0.0012049063787743692,0.21056621254553493,0.0002636470293570967,0.2721310583176858,0.0008094937426133697
2022-05-31,0.05089392636972096,0.0012145060603852413,0.21135393329669866,0.0002659150135616657,0.2695635765695339,0.0008049844637998487
2022-06-01,0.050774153518699607,0.001215184951149565,0.2076800066457602,0.0002633644278934533,0.2684347569323276,0.0008020854220974534
2022-06-02,0.051224259809445755,0.0012307086420360845,0.20885547201336674,0.00026563247091324446,0.27083389757061993,0.0008062435500515996
2022-06-03,0.05116398055768738,0.0012328632014991616,0.20938023450586266,0.0002655266721542179,0.27051885516420493,0.0007996289721569192
2022-06-05,0.05115351168857742,0.0012164710175780063,0.20839411495019378,0.000264298551643937,0.26839152956332696,0.0007976835270374831
2022-06-06,0.05115351168857742,0.0012164710175780063,0.20839411495019378,0.000264298551643937,0.26839152956332696,0.0007976835270374831
2022-06-07,0.05112997238981491,0.0012070297412128234,0.20541895195250715,0.0002647183396865735,0.2674869600106995,0.000797225654721569
2022-06-08,0.05111298525390376,0.0012177301509985387,0.20468734008801553,0.00026346295710823057,0.2663612391124843,0.000795741193134345
2022-06-09,0.05087505087505088,0.0012110056190660725,0.2041399583554485,0.0002602472348731295,0.26714396388213607,0.0007912644405760406
2022-06-10,0.050110242533573865,0.0011851149561507466,0.20044900577293134,0.00025412960609911054,0.2663683341324383,0.0007816652596691993
2022-06-12,0.04889160291609076,0.0011601062657339413,0.19583268055773148,0.0002524232633279483,0.2655971952936177,0.0007749775256517561
2022-06-13,0.04889160291609076,0.0011601062657339413,0.19583268055773148,0.0002524232633279483,0.2655971952936177,0.0007749775256517561
2022-06-14,0.04862748911959931,0.0011519410206197443,0.19542700801250734,0.0002525571410531633,0.2670512204240773,0.0007763372408974459
2022-06-15,0.04943740236113034,0.0011681151294271562,0.19743726430926575,0.00025749967812540236,0.2699492495410863,0.0007823991487497262
2022-06-16,0.04900437805113509,0.0011562565039428348,0.19788265558523796,0.0002570066436217376,0.2704749540192578,0.0007767110945412745
2022-06-17,0.0491787154519524,0.0011417349804763318,0.19406171162429653,0.00025654576519905386,0.2696726174424249,0.000774437371249787
2022-06-19,0.04934616333580064,0.0011336583153837433,0.19316579420116287,0.00025654576519905386,0.2693965517241379,0.0007747253598599297
2022-06-20,0.04934616333580064,0.0011336583153837433,0.19316579420116287,0.00025654576519905386,0.2693965517241379,0.0007747253598599297
2022-06-21,0.04965142219051152,0.0011389521640091116,0.19511433700148284,0.00024932992582434705,0.2696217207258217,0.0007747553709916094
2022-06-22,0.049887752556747315,0.0011250112501125012,0.19251131003946484,0.0002493075482846394,0.26936752505117983,0.0007711824540568053
2022-06-23,0.05002801568878572,0.0011078491109510885,0.19125212767992045,0.00024413287664209874,0.26668800170680323,0.0007697162825782417
2022-06-24,0.05037783375314861,0.0010907861295635765,0.19075232717839158,0.00024206627774684707,0.265357569324665,0.0007758674197753088
2022-06-25,0.05026161168884041,0.0010867911404786228,0.19133629266799326,0.00024250654767678725,0.2658019244059327,0.0007781677262717207
2022-06-26,0.05026161168884041,0.0010867911404786228,0.19133629266799326,0.00024250654767678725,0.2658019244059327,0.0007781677262717207
2022-06-27,0.05026161168884041,0.0010867911404786228,0.19133629266799326,0.00024250654767678725,0.2658019244059327,0.0007781677262717207
2022-06-28,0.04967018993880633,0.0010984786071291262,0.18978573190867512,0.0002447021974257329,0.2648305084745763,0.0007743054480131322
2022-06-29,0.04973887092762994,0.0010795055864414099,0.19296823742811933,0.00024345116369656246,0.2651183753545958,0.0007681081496274675
2022-06-30,0.049733676164141025,0.0010894551634727473,0.1903601614254169,0.00024143100988177122,0.26218505020843713,0.00077669299655925
2022-07-01,0.04938027751715964,0.0010730880254107246,0.18761726078799248,0.00023834209240522925,0.2609603340292276,0.0007700244867786796
2022-07-03,0.049307962742903354,0.0010775165398788872,0.18764190419004373,0.00023834209240522925,0.2621231979030144,0.0007723677706376668
2022-07-04,0.049307962742903354,0.0010775165398788872,0.18764190419004373,0.00023834209240522925,0.2621231979030144,0.0007723677706376668
2022-07-05,0.04872318458632311,0.0010494831295586923,0.18564586195373706,0.0002341591345478387,0.25998336106489184,0.0007644617042909236
2022-07-06,0.04844984714073227,0.0010314063225207572,0.18456654546796847,0.0002301972790681614,0.25972676744065243,0.0007666183697093749
2022-07-07,0.04879276930193161,0.0010511599550103539,0.1869857890800299,0.00022801897117840202,0.2618349392542941,0.0007708733223869322
2022-07-08,0.04890693011199687,0.0010280345008378481,0.19028771502511796,0.0002267008229239872,0.2618349392542941,0.0007723916334538264
2022-07-10,0.048276761015549945,0.0010082779620685831,0.1863411907202087,0.00021887872805193557,0.25333772452055836,0.0007633995709694411
2022-07-11,0.048276761015549945,0.0010082779620685831,0.1863411907202087,0.00021887872805193557,0.25333772452055836,0.0007633995709694411
2022-07-12,0.04796600169799646,0.0009811616954474097,0.1840874783697213,0.00021635468321347284,0.2528892597931366,0.0007661602347514959
2022-07-13,0.04823163532253459,0.0009912767644726407,0.18577001671930152,0.0002231843949471053,0.2528892597931366,0.000766553727750778
2022-07-14,0.04804735547355474,0.0009530162965786716,0.18397909997424294,0.00022308481684736535,0.256996736141451,0.000759635982437216
2022-07-15,0.04871632484045403,0.0010283833813245578,0.18534650529164273,0.00022990619827110536,0.25691750378953315,0.0007588462501612549
2022-07-17,0.04892774839394665,0.001059232268451826,0.18387423002666176,0.00023233822869981206,0.25700994628492124,0.0007585987164509718
2022-07-18,0.04892774839394665,0.001059232268451826,0.18387423002666176,0.00023233822869981206,0.25700994628492124,0.0007585987164509718
2022-07-19,0.048762410033353486,0.0010798552993898818,0.18507551080840984,0.0002318464249281276,0.25898684346835177,0.0007662130685300969
2022-07-20,0.048673643222195175,0.0010798786216429273,0.18325422859132473,0.00023018933072452093,0.2579247375615795,0.0007620499142693847
2022-07-21,0.04852131298672942,0.001077156737076812,0.18182479362885925,0.000226510827217541,0.25621973404391607,0.000765632297432835
2022-07-22,0.048721071863581,0.0010525097094020693,0.18189424668497736,0.00022455510020771347,0.25624599615631005,0.0007634811687369732
2022-07-24,0.04895241824946152,0.0010673497705197994,0.18666816001194678,0.0002244139989452542,0.25625912923147887,0.0007634345393054274
2022-07-25,0.04895241824946152,0.0010673497705197994,0.18666816001194678,0.0002244139989452542,0.25625912923147887,0.0007634345393054274
2022-07-26,0.048906212556181015,0.0010817242684839634,0.18659153247625623,0.00022561904224716565,0.25587226856353307,0.0007633704331363837
2022-07-27,0.04909614006146836,0.0010935176275041554,0.1907050365200145,0.0002264697889301567,0.2557741003146021,0.000765579543714592
2022-07-28,0.04932255471104381,0.0011014428901861438,0.19336749492410327,0.0002292736610418195,0.2550499897980004,0.0007719325330966074
2022-07-29,0.049137634514274484,0.0011103092211180814,0.19333384889026373,0.00023377594913035344,0.2553756575923183,0.000767489159215626
2022-07-31,0.04909973186636427,0.0011220196353436186,0.19283799679888927,0.00023429629108971203,0.25835120262484823,0.0007650699656483585
2022-08-01,0.04909973186636427,0.0011220196353436186,0.19283799679888927,0.00023429629108971203,0.25835120262484823,0.0007650699656483585
2022-08-02,0.04812553449421748,0.0010996986825609783,0.1894800666969835,0.00023177119547582625,0.25538217943151925,0.000761075551970044
2022-08-03,0.04888722889587216,0.0010974900402778846,0.18923982362848438,0.00023276383781015782,0.25651549353580955,0.000764642911760208
2022-08-04,0.049223499298565135,0.0011087089084760797,0.19186860837698344,0.0002333395557214859,0.25779840164990975,0.000768043256196189
2022-08-05,0.048988389751628864,0.0010896925977181837,0.1933301111648139,0.00023064326406347304,0.2563313852148057,0.0007679076053569234
2022-08-06,0.04934129372872157,0.0011044232149759786,0.1955722443870766,0.0002321823281386407,0.25566947050852656,0.0007698466465480077
2022-08-07,0.04934129372872157,0.0011044232149759786,0.1955722443870766,0.0002321823281386407,0.25566947050852656,0.0007698466465480077
2022-08-08,0.04934129372872157,0.0011044232149759786,0.1955722443870766,0.0002321823281386407,0.25566947050852656,0.0007698466465480077
2022-08-09,0.04944987019409074,0.0011070519207350825,0.19517145812596365,0.0002301956893555211,0.255277869961453,0.0007648008076296529
2022-08-10,0.04994166813162226,0.0011284134506883321,0.1964173475801383,0.0002342946442587269,0.2579979360165119,0.0007707604322424504
2022-08-11,0.05019828321871392,0.001131823480809933,0.1936108422071636,0.00023667910809844903,0.25902038490429197,0.0007662130685300969
2022-08-12,0.050431186645821774,0.0011429485787434425,0.1971647705987894,0.00024060845065000373,0.2587991718426501,0.0007684741177917128
2022-08-13,0.050454086781029264,0.0011361312458815242,0.1961592028089998,0.00024055057214953586,0.26010508245331115,0.0007620847590669034
2022-08-14,0.050454086781029264,0.0011361312458815242,0.1961592028089998,0.00024055057214953586,0.26010508245331115,0.0007620847590669034
2022-08-15,0.050454086781029264,0.0011361312458815242,0.1961592028089998,0.00024055057214953586,0.26010508245331115,0.0007620847590669034
2022-08-16,0.05030181086519115,0.0011350093638272517,0.19436345966958213,0.00023561066750858213,0.26038954275596293,0.0007630850000381542
2022-08-17,0.050122800862112175,0.0011146408069999444,0.19348347651110595,0.00023051619491527375,0.26127397188692064,0.0007608786626796624
2022-08-18,0.04970771861454647,0.001077121930202499,0.1934984520123839,0.00022812612637274898,0.26106934001670845,0.0007543014037549124
2022-08-19,0.04962286621675268,0.0010592659287114031,0.1934198564824665,0.00022883557020103205,0.2596593269630245,0.0007487327697871353
2022-08-20,0.04968080085450978,0.0010633094443144844,0.19399771082701223,0.0002276385009549435,0.25847140013957454,0.0007449177983209552
2022-08-21,0.04968080085450978,0.0010633094443144844,0.19399771082701223,0.0002276385009549435,0.25847140013957454,0.0007449177983209552
2022-08-22,0.04968080085450978,0.0010633094443144844,0.19399771082701223,0.0002276385009549435,0.25847140013957454,0.0007449177983209552
2022-08-23,0.05005280571002408,0.0010922873589583949,0.19586336571607646,0.00022983486365046714,0.2598077422707197,0.0007469877718101754
2022-08-24,0.050265906646158175,0.001086897451225477,0.19545756616238613,0.00022706888134515606,0.2593562777187022,0.0007461127525591667
2022-08-25,0.0502008032128514,0.001114504157100506,0.19517907680296673,0.00022787608098715916,0.25982124298482645,0.0007496926260233303
2022-08-26,0.04997501249375312,0.00112204481446989,0.19748015324459894,0.00022757996021902294,0.2618075191119489,0.000745273105329448
2022-08-27,0.04994506043352313,0.0011341983486072044,0.19928655413619242,0.00022936042844528035,0.26191037426992486,0.0007435994675827813
2022-08-28,0.04994506043352313,0.0011341983486072044,0.19928655413619242,0.00022936042844528035,0.26191037426992486,0.0007435994675827813
2022-08-29,0.04994506043352313,0.0011341983486072044,0.19928655413619242,0.00022936042844528035,0.26191037426992486,0.0007435994675827813
2022-08-30,0.04964010920824026,0.0011315545296127821,0.19519812609798945,0.0002264774824763048,0.26300562832044605,0.0007409822460653843
2022-08-31,0.049672163719451615,0.0011171312070602693,0.19294589797020914,0.00022614457422630288,0.2609603340292276,0.0007453675407343361
2022-09-01,0.04957069301315953,0.0011152996810242911,0.19104751351661156,0.0002231669623628918,0.2602540079117218,0.0007375882339924914
2022-09-02,0.050267928056541365,0.0011386020244343994,0.1935958493049909,0.00022324169261851343,0.258825965420851,0.0007346836819407404
2022-09-03,0.05008790427199736,0.001134687393623057,0.19398265795037922,0.00022431835260601848,0.2580112492904691,0.0007302788204536493
2022-09-04,0.05008790427199736,0.001134687393623057,0.19398265795037922,0.00022431835260601848,0.2580112492904691,0.0007302788204536493
2022-09-05,0.05008790427199736,0.001134687393623057,0.19398265795037922,0.00022431835260601848,0.2580112492904691,0.0007302788204536493
2022-09-06,0.04968771272552011,0.0011203854125819283,0.1909234969547702,0.0002235161322768471,0.25850480818943233,0.000725689404934688
2022-09-07,0.05009769049646812,0.0011317594332148758,0.19104386367109888,0.00022762191999089513,0.2578449320578604,0.0007261689504680159
2022-09-08,0.0501002004008016,0.0011345586566825505,0.1919827983412686,0.00022775411665565856,0.2583912560398956,0.0007227208996429758
2022-09-09,0.05024794850188254,0.0011015642211940956,0.19399771082701223,0.00023009928784270415,0.2584380007236264,0.0007247742328264745
2022-09-10,0.05040424202100849,0.0011148893472322872,0.1965988400668436,0.00022966331358228838,0.2603488674824264,0.0007274790667898532
2022-09-11,0.05040424202100849,0.0011148893472322872,0.1965988400668436,0.00022966331358228838,0.2603488674824264,0.0007274790667898532
2022-09-12,0.05040424202100849,0.0011148893472322872,0.1965988400668436,0.00022966331358228838,0.2603488674824264,0.0007274790667898532
2022-09-13,0.04989243191678741,0.001091548142730835,0.19266709053426587,0.00022699156726327618,0.26043023074118443,0.0007170206358538999
2022-09-14,0.05015447578541909,0.0010869565217391304,0.19316952557564518,0.00022802677034283825,0.2609603340292276,0.0007194348120116836
2022-09-15,0.049885263893046,0.0010830715910321673,0.19090527280363484,0.00022661348803480782,0.25790478155465,0.00071510808858759
2022-09-16,0.04992511233150274,0.0010846928149947936,0.19033479891128496,0.00022573822041531318,0.2581911130618884,0.0007221520129987362
2022-09-18,0.05021509636528068,0.0010841636219738283,0.19333758676024207,0.0002271844351399797,0.2591344908007256,0.0007194348120116836
2022-09-19,0.05021509636528068,0.0010841636219738283,0.19333758676024207,0.0002271844351399797,0.2591344908007256,0.0007194348120116836
2022-09-20,0.04999470056174045,0.0010731225720601806,0.19430681045370643,0.00022619521551880134,0.25716857400025717,0.0007188400796474808
2022-09-21,0.04997406346106371,0.001069084222455045,0.19336375589759455,0.000227132834095364,0.2566339886054509,0.0007161887300541439
2022-09-22,0.0501971241063657,0.0010595689673440845,0.19517526739011634,0.00022936779355063635,0.2582311168495804,0.0007111262818051229
2022-09-23,0.049556469597105905,0.0010318746065978062,0.19011768284568148,0.00022559970040359785,0.2557741003146021,0.0007036010300719081
2022-09-24,0.04908498230240963,0.001007424720187784,0.185508106704263,0.0002204716771060006,0.25497195308516063,0.0006997851659540521
2022-09-25,0.04908498230240963,0.001007424720187784,0.185508106704263,0.0002204716771060006,0.25497195308516063,0.0006997851659540521
2022-09-26,0.04908498230240963,0.001007424720187784,0.185508106704263,0.0002204716771060006,0.25497195308516063,0.0006997851659540521
2022-09-27,0.04908047725856086,0.0010164874260505398,0.18590470524808983,0.0002198705841741551,0.25414898213332654,0.0007015525357616405
2022-09-28,0.04967931998946798,0.0010459375784453184,0.18601190476190474,0.0002230086995693702,0.2543429051046621,0.000702020414753661
2022-09-29,0.04961577543503112,0.0010387991481846984,0.18506523549551215,0.00022110099451227332,0.2524423800267589,0.0006995991296986826
2022-09-30,0.04965243296921549,0.001034521999110311,0.18465856631089117,0.00021719629984383586,0.25161030595813205,0.0006944733808353125
2022-10-01,0.04994852804185287,0.0010648720023853132,0.19362583743174688,0.00022103648428209557,0.253434031121699,0.0006985288981405161
2022-10-02,0.04994852804185287,0.0010648720023853132,0.19362583743174688,0.00022103648428209557,0.253434031121699,0.0006985288981405161
2022-10-03,0.04994852804185287,0.0010648720023853132,0.19362583743174688,0.00022103648428209557,0.253434031121699,0.0006985288981405161
2022-10-04,0.05008765339343852,0.0010748758518391126,0.19359959731283757,0.0002226859037596061,0.2540456774127988,0.000706364342727979
2022-10-05,0.049834946656673096,0.0010652122968107544,0.19245203133119068,0.0002185300358607789,0.25271670457417234,0.000706179779248201
2022-10-06,0.04972403162448411,0.0010607828577490186,0.191508512553383,0.00021703131544850606,0.2524041495242182,0.0007104240521167085
2022-10-07,0.04992511233150274,0.0010672928117829127,0.19232248634510346,0.00021672557990347043,0.25353041097279616,0.0007064841111723397
2022-10-08,0.050119032702668834,0.001067463706233988,0.19274879050133958,0.0002173842157320957,0.25307485954345293,0.0007003046325151441
2022-10-09,0.050119032702668834,0.001067463706233988,0.19274879050133958,0.0002173842157320957,0.25307485954345293,0.0007003046325151441
2022-10-10,0.050119032702668834,0.001067463706233988,0.19274879050133958,0.0002173842157320957,0.25307485954345293,0.0007003046325151441
2022-10-11,0.049862877088007976,0.0010797620204506927,0.18893234332785427,0.00021732610651587132,0.25269116086319304,0.0006986362620165438
2022-10-12,0.050046042358970255,0.001060299216438879,0.18980014045210394,0.0002172954109382164,0.2520733029164881,0.000702020414753661
2022-10-13,0.050054734852561275,0.0010665984043687871,0.190095998479232,0.00021882652089902688,0.25344687753446876,0.0006989732083569236
2022-10-14,0.04982312789596931,0.001040983521230859,0.18767359807822234,0.00021312282481516923,0.25144581342720645,0.0006942419572069258
2022-10-15,0.05005506056662328,0.0010319917440660474,0.18908595847672352,0.000211455383971259,0.25220044891679905,0.0006991784653032686
2022-10-16,0.05005506056662328,0.0010319917440660474,0.18908595847672352,0.000211455383971259,0.25220044891679905,0.0006991784653032686
2022-10-17,0.05005506056662328,0.0010319917440660474,0.18908595847672352,0.000211455383971259,0.25220044891679905,0.0006991784653032686
2022-10-18,0.04994274064784725,0.0010294420424130121,0.1908069224751474,0.00021025055558709317,0.25242326332794834,0.0007019464976379501
2022-10-19,0.04977873352946155,0.0010228086325048582,0.18954112094618927,0.00020686245508498943,0.2518511056263537,0.0006971021463775088
2022-10-20,0.049899875899008635,0.0010287007509515481,0.19176926322249072,0.00020440492615872042,0.2518130539887188,0.0006993300418199365
2022-10-21,0.050243681857006485,0.0010176045588684236,0.19376465345191732,0.0002038175018088803,0.25170530343074327,0.0007001330252748022
2022-10-22,0.05018316856526321,0.001017293997965412,0.18843037497644619,0.00020087380103450008,0.2508969566199162,0.0006924440505207179
2022-10-23,0.05018316856526321,0.001017293997965412,0.18843037497644619,0.00020087380103450008,0.2508969566199162,0.0006924440505207179
2022-10-24,0.05018316856526321,0.001017293997965412,0.18843037497644619,0.00020087380103450008,0.2508969566199162,0.0006924440505207179
2022-10-25,0.05031383253040842,0.0010335917312661498,0.18810428501561266,0.00020147276591886692,0.25084660729963626,0.0007009624214045886
2022-10-26,0.05017385239856101,0.001061143063307795,0.18570446990659065,0.0002052907532938901,0.25204153644520616,0.000708024752545349
2022-10-27,0.05041534683489932,0.001061143063307795,0.18725189124410158,0.0002088956106854283,0.25241689173839515,0.0007038238751134917
2022-10-28,0.05052801778586226,0.0010612331529236973,0.18882531769859703,0.0002073793881478532,0.25244875290316066,0.0007034129596803691
2022-10-29,0.05048006542216479,0.001052742393936204,0.19306510155224343,0.00020286650369724202,0.2527358657467081,0.0007014737964463338
2022-10-30,0.05048006542216479,0.001052742393936204,0.19306510155224343,0.00020286650369724202,0.2527358657467081,0.0007014737964463338
2022-10-31,0.05048006542216479,0.001052742393936204,0.19306510155224343,0.00020286650369724202,0.2527358657467081,0.0007014737964463338
2022-11-01,0.050688347762616326,0.001048327916972429,0.19443148234562138,0.0001998800719568259,0.2518003726645515,0.0007062146892655367
2022-11-02,0.050852956641752114,0.001063038163070054,0.19443148234562138,0.00020007883105943743,0.2540779511154022,0.0007080347786683282
2022-11-03,0.05090760625817386,0.0010587052035360754,0.19556459498572376,0.00019747781336766816,0.25269754630682534,0.000702439572635764
2022-11-04,0.051308363263211906,0.0010790978741771879,0.19775743073545987,0.00019657951641438963,0.253665465983461,0.0007126212346875513
2022-11-05,0.051421019884508395,0.0010907504363001745,0.19392246979657535,0.00019592476489028212,0.2539037704709915,0.0007181741141322302
2022-11-06,0.051421019884508395,0.0010907504363001745,0.19392246979657535,0.00019592476489028212,0.2539037704709915,0.0007181741141322302
2022-11-07,0.051421019884508395,0.0010907504363001745,0.19392246979657535,0.00019592476489028212,0.2539037704709915,0.0007181741141322302
2022-11-08,0.05123084670757279,0.0011016855789357718,0.1942313295134505,0.00020123761130955376,0.25741350906095556,0.0007274684824279988
2022-11-09,0.05111951743175544,0.001105460977227504,0.19281196976708315,0.00020442331161676353,0.2576854691163965,0.0007294158837602848
2022-11-10,0.05178433275369403,0.0011217049915872126,0.18709423936836986,0.0002084610157054529,0.26049128656646436,0.0007408450078159149
2022-11-11,0.05129520389843549,0.0011180679785330948,0.18707673887828788,0.0002082856012163879,0.26043701330833136,0.0007612261831357951
2022-11-12,0.05173038125290984,0.0011195700850873264,0.18821049461717984,0.00020824656393169514,0.25994281258123214,0.0007553839994561235
2022-11-13,0.05173038125290984,0.0011195700850873264,0.18821049461717984,0.00020824656393169514,0.25994281258123214,0.0007553839994561235
2022-11-14,0.05173038125290984,0.0011195700850873264,0.18821049461717984,0.00020824656393169514,0.25994281258123214,0.0007553839994561235
2022-11-15,0.05165102501459141,0.0011299435028248588,0.18835229413094254,0.00020648358455502787,0.26261883502284783,0.000759762953958365
2022-11-16,0.05173225454338525,0.00109751413049443,0.18571826539140124,0.0002025931928687196,0.2611852587039987,0.0007481446013885563
2022-11-17,0.05151264300553606,0.0010862480990658267,0.18439637845512716,0.0002002250529595265,0.2630748184783752,0.000744806834347512
2022-11-18,0.051464684933198834,0.0010618529333687285,0.18610883644755455,0.00020063199077092843,0.26214381209531545,0.0007464413409072248
2022-11-19,0.0511726206010736,0.0010618529333687285,0.18841972377668495,0.00020214271275520516,0.2613832401066444,0.0007356781849347821
2022-11-20,0.0511726206010736,0.0010618529333687285,0.18841972377668495,0.00020214271275520516,0.2613832401066444,0.0007356781849347821
2022-11-21,0.0511726206010736,0.0010618529333687285,0.18841972377668495,0.00020214271275520516,0.2613832401066444,0.0007356781849347821
2022-11-22,0.05148349696504785,0.0010799136069114472,0.1865880509012203,0.0002039821393238808,0.26119890296460757,0.0007392950082801041
2022-11-23,0.05166890565257828,0.001092478286994046,0.1865984960161221,0.00020506636973056328,0.26023368985348844,0.0007480326740672034
2022-11-24,0.0516635668526555,0.0010998075336816058,0.18840197445269224,0.0002038860684649418,0.2606406547293247,0.0007538692338426976
2022-11-25,0.051733057423693746,0.0010857763300760044,0.184777989245921,0.00020569359881520484,0.2602269178723847,0.0007493667850666187
2022-11-26,0.051802198485303715,0.0010968760968760969,0.18646975460580295,0.00020701190732490932,0.2611511542881019,0.0007463522036048812
2022-11-27,0.051802198485303715,0.0010968760968760969,0.18646975460580295,0.00020701190732490932,0.2611511542881019,0.0007463522036048812
2022-11-28,0.051802198485303715,0.0010968760968760969,0.18646975460580295,0.00020701190732490932,0.2611511542881019,0.0007463522036048812
2022-11-29,0.05202318152968963,0.001105583195135434,0.1893760060600322,0.00020805679118172097,0.26120572562950584,0.0007545290606867724
2022-11-30,0.05194535348813048,0.0011198208286674132,0.19286031127654238,0.00020712510356255177,0.26197898928505936,0.0007682674800058388
2022-12-01,0.05227610145745771,0.0011386538833790692,0.19257062527682028,0.00021010168921758128,0.26173214332452166,0.0007667476863388564
2022-12-02,0.051618231559386774,0.001133452723686895,0.19176926322249072,0.0002097051545526989,0.26157467957101754,0.0007704931926926426
2022-12-03,0.05067267982467252,0.0011174557766876377,0.1896813353566009,0.0002069245222112782,0.2606610363882807,0.0007659137734273875
2022-12-04,0.05067267982467252,0.0011174557766876377,0.1896813353566009,0.0002069245222112782,0.2606610363882807,0.0007659137734273875
2022-12-05,0.05067267982467252,0.0011174557766876377,0.1896813353566009,0.0002069245222112782,0.2606610363882807,0.0007659137734273875
2022-12-06,0.050621889917638184,0.001138433515482696,0.19008877145627007,0.00020703933747412008,0.2627016234960332,0.0007576963001689663
2022-12-07,0.05084116710983217,0.001155001155001155,0.19226702043798427,0.00020759033293337595,0.2591277759062994,0.0007608265619769318
2022-12-08,0.050989190291658174,0.0011588828369451848,0.19196805651539584,0.00020767655622427406,0.26001040041601664,0.0007599823684090529
2022-12-09,0.05059960532307847,0.001161737029206069,0.19057420006479522,0.00020807324178110696,0.26119208065611454,0.0007669652718124924
2022-12-10,0.05039306591413021,0.0011545344339894937,0.18787810468567992,0.00020659748405583918,0.2607357964174902,0.0007656616081956419
2022-12-11,0.05039306591413021,0.0011545344339894937,0.18787810468567992,0.00020659748405583918,0.2607357964174902,0.0007656616081956419
2022-12-12,0.05039306591413021,0.0011545344339894937,0.18787810468567992,0.00020659748405583918,0.2607357964174902,0.0007656616081956419
2022-12-13,0.05125576627370579,0.001168333489111132,0.18890022290226302,0.00020999580008399833,0.26316482012684544,0.0007757530622852135
2022-12-14,0.05093179723032887,0.001149359232228033,0.1894405819614678,0.0002092925910422771,0.262894999737105,0.0007719682875427477
2022-12-15,0.05065086359722434,0.001139666077839193,0.18846588767433095,0.0002087246921310791,0.26216442953020136,0.0007584376185058779
2022-12-16,0.050612410162971966,0.0011296116395183337,0.18885027949841365,0.00020896414384255805,0.26134908397146067,0.0007636735753669451
2022-12-17,0.05053133700864591,0.0011259993244004053,0.18855828336538824,0.00020947321675450576,0.2611852587039987,0.0007684800233617927
2022-12-18,0.05053133700864591,0.0011259993244004053,0.18855828336538824,0.00020947321675450576,0.2611852587039987,0.0007684800233617927
2022-12-19,0.05053133700864591,0.0011259993244004053,0.18855828336538824,0.00020947321675450576,0.2611852587039987,0.0007684800233617927
2022-12-20,0.050627784528149054,0.0011300328839569233,0.19202703740686689,0.00020999271325285014,0.2631371207536247,0.000779010345257385
2022-12-21,0.05091139025260704,0.001145265472536534,0.1922633238483427,0.0002098635886673662,0.2643264960879679,0.000781744697816587
2022-12-22,0.05117445371270662,0.001147710317915758,0.1927413603685215,0.0002101723413198823,0.2632895395065954,0.0007742215202613772
2022-12-23,0.051659296607017395,0.0011396011396011395,0.19363708537459096,0.00021147192921611583,0.26293647454774927,0.0007815369706063945
2022-12-24,0.05158627805003869,0.0011402508551881414,0.1922337562475971,0.00021155290409249095,0.26310250473584507,0.0007850032970138474
2022-12-25,0.05158627805003869,0.0011402508551881414,0.1922337562475971,0.00021155290409249095,0.26310250473584507,0.0007850032970138474
2022-12-26,0.05158627805003869,0.0011402508551881414,0.1922337562475971,0.00021155290409249095,0.26310250473584507,0.0007850032970138474
2022-12-27,0.05134788189987163,0.001146131805157593,0.1894800666969835,0.00021006593969847135,0.2635184989986297,0.0007862067881094085
2022-12-28,0.05149065444621801,0.0011625879207115039,0.19061415881971713,0.00020965635227298933,0.26351155498168594,0.0007847137756503316
2022-12-29,0.05142710208279763,0.0011704119850187266,0.18900733348453921,0.00020631318341242006,0.2641798536443611,0.0007933108033065195
2022-12-30,0.05135051864023826,0.0011804842346330464,0.18887524789876287,0.00020622808826562179,0.26297104688773765,0.0007924746606227267
2022-12-31,0.05143239212055752,0.0011778146826378337,0.18670998338281147,0.00020657187771771124,0.2628328120482561,0.0007880096452380578
2023-01-01,0.05143239212055752,0.0011778146826378337,0.18670998338281147,0.00020657187771771124,0.2628328120482561,0.0007880096452380578
2023-01-02,0.05143239212055752,0.0011778146826378337,0.18670998338281147,0.00020657187771771124,0.2628328120482561,0.0007880096452380578
2023-01-03,0.05154423964772605,0.0011658408627222385,0.18249174224866324,0.00020449019571756633,0.26286044738848147,0.0007822155473162184
2023-01-04,0.0516422226812642,0.001171604981664382,0.18368509028122187,0.0002031892586030332,0.26167050450073265,0.0007867758711575833
2023-01-05,0.05177256313016917,0.0011743981209630064,0.1864836640310309,0.00020160477400104834,0.2632687447346251,0.0007848307904815722
2023-01-06,0.05229001506475334,0.0011931038596909862,0.19079964129667434,0.00020585873973279537,0.2642915664561144,0.0007977726188481759
2023-01-07,0.052260256075254766,0.0011978343155574721,0.19028047341781787,0.000206257863581049,0.26408915649923415,0.0008069396812588259
2023-01-08,0.052260256075254766,0.0011978343155574721,0.19028047341781787,0.000206257863581049,0.26408915649923415,0.0008069396812588259
2023-01-09,0.052260256075254766,0.0011978343155574721,0.19028047341781787,0.000206257863581049,0.26408915649923415,0.0008069396812588259
2023-01-10,0.05246039240373518,0.001210800339024095,0.19195331695331697,0.0002090834201029527,0.2645712622694923,0.0008059446477215945
2023-01-11,0.052879276611495954,0.0012149192078726764,0.19316579420116287,0.00021141872535650484,0.26520978093672093,0.0008053280503813228
2023-01-12,0.05315162564247027,0.0012235109871286643,0.1957560097094981,0.00021360492487514793,0.2651746174856143,0.0008070308527895022
2023-01-13,0.053330489040584496,0.0012255953329329723,0.19629011679261948,0.00021348317005428878,0.2635254433815585,0.0008082571550964655
2023-01-14,0.05329212075994564,0.001217878455730118,0.1941747572815534,0.00021348317005428878,0.2635254433815585,0.0008054188580771431
2023-01-15,0.05329212075994564,0.001217878455730118,0.1941747572815534,0.00021348317005428878,0.2635254433815585,0.0008054188580771431
2023-01-16,0.05329212075994564,0.001217878455730118,0.1941747572815534,0.00021348317005428878,0.2635254433815585,0.0008054188580771431
2023-01-17,0.053625053625053626,0.0012279581511862076,0.19580200501253134,0.0002116469305903891,0.2620682425703653,0.0008084858676670331
2023-01-18,0.052966382237194055,0.0012147568664131873,0.19281568748433373,0.00021324689725764492,0.2613627453542772,0.0008079698142477396
2023-01-19,0.05267316302343956,0.0012158941685715674,0.19347224640625302,0.00021438616951943197,0.2599563273370074,0.0008115565654926148
2023-01-20,0.05300681137526172,0.0012281240405280934,0.19255208533908424,0.00021783407578447497,0.26023368985348844,0.000813444612556331
2023-01-21,0.05319148936170213,0.0012299669138900165,0.19264110961279138,0.00021946910423685105,0.25896672277612326,0.0008130411805357941
2023-01-22,0.05319148936170213,0.0012299669138900165,0.19264110961279138,0.00021946910423685105,0.25896672277612326,0.0008130411805357941
2023-01-23,0.05319148936170213,0.0012299669138900165,0.19264110961279138,0.00021946910423685105,0.25896672277612326,0.0008130411805357941
2023-01-24,0.05324813631522896,0.0012481278082875685,0.1941672168071143,0.00022196572849152093,0.25734064180756067,0.0008113326950849465
2023-01-25,0.053270828894097594,0.0012450974288738094,0.19710647691883154,0.0002208944014313957,0.2576854691163965,0.0008111550036096397
2023-01-26,0.05323963158174945,0.0012468361532611,0.1972425491627054,0.00022098714959725095,0.26202017555351764,0.0008118003295909339
2023-01-27,0.05339028296849973,0.001241110545716307,0.19592476489028213,0.0002189932878557272,0.2616431187859759,0.000812281699293315
2023-01-28,0.05330206278982997,0.0012394645513138325,0.19559902200489,0.0002149566862277251,0.2607765926930399,0.0008120574287013578
2023-01-29,0.05330206278982997,0.0012394645513138325,0.19559902200489,0.0002149566862277251,0.2607765926930399,0.0008120574287013578
2023-01-30,0.05330206278982997,0.0012394645513138325,0.19559902200489,0.0002149566862277251,0.2607765926930399,0.0008120574287013578
2023-01-31,0.05311097538306291,0.0012571026298587016,0.19690853598503494,0.0002154480565508059,0.26127397188692064,0.000810845874416191
2023-02-01,0.053798149343662574,0.0012721027859051012,0.1978356776861139,0.0002173913043478261,0.26062027625749284,0.0008184779583885806
2023-02-02,0.053571906892025824,0.0012827913539862742,0.1986807597552253,0.00021805732727133966,0.2620682425703653,0.0008164731625271477
2023-02-03,0.05277601857715854,0.0012568340350656696,0.19488618646710323,0.00021299481357628941,0.26214381209531545,0.0008016417623292503
2023-02-04,0.05219751539826704,0.0012448804292347721,0.1943105860407275,0.00020906506104699784,0.26094671468086217,0.0007935059473270752
2023-02-05,0.05219751539826704,0.0012448804292347721,0.1943105860407275,0.00020906506104699784,0.26094671468086217,0.0007935059473270752
2023-02-06,0.05219751539826704,0.0012448804292347721,0.1943105860407275,0.00020906506104699784,0.26094671468086217,0.0007935059473270752
2023-02-07,0.0529355403924641,0.0012611294675511388,0.19234838138837063,0.0002115949818134113,0.2621231979030144,0.0007964446709887064
2023-02-08,0.05282341133590407,0.0012484394506866417,0.1924335142208367,0.000209819555182543,0.2602675550465879,0.000793367448133603
2023-02-09,0.053324801365114916,0.0012492192379762648,0.1889966169605564,0.00021087259078065034,0.2603420895056104,0.0007908764492810933
2023-02-10,0.05362217813287575,0.0012529915172474282,0.19131432944327528,0.00020960186126452803,0.26184865147944486,0.0007889982089740655
2023-02-11,0.053863348684387705,0.001257071024512885,0.1938134739127064,0.00020888775625305496,0.2603353118817036,0.0007856261833494387
2023-02-12,0.053863348684387705,0.001257071024512885,0.1938134739127064,0.00020888775625305496,0.2603353118817036,0.0007856261833494387
2023-02-13,0.053863348684387705,0.001257071024512885,0.1938134739127064,0.00020888775625305496,0.2603353118817036,0.0007856261833494387
2023-02-14,0.054010261949770454,0.0012743723716069834,0.19211926764135176,0.00021057286347508399,0.2611716158687874,0.0007860399308284861
2023-02-15,0.05384159801862919,0.0012629770895955948,0.19160758766047134,0.0002042733995179148,0.2606066923798603,0.0007791074545001246
2023-02-16,0.05402193290475933,0.0012644942655185057,0.19197174175961298,0.0002029925156659474,0.2609330967539923,0.0007755003916276978
2023-02-17,0.0544959128065395,0.0012693254804396943,0.1938247436667765,0.00020410662530105729,0.2606066923798603,0.0007727437813444197
2023-02-18,0.0544425087108014,0.001252740369558409,0.19292356368406838,0.00020350475895878823,0.2615541547877488,0.0007715930309717443
2023-02-19,0.0544425087108014,0.001252740369558409,0.19292356368406838,0.00020350475895878823,0.2615541547877488,0.0007715930309717443
2023-02-20,0.0544425087108014,0.001252740369558409,0.19292356368406838,0.00020350475895878823,0.2615541547877488,0.0007715930309717443
2023-02-21,0.054144489985976575,0.00124512843499807,0.19277851676209204,0.00020188235104110728,0.26185550813061353,0.0007658551155292441
2023-02-22,0.054531573781219325,0.001248626510838078,0.19372336303758234,0.0002043606474962755,0.2639009843506716,0.0007676776981951896
2023-02-23,0.05440785214122102,0.0012385434728758979,0.19465477974811674,0.00020595837581224833,0.26410310585252483,0.0007706178814173203
2023-02-24,0.05435964340073929,0.0012106537530266344,0.19213772432079315,0.00020672475632319348,0.26186922251027833,0.0007607860441408062
2023-02-25,0.05446964270637867,0.0012009126936471718,0.1928268414963363,0.00021016306552253895,0.2636018557570645,0.0007590824211692905
2023-02-26,0.05446964270637867,0.0012009126936471718,0.1928268414963363,0.00021016306552253895,0.2636018557570645,0.0007590824211692905
2023-02-27,0.05446964270637867,0.0012009126936471718,0.1928268414963363,0.00021016306552253895,0.2636018557570645,0.0007590824211692905
2023-02-28,0.054641822851210324,0.0012085030273000833,0.1914901765539428,0.00020590409399110082,0.2647603918453799,0.0007558578987150416
2023-03-01,0.055240378507073536,0.0012339128610737511,0.19247055200554317,0.00020713540026844746,0.26670934016109243,0.0007660545890500156
2023-03-02,0.055205918074417576,0.0012314512653161752,0.19241870309794112,0.00020782027702442925,0.2652871733651678,0.0007628055989930966
2023-03-03,0.05573204034999721,0.0012461059190031153,0.19231139060366545,0.00020901044007148157,0.2653857381704307,0.0007720219254226821
2023-03-04,0.05558334722917014,0.0012558869701726845,0.19336001701568148,0.0002127451355824749,0.2662477701749248,0.0007711051478979674
2023-03-05,0.05558334722917014,0.0012558869701726845,0.19336001701568148,0.0002127451355824749,0.2662477701749248,0.0007711051478979674
2023-03-06,0.05558334722917014,0.0012558869701726845,0.19336001701568148,0.0002127451355824749,0.2662477701749248,0.0007711051478979674
2023-03-07,0.05526107542473663,0.001242112585084712,0.19238908769094618,0.00020995391511563212,0.265357569324665,0.000758782912208817
2023-03-08,0.05563885929210679,0.0012428072530231286,0.19435212718403203,0.00020947584952930778,0.2642915664561144,0.0007596706068248808
2023-03-09,0.05451373746184038,0.001256281407035176,0.1936295866008326,0.0002108383565571783,0.2654561864564254,0.0007544379814257368
2023-03-10,0.054058144940698216,0.0012495314257153568,0.19169574052064564,0.0002122151012266033,0.2645082791091361,0.0007574495159897593
2023-03-11,0.052950676444891584,0.0012416190712689348,0.19041090673673788,0.0002097337430132447,0.2643684238354571,0.0007717478545409644
2023-03-12,0.052950676444891584,0.0012416190712689348,0.19041090673673788,0.0002097337430132447,0.2643684238354571,0.0007717478545409644
2023-03-13,0.052950676444891584,0.0012416190712689348,0.19041090673673788,0.0002097337430132447,0.2643684238354571,0.0007717478545409644
2023-03-14,0.05381748982311267,0.0012465719272001994,0.19047981866321262,0.00021120885387515448,0.26426362939668613,0.0007673478157444424
2023-03-15,0.05272334531734972,0.0012181009805712893,0.18885741265344666,0.00020542528168941753,0.2638731297991926,0.0007616900378559949
2023-03-16,0.05336370083668947,0.0012146240738491437,0.19074868860276586,0.00020706291606704697,0.26516758591429784,0.0007692011845698242
2023-03-17,0.05297451925623775,0.0012097603464753632,0.18947288642995186,0.00020637918046827435,0.2646272724867025,0.0007643214736118011
2023-03-18,0.05318130570741773,0.0012109762890842597,0.19065776930409914,0.00020773048216322213,0.2658584569575158,0.0007680491551459293
2023-03-19,0.05318130570741773,0.0012109762890842597,0.19065776930409914,0.00020773048216322213,0.2658584569575158,0.0007680491551459293
2023-03-20,0.05318130570741773,0.0012109762890842597,0.19065776930409914,0.00020773048216322213,0.2658584569575158,0.0007680491551459293
2023-03-21,0.053772981227852255,0.0012158793847650313,0.19104021396503965,0.00020806458324663975,0.26604235394274767,0.0007677189534455226
2023-03-22,0.053754770735902804,0.001233943312644217,0.19176190841451252,0.00020962383003699862,0.2663825253063399,0.0007716347081291716
2023-03-23,0.05389963887241955,0.0012391266635275457,0.18905021173623715,0.00021035139200033658,0.2664748048072055,0.0007790771052611078
2023-03-24,0.05426937145213984,0.0012342326775443707,0.19036740909956215,0.0002113070396940274,0.265717170643567,0.0007719563690260226
2023-03-25,0.054562815441276766,0.0012414803411587977,0.19237058269049498,0.00021415798434505135,0.26634705020641897,0.000770968413424102
2023-03-26,0.054562815441276766,0.0012414803411587977,0.19237058269049498,0.00021415798434505135,0.26634705020641897,0.000770968413424102
2023-03-27,0.054562815441276766,0.0012414803411587977,0.19237058269049498,0.00021415798434505135,0.26634705020641897,0.000770968413424102
2023-03-28,0.054914912089462975,0.001254831099733976,0.1934385639121015,0.000214309441402441,0.2667449118408066,0.0007715334999845694
2023-03-29,0.05530667551573475,0.0012608750472828142,0.194738174524352,0.00021661666431998613,0.26766595289079226,0.0007658433850277618
2023-03-30,0.0552883286338254,0.0012668651422056121,0.19618999038669047,0.00021535711593750336,0.2669870511280203,0.0007717002099024571
2023-03-31,0.05553087516659263,0.0012557765722322684,0.19749185346104473,0.0002145821441906176,0.265893802015475,0.0007656440214686585
2023-04-01,0.05537558490461556,0.001233882411006231,0.19693568080664856,0.00021739886604751468,0.266318676928813,0.0007645902942908042
2023-04-02,0.05537558490461556,0.001233882411006231,0.19693568080664856,0.00021739886604751468,0.266318676928813,0.0007645902942908042
2023-04-03,0.05537558490461556,0.001233882411006231,0.19693568080664856,0.00021739886604751468,0.266318676928813,0.0007645902942908042
2023-04-04,0.05517119622187649,0.0012385127938371605,0.19660270525322426,0.00021756867011150395,0.2661414808111992,0.0007628288745985612
2023-04-05,0.05469262743382192,0.0012348728081007657,0.1986491855383393,0.00021829533175433044,0.2664464043057739,0.0007607165950325207
2023-04-06,0.05487492358666891,0.0012218665233009946,0.19782785020475183,0.00021889405965300914,0.26694428872694265,0.0007590708972218005
2023-04-07,0.05520896593606802,0.0012218665233009946,0.19782785020475183,0.0002190604497311033,0.2669514148424987,0.0007597167775853162
2023-04-08,0.05506971826332137,0.0012212994626282364,0.1970093973482535,0.00021955294629076274,0.26557603441865407,0.0007574954171527262
2023-04-09,0.05506971826332137,0.0012212994626282364,0.1970093973482535,0.00021955294629076274,0.26557603441865407,0.0007574954171527262
2023-04-10,0.05506971826332137,0.0012212994626282364,0.1970093973482535,0.00021955294629076274,0.26557603441865407,0.0007574954171527262
2023-04-11,0.05502602180571192,0.0012410643367752184,0.1998041918919459,0.0002220519823690726,0.2647744122008049,0.0007564868749527196
2023-04-12,0.05533844439205738,0.0012441060475994975,0.20257677659833076,0.00022434351478984623,0.26599281819390874,0.000757002271006813
2023-04-13,0.05554821084767681,0.0012575136440230376,0.2029509061757961,0.00022650569661826996,0.26594330088825063,0.000768031458568543
2023-04-14,0.055561729081008995,0.0012549098347283748,0.20331401850157568,0.00022668129516624809,0.2660352762776344,0.0007668829276522646
2023-04-15,0.05549389567147614,0.0012490944065552474,0.2029261957426084,0.00022558341510732133,0.26523088348407287,0.0007586850470764072
2023-04-16,0.05549389567147614,0.0012490944065552474,0.2029261957426084,0.00022558341510732133,0.26523088348407287,0.0007586850470764072
2023-04-17,0.05549389567147614,0.0012490944065552474,0.2029261957426084,0.00022558341510732133,0.26523088348407287,0.0007586850470764072
2023-04-18,0.05546619335515004,0.001258970162407151,0.20045704205588744,0.00022273947277566794,0.2658301876761125,0.0007596532942365104
2023-04-19,0.05543596785379096,0.0012595410232511272,0.19689690478065683,0.0002206799148175529,0.2659079426702476,0.0007533807963235017
2023-04-20,0.05558334722917014,0.0012603188606717499,0.19820819789106475,0.00022104234729289436,0.26683744262994985,0.000756864763404075
2023-04-21,0.05566069241901369,0.0012463233461289197,0.19807471378203856,0.00022141283530206248,0.26702269692923897,0.000751597143930853
2023-04-22,0.055601890464275786,0.0012285616000786278,0.19834186203340076,0.00022434351478984623,0.2676516246453616,0.0007506774864315044
2023-04-23,0.055601890464275786,0.0012285616000786278,0.19834186203340076,0.00022434351478984623,0.2676516246453616,0.0007506774864315044
2023-04-24,0.055601890464275786,0.0012285616000786278,0.19834186203340076,0.00022434351478984623,0.2676516246453616,0.0007506774864315044
2023-04-25,0.055339730606191406,0.0012316636080353734,0.19791398658143172,0.00022183622718691698,0.267379679144385,0.0007460403906267485
2023-04-26,0.05514199062586159,0.0012430698853889565,0.19767924565599856,0.00021558925934309954,0.26917175849909825,0.0007477362285680104
2023-04-27,0.0555000863026342,0.0012457644010364758,0.20091617777063409,0.00021512315800795956,0.26981814257190656,0.0007475852994826709
2023-04-28,0.0555926173004225,0.0012401408800039684,0.20055352773655288,0.0002130429132340127,0.26987639661035245,0.0007475182394450424
2023-04-29,0.05576933801795773,0.001240525486596122,0.20044498787307824,0.00021245179999787548,0.2700075602116859,0.000745273105329448
2023-04-30,0.05576933801795773,0.001240525486596122,0.20044498787307824,0.00021245179999787548,0.2700075602116859,0.000745273105329448
2023-05-01,0.05576933801795773,0.001240525486596122,0.20044498787307824,0.00021245179999787548,0.2700075602116859,0.000745273105329448
2023-05-02,0.05563282336578581,0.0012361397826866263,0.1982317725885105,0.00021333560891316174,0.27049690281046285,0.0007451731409793065
2023-05-03,0.05568406199640727,0.0012461059190031153,0.20038473869830073,0.00021582097218715132,0.2706359945872801,0.0007502213152880099
2023-05-04,0.0558659217877095,0.00125250501002004,0.2003526206122776,0.0002174447201160285,0.2700658960786432,0.0007571570267957872
2023-05-05,0.05636025474835147,0.0012617818883827743,0.20190599256985947,0.000221030621582314,0.27085590465872156,0.0007590420888838286
2023-05-06,0.05620099273433566,0.0012543116964565694,0.19987607683236394,0.0002216081214944365,0.2712379299121189,0.0007573118458718931
2023-05-07,0.05620099273433566,0.0012543116964565694,0.19987607683236394,0.0002216081214944365,0.2712379299121189,0.0007573118458718931
2023-05-08,0.05620099273433566,0.0012543116964565694,0.19987607683236394,0.0002216081214944365,0.2712379299121189,0.0007573118458718931
2023-05-09,0.056309476884959735,0.0012685525815045035,0.20015211560786197,0.00021898753303974404,0.27188689505165853,0.0007553782934493594
2023-05-10,0.056978953114298646,0.0012691482745929208,0.2018122742225182,0.0002199024952336134,0.27359032584607806,0.000759965041608086
2023-05-11,0.05689634964399954,0.0012619888944977284,0.20246603632240692,0.00021758003137504052,0.27434842249657065,0.0007522643155899257
2023-05-12,0.05693139766581269,0.0012740476493820869,0.20303744010395516,0.00021950186247330307,0.2737925747453729,0.000744939995083396
2023-05-13,0.05738192664409262,0.001272863816300294,0.20444880601897283,0.00022244615134791245,0.274830978947947,0.0007494903465643363
2023-05-14,0.05738192664409262,0.001272863816300294,0.20444880601897283,0.00022244615134791245,0.274830978947947,0.0007494903465643363
2023-05-15,0.05738192664409262,0.001272863816300294,0.20444880601897283,0.00022244615134791245,0.274830978947947,0.0007494903465643363
2023-05-16,0.05716670382502415,0.0012524579487243716,0.20240046956908941,0.00022039684656191937,0.2725538293813028,0.0007454786718551982
2023-05-17,0.056839173558416466,0.0012644782762632138,0.2026917463920869,0.00022254515997658823,0.27170959678295836,0.0007504972043979136
2023-05-18,0.05645896167452764,0.0012565971349585323,0.20138147693175182,0.00022063025237894568,0.2716431695325021,0.0007500975126766479
2023-05-19,0.056274620146314014,0.0012533841371703599,0.19997600287965442,0.00022029003385857818,0.2715325295970457,0.0007546144674685703
2023-05-20,0.05598916049852748,0.0012572290671360323,0.201332823290181,0.00022095736406702962,0.27189428750101957,0.0007618699335649418
2023-05-21,0.05598916049852748,0.0012572290671360323,0.201332823290181,0.00022095736406702962,0.27189428750101957,0.0007618699335649418
2023-05-22,0.05598916049852748,0.0012572290671360323,0.201332823290181,0.00022095736406702962,0.27189428750101957,0.0007618699335649418
2023-05-23,0.055676311288483465,0.0012466496291217355,0.20092425155716293,0.00022384534972478214,0.2732464409651064,0.0007586850470764072
2023-05-24,0.056211354693648116,0.001240079365079365,0.20189376350164542,0.00022504934206824846,0.2730971952918043,0.0007593764001002377
2023-05-25,0.05603427504535975,0.0012351778656126482,0.19882296802926672,0.00022259469734911972,0.27154727638081794,0.0007521850977088442
2023-05-26,0.05679236710586097,0.0012536041118214867,0.2002442980436132,0.00022550609204707663,0.27216809101300965,0.0007560636303151273
2023-05-27,0.05689363053048759,0.0012426219322771047,0.19947736929245377,0.0002253536361935968,0.27344818156959255,0.0007562523160227179
2023-05-28,0.05689363053048759,0.0012426219322771047,0.19947736929245377,0.0002253536361935968,0.27344818156959255,0.0007562523160227179
2023-05-29,0.05689363053048759,0.0012426219322771047,0.19947736929245377,0.0002253536361935968,0.27344818156959255,0.0007562523160227179
2023-05-30,0.05666454363509847,0.0012439358129120537,0.1983379281620024,0.0002275587272185269,0.2733584823137062,0.0007580926389204761
2023-05-31,0.05658406524821732,0.0012377769525931427,0.19780828421094276,0.0002248469354486933,0.2735304576164556,0.0007578226240366181
2023-06-01,0.05698194014389079,0.0012436882819690073,0.1997084256984802,0.0002278698498565559,0.27268760907504364,0.0007624624487244003
2023-06-02,0.057015793374764805,0.0012526619065514218,0.20171050508310473,0.00022996594204398326,0.27140724657348353,0.0007657554177195803
2023-06-03,0.057263011301427906,0.001252960118279435,0.20311579631547944,0.00023353736714643025,0.27282152016151034,0.0007694497664719959
2023-06-04,0.057263011301427906,0.001252960118279435,0.20311579631547944,0.00023353736714643025,0.27282152016151034,0.0007694497664719959
2023-06-05,0.057263011301427906,0.001252960118279435,0.20311579631547944,0.00023353736714643025,0.27282152016151034,0.0007694497664719959
2023-06-06,0.05753706825622407,0.0012567866478986529,0.2035416242621616,0.00023710897765722103,0.2733136547501913,0.0007700837851158206
2023-06-07,0.05761407442701363,0.0012655024044545683,0.20331401850157568,0.00023688430807278032,0.27407021678954147,0.0007648008076296529
2023-06-08,0.057582126507931944,0.001272264631043257,0.20361622414073954,0.00023978170273782748,0.27496700395952484,0.0007719146571155093
2023-06-09,0.05794347035032622,0.0012698412698412698,0.20495583201820006,0.00023937933725436686,0.27422804804475404,0.0007768197001475958
2023-06-10,0.057911592163403344,0.0012406947890818859,0.20546537908362442,0.00023963747642566325,0.2761820592134335,0.0007802929219629049
2023-06-11,0.057911592163403344,0.0012406947890818859,0.20546537908362442,0.00023963747642566325,0.2761820592134335,0.0007802929219629049
2023-06-12,0.057911592163403344,0.0012406947890818859,0.20546537908362442,0.00023963747642566325,0.2761820592134335,0.0007802929219629049
2023-06-13,0.058035913784167927,0.0012449424214130097,0.2056597564988483,0.00023917723032767282,0.27477811667078833,0.0007894840721588441
2023-06-14,0.05846315564236684,0.00124750499001996,0.20764981934465715,0.00023955136819763943,0.27548209366391185,0.0007867944420840611
2023-06-15,0.05840258419754557,0.0012613839905143923,0.20843320757863143,0.00024105272546264044,0.27596103430195656,0.0007882146150753927
2023-06-16,0.058619602160484056,0.0012599218848431397,0.20747318409095625,0.00024006894780180866,0.2777160630970895,0.0007836192237467969
2023-06-17,0.058569955955393126,0.0012585740356176453,0.20932763962153564,0.00023943665344178217,0.2769776202082872,0.0007807803118436566
2023-06-18,0.058569955955393126,0.0012585740356176453,0.20932763962153564,0.00023943665344178217,0.2769776202082872,0.0007807803118436566
2023-06-19,0.058569955955393126,0.0012585740356176453,0.20932763962153564,0.00023943665344178217,0.2769776202082872,0.0007807803118436566
2023-06-20,0.058133721511569765,0.0012450509225827337,0.2087334056942473,0.0002410701586482714,0.27643400138217,0.000776861943863956
2023-06-21,0.05842486562280907,0.0012446325222478063,0.20986799303238263,0.00024140186893326928,0.27578599007170435,0.0007763975155279503
2023-06-22,0.058225892006109066,0.0012442453651860146,0.20941969801679544,0.00024405303760613255,0.2768779245230778,0.0007714680265076413
2023-06-23,0.05835837880423682,0.001241541995157986,0.20913064391325262,0.00023886472374100374,0.2766481312418735,0.0007642981068335893
2023-06-24,0.05839716143077717,0.0012430853378084404,0.20990323460884533,0.00024037537017807008,0.27548968291137493,0.0007673124880107424
2023-06-25,0.05839716143077717,0.0012430853378084404,0.20990323460884533,0.00024037537017807008,0.27548968291137493,0.0007673124880107424
2023-06-26,0.05839716143077717,0.0012430853378084404,0.20990323460884533,0.00024037537017807008,0.27548968291137493,0.0007673124880107424
2023-06-27,0.058568583811643427,0.0012548153539206706,0.2078310749023194,0.00023983863656531885,0.276441643169127,0.0007708970929470625
2023-06-28,0.05859603890776984,0.0012502344189535537,0.2062195826115648,0.00024116899434941045,0.27694693696687717,0.0007642396961382969
2023-06-29,0.058500058500058495,0.00124587304553666,0.2056386107055461,0.0002390245884594148,0.27654102486103815,0.0007569850798240767
2023-06-30,0.058570299001376405,0.0012485485622963305,0.20871597929537486,0.00023966619292649198,0.2770083102493075,0.0007599765927209443
2023-07-02,0.058653296843162256,0.001252944419385556,0.20834201425059376,0.00023969319271332693,0.277246388865785,0.0007670829370071492
2023-07-03,0.058653296843162256,0.001252944419385556,0.20834201425059376,0.00023969319271332693,0.277246388865785,0.0007670829370071492
2023-07-04,0.058668231152830735,0.0012528188423953895,0.2067781890366204,0.00024169943708201105,0.27684726336480164,0.0007725706515860875
2023-07-05,0.05879482370372113,0.001255997387525434,0.2063983488132095,0.00024237606100120705,0.2764492853785973,0.0007676718049499478
2023-07-06,0.05804504295333178,0.0012471315973261498,0.20309929524544548,0.00023660406911678064,0.2753152359451572,0.0007644850810736429
2023-07-07,0.05836348780203105,0.0012391266635275457,0.20525451559934318,0.00024084952444261397,0.2757555702625193,0.0007704872561407833
2023-07-08,0.05865446653762684,0.0012302090125112257,0.20488444517292248,0.00024078167362525703,0.27510316368638243,0.0007690059828665466
2023-07-09,0.05865446653762684,0.0012302090125112257,0.20488444517292248,0.00024078167362525703,0.27510316368638243,0.0007690059828665466
2023-07-10,0.05865446653762684,0.0012302090125112257,0.20488444517292248,0.00024078167362525703,0.27510316368638243,0.0007690059828665466
2023-07-11,0.05870556575727832,0.0012275662271979573,0.2057443831783392,0.000239712153645902,0.277284826974268,0.000774437371249787
2023-07-12,0.05923468783319511,0.0012333193557139686,0.20752485110091934,0.00024188242579047177,0.28027691359062756,0.0007856879090487677
2023-07-13,0.05938594928439932,0.0012336236460980484,0.20850274181105483,0.00024417221954989293,0.2809935933460717,0.0007898145515432977
2023-07-14,0.05975857535556352,0.0012289541600098315,0.20879442101307055,0.0002465197573259509,0.282326369282891,0.0007884569896712135
2023-07-15,0.059808254735318575,0.0012229723119068585,0.20801697418509352,0.00024934733335494344,0.28223075186272295,0.0007916465456502981
2023-07-16,0.059808254735318575,0.0012229723119068585,0.20801697418509352,0.00024934733335494344,0.28223075186272295,0.0007916465456502981
2023-07-17,0.059808254735318575,0.0012229723119068585,0.20801697418509352,0.00024934733335494344,0.28223075186272295,0.0007916465456502981
2023-07-18,0.059705057018329455,0.0012269185939512914,0.20793479164933878,0.00025040879235351714,0.28100938571348283,0.0007911830560236721
2023-07-19,0.059840823409730126,0.0012408487405385284,0.20907817432938178,0.0002517325492703532,0.2803161966698436,0.0007900891220529676
2023-07-20,0.059255747807537326,0.0012251899044351873,0.20830729492146813,0.00025138450013449074,0.28020623178659493,0.0007832693663350826
2023-07-21,0.05893099180859213,0.0012165450121654502,0.20952061682869594,0.00025207139670240197,0.27990035547345143,0.000777502196443705
2023-07-23,0.05944243000653866,0.001208356996991191,0.21130480718436345,0.0002531235445396189,0.2795951462282615,0.0007816774798718049
2023-07-24,0.05944243000653866,0.001208356996991191,0.21130480718436345,0.0002531235445396189,0.2795951462282615,0.0007816774798718049
2023-07-25,0.05911563017261764,0.0012073940813542132,0.21051302023030125,0.00025189107222472714,0.27861361863367884,0.0007841353731308173
2023-07-26,0.059407116972613326,0.0012148011370538643,0.21154619111082903,0.00025375300697313264,0.27902564245654177,0.0007865469017917537
2023-07-27,0.059322290291254645,0.0012055745768433236,0.21066380163896437,0.0002529359540870656,0.2792204165968616,0.0007801772562726251
2023-07-28,0.06000636067423147,0.0012066656208897953,0.21145672538115076,0.00025556166063967086,0.27898672023211696,0.0007856632176051414
2023-07-30,0.05973951183260511,0.001192676963444451,0.21142096027400156,0.0002549492013716267,0.2787844995818232,0.0007831957519462415
2023-07-31,0.05973951183260511,0.001192676963444451,0.21142096027400156,0.0002549492013716267,0.2787844995818232,0.0007831957519462415
2023-08-01,0.05930990552525149,0.001190547056372403,0.20865936358894102,0.0002492230471505083,0.275512453162883,0.0007765603037903909
2023-08-02,0.05872056118065909,0.0011792035659115834,0.2080862309340991,0.0002460962974812044,0.2754745048345775,0.0007698466465480077
2023-08-03,0.05774672287347693,0.001175917215428034,0.20333468889792597,0.00023980987872814432,0.2713262426741915,0.0007706475751574048
2023-08-04,0.05865742538482204,0.0011743291644647996,0.20555829633284,0.0002478947538033253,0.2725464010247745,0.0007668358817845805
2023-08-06,0.058581278594986616,0.0011650937900500992,0.20414412575278146,0.0002486652890609653,0.27188689505165853,0.0007653978920942052
2023-08-07,0.058581278594986616,0.0011650937900500992,0.20414412575278146,0.0002486652890609653,0.27188689505165853,0.0007653978920942052
2023-08-08,0.058449521239971526,0.0011611300117274131,0.2040566461249643,0.0002452501183331821,0.2713188810809344,0.000759612901265515
2023-08-09,0.05865102639296187,0.0011617100371747212,0.2039151712887439,0.0002485151221451825,0.27178344295265533,0.000761579821181058
2023-08-10,0.058469274396304734,0.001182522320108792,0.20439448134900357,0.00025329216491346273,0.2741002658772579,0.0007596475235490731
2023-08-11,0.05873715124816447,0.001163873370577281,0.20411495754408882,0.00025247870973280176,0.27205702315205266,0.0007517214421024146
2023-08-12,0.05864758665180928,0.0011680878402055834,0.20161290322580647,0.00024737351173911,0.27079722703639514,0.0007488841625977295
2023-08-13,0.05864758665180928,0.0011680878402055834,0.20161290322580647,0.00024737351173911,0.27079722703639514,0.0007488841625977295
2023-08-14,0.05864758665180928,0.0011680878402055834,0.20161290322580647,0.00024737351173911,0.27079722703639514,0.0007488841625977295
2023-08-15,0.0584180394905947,0.001163873370577281,0.20035663480996171,0.0002442378192493595,0.2708705780378135,0.0007482565622100505
2023-08-16,0.05837711617046118,0.001150046576886364,0.2007911170009839,0.00024195675265003131,0.26962899050905953,0.0007457065942834132
2023-08-17,0.058452186111760576,0.0011541613286705217,0.20046106043900971,0.00024339961104742153,0.27013155406683054,0.0007470993866314036
2023-08-18,0.05870956378794105,0.0011530035743110803,0.20123558650111686,0.00024292658515669979,0.2700804839842273,0.0007467423365567711
2023-08-19,0.0587820362097343,0.0011497556769186547,0.20087985375946646,0.00024358459083878353,0.26948366928964107,0.0007465026351543021
2023-08-20,0.0587820362097343,0.0011497556769186547,0.20087985375946646,0.00024358459083878353,0.26948366928964107,0.0007465026351543021
2023-08-21,0.0587820362097343,0.0011497556769186547,0.20087985375946646,0.00024358459083878353,0.26948366928964107,0.0007465026351543021
2023-08-22,0.05914010290377906,0.001150483202945237,0.20248243464879423,0.00024301631854579036,0.2697162584960622,0.000746491489997014
2023-08-23,0.05957345406886691,0.001169344465492645,0.2058714538642072,0.0002455011906807748,0.2705042198658299,0.000753534074810863
2023-08-24,0.059453032104637336,0.0011839784042339068,0.2052460900619843,0.00024375559114387185,0.2720496218510256,0.0007531027834678877
2023-08-25,0.05980503558399617,0.0011838802860254772,0.2052924390794687,0.00024274378151117716,0.27187211135881684,0.0007555666371995678
2023-08-26,0.059587653438207606,0.001175530164104011,0.20520818370236604,0.0002429295358588288,0.27175389966846025,0.0007557836342611836
2023-08-27,0.059587653438207606,0.001175530164104011,0.20520818370236604,0.0002429295358588288,0.27175389966846025,0.0007557836342611836
2023-08-28,0.059587653438207606,0.001175530164104011,0.20520818370236604,0.0002429295358588288,0.27175389966846025,0.0007557836342611836
2023-08-29,0.05955465032487062,0.0011655962607671955,0.20585026451758992,0.00024426705228291985,0.2723979188798998,0.0007586620236550819
2023-08-30,0.0597442944198829,0.0011768721093078816,0.20443626699376471,0.00024417341195717197,0.27174651485094703,0.0007568303943086354
2023-08-31,0.05887000208399808,0.001174494673666655,0.2018733850129199,0.0002447381302006853,0.2720718269623181,0.0007553212381225735
2023-09-01,0.058541154431565386,0.0011753919932297422,0.2026342451874367,0.00024709966765094703,0.27142934694099125,0.0007589960000910796
2023-09-03,0.05821765485314015,0.0011448196908986834,0.20253984971543154,0.00024698859159695416,0.27193865064041556,0.0007590478503764876
2023-09-04,0.05821765485314015,0.0011448196908986834,0.20253984971543154,0.00024698859159695416,0.27193865064041556,0.0007590478503764876
2023-09-05,0.05744745998928031,0.0011448196908986834,0.20091617777063409,0.0002445316607367739,0.27156939956005754,0.0007524907443638443
2023-09-06,0.05695094871737921,0.0011475786091347257,0.20090003214400515,0.00024543189878388494,0.2711790866688361,0.0007505253677574301
2023-09-07,0.05686904083538346,0.0011332086803784917,0.2009363634536942,0.000248722808378974,0.2704530087897228,0.0007502382006286996
2023-09-08,0.05689900426742532,0.0011178929952824915,0.20047311655506997,0.00024922428939924484,0.270175343798125,0.0007490973377080617
2023-09-09,0.05790387955993052,0.0011234061674998597,0.20273694880892043,0.00025072396545023756,0.2713998805840525,0.0007552756000664643
2023-09-10,0.05790387955993052,0.0011234061674998597,0.20273694880892043,0.00025072396545023756,0.2713998805840525,0.0007552756000664643
2023-09-11,0.05790387955993052,0.0011234061674998597,0.20273694880892043,0.00025072396545023756,0.2713998805840525,0.0007552756000664643
2023-09-12,0.05807352689239846,0.0011208877430925292,0.20214679900543775,0.000250934731876239,0.27156939956005754,0.0007552413751434959
2023-09-13,0.05834986579530867,0.0011346230215011062,0.20340913713844025,0.0002538425414715252,0.2712011498928755,0.0007544949033869275
2023-09-14,0.05850348095711695,0.0011258345248415388,0.2051997619682761,0.0002548445957655022,0.26986911347996223,0.0007532162333162604
2023-09-15,0.058683724069129424,0.0011316825856683718,0.2054484940625385,0.0002547757718432008,0.2696508022111366,0.0007527626388847069
2023-09-16,0.05837786591538245,0.0011316825856683718,0.20624084806236723,0.0002569142035017406,0.2706433191696663,0.0007567215794292806
2023-09-17,0.05837786591538245,0.0011316825856683718,0.20624084806236723,0.0002569142035017406,0.2706433191696663,0.0007567215794292806
2023-09-18,0.05837786591538245,0.0011316825856683718,0.20624084806236723,0.0002569142035017406,0.2706433191696663,0.0007567215794292806
2023-09-19,0.05858230814294083,0.0011316825856683718,0.20519134092541294,0.0002546174881475559,0.2713041590927589,0.0007539147020906054
2023-09-20,0.05854458169896376,0.0011333371111237037,0.20491383373291533,0.0002551371872655927,0.26986911347996223,0.0007508973223001486
2023-09-21,0.05805515239477503,0.001125315088224703,0.20258498440095618,0.000253327456136351,0.2683699210992432,0.0007468761903339282
2023-09-22,0.058149677269291156,0.0011207495573039249,0.20263835133437355,0.0002510664045533403,0.26784518548279096,0.0007496195680692049
2023-09-23,0.05752263803419835,0.0011098409597904621,0.2012072434607646,0.0002466486613143907,0.2659362284924075,0.0007479487505516122
2023-09-24,0.05752263803419835,0.0011098409597904621,0.2012072434607646,0.0002466486613143907,0.2659362284924075,0.0007479487505516122
2023-09-25,0.05752263803419835,0.0011098409597904621,0.2012072434607646,0.0002466486613143907,0.2659362284924075,0.0007479487505516122
2023-09-26,0.057020312345866964,0.0011064394777605666,0.2005293976096896,0.0002458536777251651,0.2652168147460549,0.0007399076595240914
2023-09-27,0.05661110098401415,0.0010975743606629349,0.19829073387400606,0.0002433113704269628,0.2639009843506716,0.0007386724578587363
2023-09-28,0.057028799543769604,0.0011038136762514486,0.19871629274884248,0.00024633818291102755,0.2651043185493492,0.000741916816286558
2023-09-29,0.0574481530418797,0.00112631638227178,0.19865707815169453,0.0002452681639470515,0.2651043185493492,0.0007394863527793595
2023-09-30,0.056612318840579705,0.0011015884906034501,0.19709093775868183,0.00024041582320782025,0.26450128283122176,0.0007374740040413575
2023-10-01,0.056612318840579705,0.0011015884906034501,0.19709093775868183,0.00024041582320782025,0.26450128283122176,0.0007374740040413575
2023-10-02,0.056612318840579705,0.0011015884906034501,0.19709093775868183,0.00024041582320782025,0.26450128283122176,0.0007374740040413575
2023-10-03,0.05539859287574096,0.0010898588632772056,0.1935396465966053,0.00023680913893828987,0.2646692957150041,0.0007358351729212656
2023-10-04,0.055743255484160835,0.0010843046896177825,0.19417098697112678,0.00023340164221395462,0.2639915522703274,0.0007400171683983068
2023-10-05,0.05476151360823613,0.0010945709281961471,0.19347598962968696,0.00023009875838709973,0.2627430373095113,0.0007435939382222156
2023-10-06,0.05508021331465013,0.0010866612333604998,0.1943030350134069,0.00023126948445406525,0.2624534145189229,0.0007437211343234741
2023-10-07,0.05496897551022203,0.001089573867660358,0.1947230065232207,0.00023177871622404657,0.261663657534605,0.0007425393360213257
2023-10-08,0.05496897551022203,0.001089573867660358,0.1947230065232207,0.00023177871622404657,0.261663657534605,0.0007425393360213257
2023-10-09,0.05496897551022203,0.001089573867660358,0.1947230065232207,0.00023177871622404657,0.261663657534605,0.0007425393360213257
2023-10-10,0.05579734404642339,0.0010759861412985002,0.19740218721623434,0.00023639264818864133,0.2627361341005229,0.0007454175456381892
2023-10-11,0.056129447978105027,0.001080905799059612,0.19776134161294148,0.0002372783227269923,0.2628880885407082,0.0007474456046461218
2023-10-12,0.05561450693290443,0.001066894270777766,0.19817677368212444,0.00023464869570522494,0.26153363322523276,0.0007415702007430534
2023-10-13,0.0553054520114593,0.0010643959552953698,0.19614765995841668,0.00023615762104258866,0.2598077422707197,0.0007395410408300608
2023-10-14,0.055962840673792605,0.0010584810796507012,0.19846782836502205,0.0002358512816158643,0.2600780234070221,0.0007425117688115357
2023-10-15,0.055962840673792605,0.0010584810796507012,0.19846782836502205,0.0002358512816158643,0.2600780234070221,0.0007425117688115357
2023-10-16,0.055962840673792605,0.0010584810796507012,0.19846782836502205,0.0002358512816158643,0.2600780234070221,0.0007425117688115357
2023-10-17,0.05555496914199239,0.001068398897412338,0.1984835854074868,0.00023824272168485256,0.2610420799832933,0.0007402582020608788
2023-10-18,0.054869624285734664,0.0010583466508620233,0.19765580218607315,0.0002354348245775122,0.2595043466978072,0.0007389890629618681
2023-10-19,0.054722556637846115,0.0010686615014694097,0.19798451761072283,0.00023444130293098517,0.25951108112316396,0.0007386670015290407
2023-10-20,0.05488172987212557,0.001059322033898305,0.19875973922722212,0.0002362134046382864,0.25835120262484823,0.0007412568751575171
2023-10-21,0.05510856387082552,0.0010710078183570739,0.19944951932665844,0.00023738534287938922,0.2598414966870209,0.0007447069950328043
2023-10-22,0.05510856387082552,0.0010710078183570739,0.19944951932665844,0.00023738534287938922,0.2598414966870209,0.0007447069950328043
2023-10-23,0.05510856387082552,0.0010710078183570739,0.19944951932665844,0.00023738534287938922,0.2598414966870209,0.0007447069950328043
2023-10-24,0.054809777187293775,0.0010787486515641855,0.2000200020002,0.00023739097819326475,0.259949569783462,0.0007449510939606816
2023-10-25,0.05461198186882202,0.0010843634786380394,0.19967652403106967,0.00023926535963976207,0.2591277759062994,0.0007399131341980452
2023-10-26,0.055132870217223504,0.0010718688032584811,0.20023226943254174,0.00024185259084587944,0.2595514950166113,0.0007392895427494177
2023-10-27,0.05525472427892585,0.0011022927689594356,0.19939384271813687,0.00024387507743033708,0.26039632320391637,0.0007380672969761383
2023-10-28,0.055433079246575756,0.0011032900108122422,0.19789048740427048,0.0002466723894661023,0.26272923125426934,0.0007436768872660206
2023-10-29,0.055433079246575756,0.0011032900108122422,0.19789048740427048,0.0002466723894661023,0.26272923125426934,0.0007436768872660206
2023-10-30,0.055433079246575756,0.0011032900108122422,0.19789048740427048,0.0002466723894661023,0.26272923125426934,0.0007436768872660206
2023-10-31,0.05537098560354375,0.0011185682326621924,0.19851510699964267,0.00024298620324337983,0.2615199539724881,0.00074020340789649
2023-11-01,0.05623980653506552,0.0011154489682097045,0.20186115989422476,0.0002451304829560775,0.26186236514088196,0.0007426772027805834
2023-11-02,0.05711348449368896,0.001126443255421008,0.20188153591472524,0.00024877168978170285,0.2663825253063399,0.0007499962500187499
2023-11-03,0.05738386939431325,0.0011439946003454864,0.20435688887072384,0.00025101535711954855,0.26761581074209867,0.0007644032685883765
2023-11-04,0.05702870197541721,0.0011344299489506524,0.2044613465824286,0.0002513851320777484,0.26611315131193786,0.0007702558019518283
2023-11-05,0.05702870197541721,0.0011344299489506524,0.2044613465824286,0.0002513851320777484,0.26611315131193786,0.0007702558019518283
2023-11-06,0.05702870197541721,0.0011344299489506524,0.2044613465824286,0.0002513851320777484,0.26611315131193786,0.0007702558019518283
2023-11-07,0.05724855433088175,0.0011315033153047138,0.20548226688036822,0.0002495115810800358,0.26575247814185865,0.0007665713562947007
2023-11-08,0.0570505330801811,0.0011121862244614239,0.20383619723190444,0.00024432195770298265,0.2643824027072758,0.0007647072318362915
2023-11-09,0.05615453728661276,0.0010921203516627532,0.20316944331572534,0.0002474965721724754,0.2635254433815585,0.0007592899120742282
2023-11-10,0.05674080798910577,0.0010969362570341038,0.2040275029073919,0.00024851882778639307,0.26221254949261874,0.0007595955913071881
2023-11-11,0.056827868386656814,0.0010840578453266267,0.20376974019358127,0.00024851882778639307,0.2623914355435438,0.0007578915457198075
2023-11-12,0.056827868386656814,0.0010840578453266267,0.20376974019358127,0.00024851882778639307,0.2623914355435438,0.0007578915457198075
2023-11-13,0.056827868386656814,0.0010840578453266267,0.20376974019358127,0.00024851882778639307,0.2623914355435438,0.0007578915457198075
2023-11-14,0.0576727876718649,0.00112391121101433,0.20567667626491157,0.0002525781918937555,0.2654702806020866,0.0007664832216822773
2023-11-15,0.0578368999421631,0.0011289867344058708,0.20567667626491157,0.00024771114898339345,0.2651113467656416,0.0007665243486459348
2023-11-16,0.05807922703518323,0.0011328620627152437,0.20562592531666393,0.00024483699976740483,0.26530828823092434,0.0007738081420092703
2023-11-17,0.05812601720530109,0.0011337225780851427,0.2041649652919559,0.0002458772531576786,0.26515352389033253,0.0007726004960095185
2023-11-18,0.05843558586934036,0.0011409924352201546,0.20606235446846216,0.00024877416530048185,0.2674869600106995,0.000776445741971551
2023-11-19,0.05843558586934036,0.0011409924352201546,0.20606235446846216,0.00024877416530048185,0.2674869600106995,0.000776445741971551
2023-11-20,0.05843558586934036,0.0011409924352201546,0.20606235446846216,0.00024877416530048185,0.2674869600106995,0.000776445741971551
2023-11-21,0.05818696402532762,0.0011520073728471863,0.20390269763268967,0.00024586758063841976,0.2672296304214211,0.0007724691977907381
2023-11-22,0.05816831467196851,0.0011476444597463705,0.20382788773159943,0.00024606541402966565,0.2671867902850883,0.0007687104114138121
2023-11-23,0.058203829812001624,0.0011449769859625822,0.2038071169445237,0.0002461374874777553,0.2677662935789643,0.0007691538538453847
2023-11-24,0.05847953216374269,0.0011534025374855825,0.20427757236533,0.00024774428825543427,0.2679241238881149,0.000767489159215626
2023-11-25,0.05827166249053085,0.0011487650775416428,0.20395260141543103,0.00025182763909070076,0.2688244307642679,0.0007705169398149219
2023-11-26,0.05827166249053085,0.0011487650775416428,0.20395260141543103,0.00025182763909070076,0.2688244307642679,0.0007705169398149219
2023-11-27,0.05827166249053085,0.0011487650775416428,0.20395260141543103,0.00025182763909070076,0.2688244307642679,0.0007705169398149219
2023-11-28,0.058373333660224,0.0011533626287441034,0.20520397274891242,0.000253327456136351,0.2681252681252681,0.000776855908766042
2023-11-29,0.057883769391062746,0.0011520206442099442,0.20391932951324454,0.0002501281906977326,0.26788823702751213,0.0007745033497269876
2023-11-30,0.057545610651001985,0.0011476444597463705,0.2029756226277224,0.0002478609599159256,0.26766595289079226,0.0007695208193857685
2023-12-01,0.05825468950250495,0.001172841678101873,0.20527558246946526,0.00025217691723805754,0.2677161138328916,0.0007728811463373163
2023-12-02,0.0572967398155045,0.0011538683436219928,0.20200795911358907,0.0002489134926047801,0.267079750013354,0.000763510315024356
2023-12-03,0.0572967398155045,0.0011538683436219928,0.20200795911358907,0.0002489134926047801,0.267079750013354,0.000763510315024356
2023-12-04,0.0572967398155045,0.0011538683436219928,0.20200795911358907,0.0002489134926047801,0.267079750013354,0.000763510315024356
2023-12-05,0.0575586940392792,0.0011403808872163302,0.2028685614590307,0.00025017700022766107,0.2662548591511795,0.0007616842361830479
2023-12-06,0.05791370510457188,0.001148567162464825,0.20420248718629394,0.00024950535563245867,0.26640381490262943,0.000760028577074498
2023-12-07,0.057283611158847454,0.001149029070435482,0.2038154247513452,0.00025094543693364755,0.2663825253063399,0.0007609770945894529
2023-12-08,0.057653502450273855,0.0011536686663590218,0.2029962242702286,0.00025112062579259946,0.26638962146034795,0.0007596532942365104
2023-12-09,0.05755554685827292,0.0011352928487903455,0.20249473513688646,0.00025255969248331843,0.2650551314673452,0.0007597398650702
2023-12-10,0.05755554685827292,0.0011352928487903455,0.20249473513688646,0.00025255969248331843,0.2650551314673452,0.0007597398650702
2023-12-11,0.05755554685827292,0.0011352928487903455,0.20249473513688646,0.00025255969248331843,0.2650551314673452,0.0007597398650702
2023-12-12,0.057798690628462504,0.001143837575064341,0.2014098690835851,0.00025084031505543574,0.26480245736680436,0.0007628987099382815
2023-12-13,0.05802146794313896,0.0011494252873563218,0.20332642023504535,0.00025205043025008445,0.26418683292824685,0.0007681081496274675
2023-12-14,0.05819028222286878,0.0011563634681653137,0.20380296329508632,0.0002521343169933487,0.26555487691531454,0.0007760179415348082
2023-12-15,0.05820044232336166,0.0011541346875180332,0.20240456624701453,0.00025364873708293807,0.26592915647271564,0.000768994155644417
2023-12-16,0.05828592744567752,0.0011482374555057985,0.20400252963136742,0.00025435843172765335,0.2670940170940171,0.0007669829192903874
2023-12-17,0.05828592744567752,0.0011482374555057985,0.20400252963136742,0.00025435843172765335,0.2670940170940171,0.0007669829192903874
2023-12-18,0.05828592744567752,0.0011482374555057985,0.20400252963136742,0.00025435843172765335,0.2670940170940171,0.0007669829192903874
2023-12-19,0.058606341206118504,0.0011611974267865023,0.20563015360572473,0.00025358441571614776,0.26947640734053735,0.0007691597698673969
2023-12-20,0.05833761142483782,0.001147183664104623,0.20336363451487605,0.0002538096833470391,0.26997840172786175,0.000767430259775143
2023-12-21,0.05872732024301365,0.0011389521640091116,0.20466639377814164,0.0002535111291385692,0.2694691457828079,0.0007721351854282648
2023-12-22,0.058934464875058934,0.0011263798152737104,0.20612181799443471,0.00025594758193521965,0.2694691457828079,0.0007710100231303007
2023-12-23,0.058778926579242816,0.0011263798152737104,0.20612181799443471,0.00025983812085071,0.27122321670735017,0.0007718252896274398
2023-12-24,0.058778926579242816,0.0011263798152737104,0.20612181799443471,0.00025983812085071,0.27122321670735017,0.0007718252896274398
2023-12-25,0.058778926579242816,0.0011263798152737104,0.20612181799443471,0.00025983812085071,0.27122321670735017,0.0007718252896274398
2023-12-26,0.0589171036351853,0.0011223722459791014,0.20732263548534227,0.00025983812085071,0.27122321670735017,0.0007722544423936798
2023-12-27,0.059111436880807694,0.001134365606034825,0.2069750595053296,0.00026120163198779664,0.270914607715648,0.0007731918907634498
2023-12-28,0.059084194977843424,0.001131183330882436,0.20612181799443471,0.0002582171141138892,0.2701534471579857,0.0007756447547023463
2023-12-29,0.059007493951731875,0.001139211665527455,0.20607509376416766,0.00025822978319027404,0.26947640734053735,0.000772576620286317
2023-12-30,0.05896852260263471,0.001139211665527455,0.20607509376416766,0.00025822978319027404,0.26947640734053735,0.0007730842971117571
2023-12-31,0.05896852260263471,0.001139211665527455,0.20607509376416766,0.00025822978319027404,0.26947640734053735,0.0007730842971117571
2024-01-01,0.05896852260263471,0.001139211665527455,0.20607509376416766,0.00025822978319027404,0.26947640734053735,0.0007730842971117571
2024-01-02,0.05875440658049354,0.0011315033153047138,0.20310754544531331,0.0002567492971487991,0.26947640734053735,0.0007621137988324416
2024-01-03,0.058775540911303006,0.001136880400181901,0.20335122824141857,0.0002557028119638232,0.2678595344601291,0.0007636852394916911
2024-01-04,0.05879216206412226,0.0011255177381595534,0.20425253783778263,0.00025461035704010365,0.26734393797620637,0.0007614522417153997
2024-01-05,0.05926803970958661,0.0011248593925759281,0.2051576636645262,0.0002573055477649154,0.2691790040376851,0.0007609597224018932
2024-01-06,0.0594303482261824,0.0011049723756906078,0.20534724218653744,0.0002575354883903002,0.26932399676811203,0.0007623345733975727
2024-01-07,0.0594303482261824,0.0011049723756906078,0.20534724218653744,0.0002575354883903002,0.26932399676811203,0.0007623345733975727
2024-01-08,0.0594303482261824,0.0011049723756906078,0.20534724218653744,0.0002575354883903002,0.26932399676811203,0.0007623345733975727
2024-01-09,0.058953678326328654,0.0010869565217391304,0.20386112979838134,0.00025396502901550456,0.2698545483984132,0.0007575413238792176
2024-01-10,0.05892008904003856,0.0010911074740861974,0.20448225094061837,0.00025377747775640405,0.27027027027027023,0.000758236342267885
2024-01-11,0.05914709883480215,0.001098297638660077,0.20533037657591066,0.0002555185621459471,0.2703287197231834,0.0007611334799783839
2024-01-12,0.05931549913992526,0.001100715465052284,0.20601990152248706,0.00025540305155566,0.27074590496818735,0.0007615044281482497
2024-01-13,0.059255747807537326,0.001085481682496608,0.20564283951632803,0.0002562394301235074,0.2706433191696663,0.0007576905591756327
2024-01-14,0.059255747807537326,0.001085481682496608,0.20564283951632803,0.0002562394301235074,0.2706433191696663,0.0007576905591756327
2024-01-15,0.059255747807537326,0.001085481682496608,0.20564283951632803,0.0002562394301235074,0.2706433191696663,0.0007576905591756327
2024-01-16,0.05811588307084326,0.001085481682496608,0.20302507359658917,0.000253327456136351,0.26908484245082476,0.0007473227163686095
2024-01-17,0.05818012566907145,0.001085481682496608,0.2026096117999838,0.00025275119677691676,0.26735823329679437,0.0007440808369421253
2024-01-18,0.05827998286568503,0.0010845986984815619,0.20297974262168636,0.0002556590122358403,0.2674869600106995,0.0007471552065510569
2024-01-19,0.0586166471277843,0.0010981770261366132,0.20282741415329697,0.00025586572166926794,0.267401128432762,0.0007495015814483368
2024-01-20,0.058247903075489285,0.0010998075336816058,0.20042490078967412,0.00025579699950119587,0.26743688489516476,0.0007468036802485363
2024-01-21,0.058247903075489285,0.0010998075336816058,0.20042490078967412,0.00025579699950119587,0.26743688489516476,0.0007468036802485363
2024-01-22,0.058247903075489285,0.0010998075336816058,0.20042490078967412,0.00025579699950119587,0.26743688489516476,0.0007468036802485363
2024-01-23,0.05780427011704209,0.0010946907498631637,0.2018896874747638,0.0002531139341751903,0.26643220632510056,0.0007476244233946635
2024-01-24,0.058105752469494475,0.001098901098901099,0.20270818130219734,0.0002554160983658478,0.26611315131193786,0.0007507676599322808
2024-01-25,0.058152382503111145,0.0011001100110011,0.2032726903140563,0.00025411927342217344,0.26583725443283623,0.0007483797578243103
2024-01-26,0.05829697059792288,0.0010869565217391304,0.20339672531272246,0.0002562742339322462,0.2640752086194148,0.0007480998264408402
2024-01-27,0.05806037698602777,0.001075268817204301,0.20220402386007483,0.00025464731347084286,0.26413100898045433,0.0007496251874062968
2024-01-28,0.05806037698602777,0.001075268817204301,0.20220402386007483,0.00025464731347084286,0.26413100898045433,0.0007496251874062968
2024-01-29,0.05806037698602777,0.001075268817204301,0.20220402386007483,0.00025464731347084286,0.26413100898045433,0.0007496251874062968
2024-01-30,0.05831716489936498,0.0010703773080010704,0.20193453282445833,0.0002557171972372314,0.26236389872753507,0.0007527003123706296
2024-01-31,0.05811723408459544,0.0010735373054213634,0.20189376350164542,0.0002567110691245896,0.2630609775345925,0.0007498725216713159
2024-02-01,0.05856477644946358,0.001073652566029633,0.2034049996948925,0.00025702249717917807,0.2629503023928478,0.0007524850819832496
2024-02-02,0.058469274396304734,0.0010548523206751054,0.20119914691561708,0.0002539785743674664,0.2609330967539923,0.0007474679523115446
2024-02-03,0.05845092197561778,0.0010476689366160294,0.20058571027400007,0.00025326329758943995,0.25918822248717016,0.0007501256460457127
2024-02-04,0.05845092197561778,0.0010476689366160294,0.20058571027400007,0.00025326329758943995,0.25918822248717016,0.0007501256460457127
2024-02-05,0.05845092197561778,0.0010476689366160294,0.20058571027400007,0.00025326329758943995,0.25918822248717016,0.0007501256460457127
2024-02-06,0.05872728575405248,0.001054629824931449,0.20146667741155613,0.0002529391529573646,0.2593092002904263,0.0007536590145154726
2024-02-07,0.05868889019308644,0.0010499238805186622,0.2012477359629704,0.0002531350779402905,0.25861846018568807,0.0007528193083096195
2024-02-08,0.05834986579530867,0.0010357327809425167,0.20030847505157942,0.000253665465983461,0.2596930428233828,0.0007509537112132408
2024-02-09,0.05851580511896263,0.001030662200463798,0.20193045515124589,0.00025558778801548863,0.2584780810587262,0.0007518910058797876
2024-02-10,0.05860129262731277,0.0010294420424130121,0.2018733850129199,0.00025590959225924666,0.2587522964266308,0.0007529270037269886
2024-02-11,0.05860129262731277,0.0010294420424130121,0.2018733850129199,0.00025590959225924666,0.2587522964266308,0.0007529270037269886
2024-02-12,0.05860129262731277,0.0010294420424130121,0.2018733850129199,0.00025590959225924666,0.2587522964266308,0.0007529270037269886
2024-02-13,0.05816875453716286,0.0010316723408645414,0.2018733850129199,0.00025460063344637604,0.25747315842323437,0.0007458734551096061
2024-02-14,0.0585480093676815,0.0010454783063251437,0.20126798832645668,0.000255277869961453,0.2582577929289016,0.0007514672397856816
2024-02-15,0.05869577977343429,0.001032258064516129,0.20107777688409875,0.0002559698569896409,0.258631837579206,0.000752717309487249
2024-02-16,0.0586771127574605,0.0010315659170621002,0.2013368768623661,0.00025598623817983543,0.26153363322523276,0.0007512752898044431
2024-02-17,0.05869667553769089,0.0010388531061707874,0.201718642836971,0.0002553978332047831,0.26346989856408903,0.0007497881848377834
2024-02-18,0.05869667553769089,0.0010388531061707874,0.201718642836971,0.0002553978332047831,0.26346989856408903,0.0007497881848377834
2024-02-19,0.05869667553769089,0.0010388531061707874,0.201718642836971,0.0002553978332047831,0.26346989856408903,0.0007497881848377834
2024-02-20,0.05863383172090296,0.0010388531061707874,0.20294266869609334,0.0002547582471613562,0.26463427543135387,0.0007497319708204318
2024-02-21,0.05868765024038462,0.0010311404413281089,0.2025890885516906,0.0002551371872655927,0.26343519494204426,0.0007501762914284857
2024-02-22,0.05847611250804047,0.0010221290949046864,0.20158445380692241,0.0002544878940108819,0.2625774603508035,0.0007533694448420561
2024-02-23,0.0584576191030146,0.0010193679918450561,0.20024830790179823,0.0002524321840937432,0.26342825531466507,0.0007519192739467491
2024-02-24,0.05850690381465013,0.0010148163182463975,0.20080724512540413,0.0002528470578716346,0.26327567596029805,0.0007508240293722361
2024-02-25,0.05850690381465013,0.0010148163182463975,0.20080724512540413,0.0002528470578716346,0.26327567596029805,0.0007508240293722361
2024-02-26,0.05850690381465013,0.0010148163182463975,0.20080724512540413,0.0002528470578716346,0.26327567596029805,0.0007508240293722361
2024-02-27,0.05861262738721905,0.0010193679918450561,0.2026958548697679,0.0002546174881475559,0.26397064646411317,0.0007507282063601694
2024-02-28,0.058518852726188536,0.0010224948875255625,0.20135714717193887,0.00025480952987641737,0.2635393332454869,0.0007495409061949556
2024-02-29,0.05866134803777791,0.001034126163391934,0.2011424893394481,0.0002550714582690341,0.2646903123345686,0.0007492151970810575
2024-03-01,0.05878894767783656,0.0010325245224574084,0.20185301063765365,0.0002537523630688811,0.26530828823092434,0.0007516197405408655
2024-03-02,0.05898974168392116,0.0010270103728047652,0.20222446916076844,0.0002536641790666173,0.26565364078314696,0.000750846579518407
2024-03-03,0.05898974168392116,0.0010270103728047652,0.20222446916076844,0.0002536641790666173,0.26565364078314696,0.000750846579518407
2024-03-04,0.05898974168392116,0.0010270103728047652,0.20222446916076844,0.0002536641790666173,0.26565364078314696,0.000750846579518407
2024-03-05,0.059020519073661154,0.001020304050607081,0.20169016357072267,0.0002543435520094412,0.2653646109754803,0.0007488449067313668
2024-03-06,0.059255747807537326,0.0010152284263959391,0.20224082837843302,0.00025499470885979116,0.2683411152256749,0.0007524341243924094
2024-03-07,0.05926326282190322,0.0010198878123406426,0.2026465641275052,0.0002554754781862263,0.268802752540186,0.0007558179083495205
2024-03-08,0.05950609937518596,0.001041124414367517,0.20079514878920526,0.00025637738751442123,0.27126000271260003,0.0007594167679222357
2024-03-09,0.059546990316468436,0.0010362694300518134,0.20083950914823964,0.00025549244892067213,0.27126000271260003,0.0007629743793203424
2024-03-10,0.059546990316468436,0.0010362694300518134,0.20083950914823964,0.00025549244892067213,0.27126000271260003,0.0007629743793203424
2024-03-11,0.059546990316468436,0.0010362694300518134,0.20083950914823964,0.00025549244892067213,0.27126000271260003,0.0007629743793203424
2024-03-12,0.059545288359967946,0.0010390689941812137,0.20122748767481638,0.00025651154558466676,0.2709733362237156,0.0007636327537360732
2024-03-13,0.060024009603841535,0.001057194206575748,0.20118700331958553,0.0002562821153525801,0.27291831554815643,0.0007624857033930614
2024-03-14,0.059872459686376084,0.0010606703436571913,0.20023226943254174,0.0002569142035017406,0.27216809101300965,0.0007564868749527196
2024-03-15,0.05991252770954407,0.001058873358746294,0.20015211560786197,0.0002580671800483102,0.2710467826746896,0.0007515406583496168
2024-03-16,0.05943006567022257,0.001055520371543171,0.1987913486005089,0.00025665704202759064,0.2705700911821207,0.0007484861866874247
2024-03-17,0.05943006567022257,0.001055520371543171,0.1987913486005089,0.00025665704202759064,0.2705700911821207,0.0007484861866874247
2024-03-18,0.05943006567022257,0.001055520371543171,0.1987913486005089,0.00025665704202759064,0.2705700911821207,0.0007484861866874247
2024-03-19,0.05951300507943499,0.001036001036001036,0.19877159156413365,0.0002580425408932917,0.2700221418156289,0.0007484077624853125
2024-03-20,0.059921502831291,0.0010392741709190302,0.20091214112068795,0.0002584647195657793,0.2709219473869578,0.0007521737822306465
2024-03-21,0.059814694077747144,0.0010286478424111505,0.20105352044714303,0.00025621579519134193,0.27049690281046285,0.0007504014647836593
2024-03-22,0.059631714531056194,0.0010178531441483623,0.1998920582885242,0.000256923444521236,0.2709366279227289,0.0007437045410599277
2024-03-23,0.05999160117583538,0.0010228086325048582,0.2010616052758565,0.0002567816021117719,0.2700440171747995,0.0007469989317915275
2024-03-24,0.05999160117583538,0.0010228086325048582,0.2010616052758565,0.0002567816021117719,0.2700440171747995,0.0007469989317915275
2024-03-25,0.05999160117583538,0.0010228086325048582,0.2010616052758565,0.0002567816021117719,0.2700440171747995,0.0007469989317915275
2024-03-26,0.06010337780983291,0.0010206164523372118,0.20072663040205543,0.000259110990192649,0.26831231553528306,0.0007455731593662628
2024-03-27,0.06049906891932933,0.001021523500148121,0.2003165000701108,0.0002589834898025251,0.26899798251513113,0.000741971864426901
2024-03-28,0.06018310106668528,0.0010214817614431495,0.1993898670069587,0.0002592480251781682,0.2690052187012428,0.0007419773696902244
2024-03-29,0.06035148706064117,0.0010214817614431495,0.19972836941759206,0.0002592043463384794,0.26901245527667933,0.0007434557309285019
2024-03-30,0.0602010715790741,0.00101615689462453,0.19783959165908283,0.0002590740692764061,0.26811089066437876,0.000738907156315809
2024-03-31,0.0602010715790741,0.00101615689462453,0.19783959165908283,0.0002590740692764061,0.26811089066437876,0.000738907156315809
2024-04-01,0.0602010715790741,0.00101615689462453,0.19783959165908283,0.0002590740692764061,0.26811089066437876,0.000738907156315809
2024-04-02,0.060419310011479675,0.0010267678375242575,0.197398290530804,0.0002622978339444873,0.26984726644719087,0.0007399843123325785
2024-04-03,0.06048143220031451,0.001048679712242287,0.19854269660690532,0.00026224830718717714,0.271230573110201,0.0007446404503585444
2024-04-04,0.06031526790534122,0.0010618529333687285,0.1977066034005536,0.0002649210137997356,0.2722495984318423,0.0007411305204959646
2024-04-05,0.060797665369649805,0.0010546854400674999,0.19735543714229326,0.00026547803302015777,0.27121586070353393,0.0007402472425790213
2024-04-06,0.061345929697564576,0.001059344477637238,0.19884668920262477,0.0002658351343663687,0.27199782401740785,0.0007396723251599541
2024-04-07,0.061345929697564576,0.001059344477637238,0.19884668920262477,0.0002658351343663687,0.27199782401740785,0.0007396723251599541
2024-04-08,0.061345929697564576,0.001059344477637238,0.19884668920262477,0.0002658351343663687,0.27199782401740785,0.0007396723251599541
2024-04-09,0.06106497313141182,0.001062789610168771,0.19974432726110578,0.000265571802648282,0.27078256160303277,0.0007401650568076681
2024-04-10,0.06080136195050769,0.0010487347015825407,0.19685039370078738,0.0002630568255354522,0.2695490444486374,0.0007338264647176236
2024-04-11,0.060942165884575544,0.0010467587116493777,0.1964173475801383,0.0002616800908553275,0.2696798899706049,0.0007322949391096759
2024-04-12,0.06017933441656135,0.0010345541071798054,0.19495457558388893,0.0002594659671464192,0.2700367249945993,0.0007247952453431905
2024-04-13,0.059869484523738255,0.0010220768601798855,0.19304646628443464,0.000255620454748789,0.26840593713932953,0.0007208246233691343
2024-04-14,0.059869484523738255,0.0010220768601798855,0.19304646628443464,0.000255620454748789,0.26840593713932953,0.0007208246233691343
2024-04-15,0.059869484523738255,0.0010220768601798855,0.19304646628443464,0.000255620454748789,0.26840593713932953,0.0007208246233691343
2024-04-16,0.058657907085875184,0.0010186411327289396,0.1891646489104116,0.0002549758537866464,0.2661698163428267,0.0007196885188090594
2024-04-17,0.058987410317016035,0.001022965577208327,0.19071594766754396,0.00025703901338145103,0.2670940170940171,0.0007253314764847535
2024-04-18,0.05857544517338332,0.001036516475429377,0.19031668696711326,0.0002548121270187491,0.26756568737625086,0.0007261373125658061
2024-04-19,0.0585480093676815,0.0010477347973680902,0.1920233500393648,0.00025611014785238836,0.2708045603487963,0.0007275743399081801
2024-04-20,0.05840780328251855,0.0010499790004199917,0.19327779817932314,0.00025572439048091527,0.27075323550116426,0.0007263957694710385
2024-04-21,0.05840780328251855,0.0010499790004199917,0.19327779817932314,0.00025572439048091527,0.27075323550116426,0.0007263957694710385
2024-04-22,0.05840780328251855,0.0010499790004199917,0.19327779817932314,0.00025572439048091527,0.27075323550116426,0.0007263957694710385
2024-04-23,0.05901445854234287,0.0010464301037012233,0.1950800803729931,0.0002564128862860132,0.27028488026379804,0.0007286399207239766
2024-04-24,0.05868200222991608,0.0010515910572696488,0.19428416001243418,0.0002538670295272742,0.2684491691498215,0.0007270242171766742
2024-04-25,0.05826782573025609,0.001057138326550029,0.19402782358990278,0.00025236847816760295,0.26712255582861416,0.0007293094897750809
2024-04-26,0.05835531383487781,0.0010545074922757326,0.1954537458710396,0.00025678028338272074,0.26652452025586354,0.00072650131496738
2024-04-27,0.058795307664085944,0.0010628122010840685,0.19567556990509735,0.0002595238774943489,0.26839152956332696,0.0007276272802019893
2024-04-28,0.058795307664085944,0.0010628122010840685,0.19567556990509735,0.0002595238774943489,0.26839152956332696,0.0007276272802019893
2024-04-29,0.058795307664085944,0.0010628122010840685,0.19567556990509735,0.0002595238774943489,0.26839152956332696,0.0007276272802019893
2024-04-30,0.05836689429755443,0.0010467915837956664,0.19276736833988745,0.0002555218266744345,0.2664606037997282,0.0007226373372259398
2024-05-01,0.05887114577967474,0.0010422094841063053,0.19305019305019305,0.0002555583950932788,0.2664180098574664,0.00072153195665036
2024-05-02,0.05893651417629443,0.0010549524743910287,0.19566025553229371,0.00025700862520946203,0.2665103139491498,0.0007329175247909352
2024-05-03,0.05896921806816842,0.0010687757174157003,0.1971531091045306,0.00025623023824287555,0.26909932456069535,0.000738198058539106
2024-05-04,0.059222059032548444,0.0010758588042905249,0.1972697861595518,0.00025703901338145103,0.26848520646512375,0.000738563346578236
2024-05-05,0.059222059032548444,0.0010758588042905249,0.1972697861595518,0.00025703901338145103,0.26848520646512375,0.000738563346578236
2024-05-06,0.059222059032548444,0.0010758588042905249,0.1972697861595518,0.00025703901338145103,0.26848520646512375,0.000738563346578236
2024-05-07,0.05912786400591278,0.0010670081092616303,0.19721531968603323,0.0002570647828959376,0.26848520646512375,0.0007370771940945375
2024-05-08,0.05920021690959476,0.0010677714541979435,0.1965370177472927,0.0002565780189611156,0.26883165761600086,0.0007331915829606276
2024-05-09,0.05966231131794046,0.001080905799059612,0.19447685725398675,0.0002571361716023955,0.2700440171747995,0.0007326114668346789
2024-05-10,0.059687238868329946,0.001079796998164345,0.19376465345191732,0.000257306209828068,0.26969443620378114,0.0007300815501091472
2024-05-11,0.059491938842286866,0.001085128316423417,0.1941596769182976,0.00025720429222522863,0.26866553827140593,0.0007321769818200456
2024-05-12,0.059491938842286866,0.001085128316423417,0.1941596769182976,0.00025720429222522863,0.26866553827140593,0.0007321769818200456
2024-05-13,0.059491938842286866,0.001085128316423417,0.1941596769182976,0.00025720429222522863,0.26866553827140593,0.0007321769818200456
2024-05-14,0.05940852868837851,0.0010926573426573425,0.19495837638664146,0.00026031769171096404,0.26846358291497757,0.0007339234077531669
2024-05-15,0.059977208660708936,0.0011077509332801613,0.1947495520760302,0.00026185345109755876,0.2691500242235022,0.0007395957369701722
2024-05-16,0.05999160117583538,0.0011146035355224146,0.19494697442295697,0.0002613962217790104,0.26831951487831707,0.0007418727836550588
2024-05-17,0.06029544769369912,0.0011255810812331867,0.19592476489028213,0.0002612473516049731,0.26726534103057514,0.0007397434569691232
2024-05-18,0.060430665178460824,0.0011247202258438214,0.1957598418260478,0.0002618315114223997,0.2678810608090008,0.0007354563506655879
2024-05-19,0.060430665178460824,0.0011247202258438214,0.1957598418260478,0.0002618315114223997,0.2678810608090008,0.0007354563506655879
2024-05-20,0.060430665178460824,0.0011247202258438214,0.1957598418260478,0.0002618315114223997,0.2678810608090008,0.0007354563506655879
2024-05-21,0.06016485169364058,0.0011261261261261261,0.19552253397204028,0.0002615671534431392,0.2680965147453083,0.000733525027873951
2024-05-22,0.06009976561091412,0.0011008972312434634,0.19405794570258678,0.00026131835108120466,0.26732249786142,0.000733035720830676
2024-05-23,0.05981465829979227,0.0011015035523489563,0.1938548027527382,0.0002586505682552985,0.2671653753673524,0.0007319143952923266
2024-05-24,0.05980646627513366,0.0011096069772086727,0.19339741234262287,0.00025827580239834913,0.2677447856702991,0.0007325041386483833
2024-05-25,0.06003200906723465,0.0011107408641563923,0.19331142470520007,0.0002585676387086098,0.2673153519206608,0.0007357864453421039
2024-05-26,0.06003200906723465,0.0011107408641563923,0.19331142470520007,0.0002585676387086098,0.2673153519206608,0.0007357864453421039
2024-05-27,0.06003200906723465,0.0011107408641563923,0.19331142470520007,0.0002585676387086098,0.2673153519206608,0.0007357864453421039
2024-05-28,0.05963384817222256,0.0011161960040183057,0.19384728710721694,0.00026050146532074245,0.26695854133853014,0.0007347538574577516
2024-05-29,0.05892071393050655,0.001100013200158402,0.1921118859623845,0.00025860107164284087,0.2659857431641664,0.0007304601899196494
2024-05-30,0.05885468777588135,0.0010904768655332978,0.19224853891110427,0.0002592379441394078,0.26683032259786,0.0007279980780850738
2024-05-31,0.05885468777588135,0.001088992464172148,0.19063959584405682,0.00025946394748449703,0.2675871665194937,0.000723829928919901
2024-06-01,0.05660110372152257,0.001107603699396356,0.1904689345167803,0.0002587804196383285,0.2681684097613301,0.0007296181178771032
2024-06-02,0.05660110372152257,0.001107603699396356,0.1904689345167803,0.0002587804196383285,0.2681684097613301,0.0007296181178771032
2024-06-03,0.05660110372152257,0.001107603699396356,0.1904689345167803,0.0002587804196383285,0.2681684097613301,0.0007296181178771032
2024-06-04,0.05615138413161884,0.0011043012533819227,0.18905021173623715,0.0002544069646450641,0.2674082789603166,0.000728109391154927
2024-06-05,0.0571915516639882,0.0010999890001099988,0.1886223027010714,0.0002546985515293374,0.26693716299183173,0.0007305722572491033
2024-06-06,0.05571030640668524,0.0011017462678345178,0.1901972345322099,0.00025403147958094965,0.2664535038635758,0.0007336972471679287
2024-06-07,0.05429294300326843,0.0010882576994232234,0.18683556601834728,0.0002540676226384414,0.2664606037997282,0.0007252157516861266
2024-06-08,0.05478851632697787,0.001087015598673841,0.18679717562670453,0.00025408569802422965,0.2645852626008731,0.0007279609812914028
2024-06-09,0.05478851632697787,0.001087015598673841,0.18679717562670453,0.00025408569802422965,0.2645852626008731,0.0007279609812914028
2024-06-10,0.05478851632697787,0.001087015598673841,0.18679717562670453,0.00025408569802422965,0.2645852626008731,0.0007279609812914028
2024-06-11,0.05391562205148942,0.0010847751803438738,0.18634813558690347,0.0002506265664160401,0.2642706131078224,0.0007259897054659765
2024-06-12,0.053470217089081375,0.001091881858382923,0.1856424155791115,0.00024874384358987114,0.2653716530000265,0.0007310636244672375
2024-06-13,0.054312404953291336,0.0010901558922925979,0.18624054829217418,0.00024111142723498238,0.2648655807177857,0.0007272833059389955
2024-06-14,0.05419466724474311,0.0010717539252987514,0.18591853049993493,0.0002422357389764571,0.2651183753545958,0.0007236727841139351
2024-06-15,0.054024530378263554,0.0010681706509431948,0.18438277864847424,0.00024199129799292417,0.2638522427440633,0.0007254472382223641
2024-06-16,0.054024530378263554,0.0010681706509431948,0.18438277864847424,0.00024199129799292417,0.2638522427440633,0.0007254472382223641
2024-06-17,0.054024530378263554,0.0010681706509431948,0.18438277864847424,0.00024199129799292417,0.2638522427440633,0.0007254472382223641
2024-06-18,0.054362598532209844,0.0010687757174157003,0.18382690858287837,0.00024118411754349151,0.2640612622128334,0.000725352521325364
2024-06-19,0.054324206866579745,0.001074229240519927,0.18438617841206623,0.00024052569295452138,0.26202017555351764,0.000724490683049816
2024-06-20,0.05455239757787355,0.0010729383489624686,0.18335503034525752,0.00024028122514591077,0.2624534145189229,0.0007190830253261041
2024-06-21,0.055279159756771695,0.0010625524635278867,0.1841891991453621,0.0002410887568258254,0.2631578947368421,0.0007209805335255948
2024-06-22,0.05574446736161436,0.0010578876100203114,0.18545650117764878,0.0002449497485590831,0.2631440450502605,0.000722183304566365
2024-06-23,0.05574446736161436,0.0010578876100203114,0.18545650117764878,0.0002449497485590831,0.2631440450502605,0.000722183304566365
2024-06-24,0.05574446736161436,0.0010578876100203114,0.18545650117764878,0.0002449497485590831,0.2631440450502605,0.000722183304566365
2024-06-25,0.05528221571120571,0.0010637166258908627,0.1834795053392536,0.0002444868221602856,0.2621369403376324,0.000719093367082782
2024-06-26,0.054617947457534545,0.001051093662956306,0.18116270222286637,0.00024147065286420416,0.26176639966493903,0.0007190209810322265
2024-06-27,0.0542947116950809,0.0010463972542536048,0.18160355942976483,0.00023958006406370912,0.26162258326138715,0.0007214226454568409
2024-06-28,0.054592602702333834,0.00106332075070445,0.178746983644651,0.00024112828748278946,0.26079019428869477,0.000724265052038444
2024-06-29,0.05447634882077771,0.0010571159761937482,0.1768096467343258,0.00024195499637067505,0.2599360557302903,0.0007240605314604301
2024-06-30,0.05447634882077771,0.0010571159761937482,0.1768096467343258,0.00024195499637067505,0.2599360557302903,0.0007240605314604301
2024-07-01,0.05447634882077771,0.0010571159761937482,0.1768096467343258,0.00024195499637067505,0.2599360557302903,0.0007240605314604301
2024-07-02,0.054797523151953534,0.0010559104587930944,0.17618040873854826,0.00024263187649066958,0.26132176548984765,0.0007216569242981886
2024-07-03,0.054982817869415807,0.0010646452601993017,0.17990465053521631,0.00024362197665126975,0.2634074386260668,0.0007212873536688281
2024-07-04,0.055248618784530384,0.001070342937877296,0.18213940950403437,0.0002444091409018697,0.26351155498168594,0.0007247112025857696
2024-07-05,0.05537803817761952,0.001067748651967327,0.18322065263196466,0.0002450589979537574,0.2635323881305012,0.0007264485383855408
2024-07-06,0.055564816358281935,0.0010643619682181517,0.1826717571196317,0.00024724751701681036,0.2639358108108108,0.0007233743968865965
2024-07-07,0.055564816358281935,0.0010643619682181517,0.1826717571196317,0.00024724751701681036,0.2639358108108108,0.0007233743968865965
2024-07-08,0.055564816358281935,0.0010643619682181517,0.1826717571196317,0.00024724751701681036,0.2639358108108108,0.0007233743968865965
2024-07-09,0.05590965000559097,0.001075268817204301,0.18463470024556414,0.00024942818588386125,0.26434745829918843,0.0007232436029103323
2024-07-10,0.05617661929105107,0.0010983338275835557,0.1846415184918481,0.00025204979495749183,0.2645992644140449,0.0007231076273392531
2024-07-11,0.05632533513574405,0.0010941278160114664,0.18391481065970244,0.0002516989680342311,0.265611304417116,0.0007292616226071103
2024-07-12,0.05667167266441869,0.0011048380859784998,0.18419259177395886,0.00025471412160561595,0.268017474739353,0.0007279397848209996
2024-07-13,0.05632692145210804,0.001100376328704417,0.1837762340574117,0.00025369313785431416,0.26857894878199445,0.0007226843387076958
2024-07-14,0.05632692145210804,0.001100376328704417,0.1837762340574117,0.00025369313785431416,0.26857894878199445,0.0007226843387076958
2024-07-15,0.05632692145210804,0.001100376328704417,0.1837762340574117,0.00025369313785431416,0.26857894878199445,0.0007226843387076958
2024-07-16,0.056692556267362096,0.0010984182776801407,0.18420955679180634,0.000251462253001202,0.2691210506485817,0.0007235575879484249
2024-07-17,0.05653588785088999,0.0010827080694232414,0.18214604469863938,0.0002505524681923642,0.26889671677108823,0.0007251579031334073
2024-07-18,0.05571341021783943,0.0010618191084966766,0.18041423107454718,0.0002469745616201531,0.2678236648990305,0.0007227104532839963
2024-07-19,0.05545389009038984,0.0010550415158836499,0.17821499857428,0.00024775472282440383,0.2670940170940171,0.0007200564524258702
2024-07-20,0.055766974351653155,0.0010601306080909169,0.1796138302649304,0.00025054744616988115,0.26634705020641897,0.0007210741119972311
2024-07-21,0.055766974351653155,0.0010601306080909169,0.1796138302649304,0.00025054744616988115,0.26634705020641897,0.0007210741119972311
2024-07-22,0.055766974351653155,0.0010601306080909169,0.1796138302649304,0.00025054744616988115,0.26634705020641897,0.0007210741119972311
2024-07-23,0.05509034817100044,0.00105736188210415,0.17875976475214958,0.00024923422783497705,0.26635414447048794,0.0007223972028780305
2024-07-24,0.05451373746184038,0.0010553310045695833,0.17677526560483656,0.0002474426799032004,0.26487961221624773,0.0007242335798141617
2024-07-25,0.05428292259255238,0.0010527978101805549,0.17702248185519562,0.00024744084308044056,0.26599989360004256,0.0007237042076162631
2024-07-26,0.05420641803989592,0.0010501113117990508,0.17649758198312684,0.00024884659602741297,0.26599281819390874,0.0007227000072270001
2024-07-27,0.053667186165028746,0.001045696957021855,0.17806901955197835,0.0002461859639534512,0.26599989360004256,0.0007246481833070044
2024-07-28,0.053667186165028746,0.001045696957021855,0.17806901955197835,0.0002461859639534512,0.26599989360004256,0.0007246481833070044
2024-07-29,0.053667186165028746,0.001045696957021855,0.17806901955197835,0.0002461859639534512,0.26599989360004256,0.0007246481833070044
2024-07-30,0.05336019841456179,0.001047855563589115,0.1781832436477674,0.00024514069850390633,0.2679528403001072,0.0007229455694280777
2024-07-31,0.05372877713303246,0.0010611205432937182,0.17670966601873123,0.0002470679214422837,0.26931674342193856,0.0007312828163163822
2024-08-01,0.0529961365816432,0.0010504201680672268,0.17428282617030919,0.0002448861646663548,0.2673653815303994,0.0007307003763106938
2024-08-02,0.05219206680584551,0.00105224391013837,0.17452311558665945,0.00024209557933472131,0.2671082856990224,0.0007370445985686594
2024-08-03,0.051733057423693746,0.0010492408742274963,0.17438007881979561,0.0002408124047285924,0.2665032113636969,0.0007324343921893197
2024-08-04,0.051733057423693746,0.0010492408742274963,0.17438007881979561,0.0002408124047285924,0.2665032113636969,0.0007324343921893197
2024-08-05,0.051733057423693746,0.0010492408742274963,0.17438007881979561,0.0002408124047285924,0.2665032113636969,0.0007324343921893197
2024-08-06,0.05112213077041051,0.0010583130489998942,0.1767908917332579,0.00024160717090083235,0.26649610915680627,0.0007275319932194018
2024-08-07,0.05191838429988059,0.00105940059114553,0.1776766994776305,0.00024181048345169956,0.2677662935789643,0.000727865606894343
2024-08-08,0.053019458141137794,0.0010693357286453654,0.18028412778538977,0.0002465531864533817,0.26834831611431637,0.000728109391154927
2024-08-09,0.053138351010691434,0.0010729268371189769,0.1815573993718114,0.0002459129271507545,0.2681756013837861,0.0007330625888838389
2024-08-10,0.05249112375097371,0.0010712831829965933,0.1820531959438548,0.0002469660224146362,0.26704408897909043,0.0007305242241832738
2024-08-11,0.05249112375097371,0.0010712831829965933,0.1820531959438548,0.0002469660224146362,0.26704408897909043,0.0007305242241832738
2024-08-12,0.05249112375097371,0.0010712831829965933,0.1820531959438548,0.0002469660224146362,0.26704408897909043,0.0007305242241832738
2024-08-13,0.05258314710135402,0.0010747603284467562,0.1832911763627699,0.00024790089913656117,0.2667662594035106,0.0007345379756133392
2024-08-14,0.05286809410520751,0.0010746910263299302,0.18283206874485786,0.00024914108610565075,0.2686366689053056,0.0007377786959023771
2024-08-15,0.05363080553469913,0.0010725010725010724,0.18234865061998543,0.000249500998003992,0.2677734636497523,0.0007329658731089481
2024-08-16,0.05374754776813308,0.0010662117496534813,0.18264506584354623,0.00024826216484607745,0.2671296914652064,0.0007412568751575171
2024-08-17,0.05359774889454643,0.0010834118806946837,0.18498307404872455,0.000248318881174449,0.2678595344601291,0.0007512865782652793
2024-08-18,0.05359774889454643,0.0010834118806946837,0.18498307404872455,0.000248318881174449,0.2678595344601291,0.0007512865782652793
2024-08-19,0.05359774889454643,0.0010834118806946837,0.18498307404872455,0.000248318881174449,0.2678595344601291,0.0007512865782652793
2024-08-20,0.0526796005621967,0.0010829191167711684,0.18223898820913745,0.0002495339952638448,0.2670155670075566,0.0007532672969003051
2024-08-21,0.051907604464053986,0.0010929558992294661,0.18259837487446362,0.0002481488098783078,0.267401128432762,0.0007499962500187499
2024-08-22,0.05128205128205128,0.0010883406070763906,0.1789645113374018,0.00024613566998129367,0.2660352762776344,0.0007451731409793065
2024-08-23,0.052377959354703546,0.0011013215859030838,0.18234532557757882,0.00024857875099120776,0.2673296441842436,0.000755629439322956
2024-08-24,0.051559680329981955,0.0011046062078868884,0.1823120818216623,0.00024847807181016274,0.26634705020641897,0.0007533070178081779
2024-08-25,0.051559680329981955,0.0011046062078868884,0.1823120818216623,0.00024847807181016274,0.26634705020641897,0.0007533070178081779
2024-08-26,0.051559680329981955,0.0011046062078868884,0.1823120818216623,0.00024847807181016274,0.26634705020641897,0.0007533070178081779
2024-08-27,0.05063291139240506,0.0011012003083360864,0.18183471224656786,0.0002479420807299415,0.2671582378242633,0.0007541193770973946
2024-08-28,0.0510204081632653,0.0010972491962649637,0.17977851287214153,0.00024399349025368,0.26743688489516476,0.00074956899782625
2024-08-29,0.05041593143433325,0.0010962508221881166,0.17763251385533607,0.0002429856128218648,0.2669300376371353,0.0007500356266922679
2024-08-30,0.05075008627514667,0.001095566243412908,0.17818641863117193,0.00023944984004750685,0.266922912662823,0.000748200577610846
2024-08-31,0.050522758987240984,0.0010904293020162037,0.1780563370250347,0.00024048578127818193,0.26558308766897726,0.0007485029940119761
2024-09-01,0.050522758987240984,0.0010904293020162037,0.1780563370250347,0.00024048578127818193,0.26558308766897726,0.0007485029940119761
2024-09-02,0.050522758987240984,0.0010904293020162037,0.1780563370250347,0.00024048578127818193,0.26558308766897726,0.0007485029940119761
2024-09-03,0.05054088858968683,0.0010775513722616726,0.1772609635905981,0.00023891151911889435,0.26439638305747976,0.0007465750867893538
2024-09-04,0.05020087881658457,0.001060749101015137,0.1775568181818182,0.00023951694223090872,0.26341437715670524,0.0007494173280274588
2024-09-05,0.05030181086519115,0.0010616387455676581,0.17923395408026097,0.0002403903939998558,0.263636603306003,0.0007505310006829831
2024-09-06,0.050125313283208024,0.00105977108944468,0.17860970207901694,0.00023958121204135173,0.263386625227171,0.0007478089198647962
2024-09-07,0.05032061781641731,0.0010587612493382743,0.17910554689878744,0.00023598263167830846,0.26224693171089897,0.0007466865783087549
2024-09-08,0.05032061781641731,0.0010587612493382743,0.17910554689878744,0.00023598263167830846,0.26224693171089897,0.0007466865783087549
2024-09-09,0.05032061781641731,0.0010587612493382743,0.17910554689878744,0.00023598263167830846,0.26224693171089897,0.0007466865783087549
2024-09-10,0.04982064567556796,0.0010538962544527116,0.17657549485282434,0.0002338005447552693,0.26187608023883097,0.0007450232447252355
2024-09-11,0.05047955577990914,0.0010629251700680273,0.17641973784026957,0.00023435669088352472,0.2641658961828028,0.0007475350033265308
2024-09-12,0.05131626212346693,0.0010752919417621883,0.1777114321764319,0.00023762056273301664,0.2654702806020866,0.0007487888340609065
2024-09-13,0.05203671710759112,0.0010798786216429273,0.17971712524486458,0.00023920583662241358,0.26555487691531454,0.0007529043284469842
2024-09-14,0.0520697734964853,0.0010841283607979184,0.1813236627379873,0.00023611357062747182,0.2641240326457304,0.0007592668519277785
2024-09-15,0.0520697734964853,0.0010841283607979184,0.1813236627379873,0.00023611357062747182,0.2641240326457304,0.0007592668519277785
2024-09-16,0.0520697734964853,0.0010841283607979184,0.1813236627379873,0.00023611357062747182,0.2641240326457304,0.0007592668519277785
2024-09-17,0.0524081547088727,0.001075777787340247,0.1823819077147547,0.0002379269897239333,0.26507620941020543,0.0007580524117437479
2024-09-18,0.05192107995846313,0.0010777255679613744,0.1830764160960785,0.0002399537369195219,0.2661627318942802,0.0007581098804460719
2024-09-19,0.05181347150259067,0.0010777255679613744,0.18441678192715535,0.0002404441484309817,0.26696566821506756,0.0007538635506973238
2024-09-20,0.051556889160421844,0.0010777255679613744,0.18128750385235948,0.00024079210972414856,0.26668088964744785,0.0007509706295386788
2024-09-21,0.05150375513878717,0.0010843046896177825,0.18120866177403278,0.0002406883687345809,0.2653927813163482,0.0007501200192030726
2024-09-22,0.05150375513878717,0.0010843046896177825,0.18120866177403278,0.0002406883687345809,0.2653927813163482,0.0007501200192030726
2024-09-23,0.05150375513878717,0.0010843046896177825,0.18120866177403278,0.0002406883687345809,0.2653927813163482,0.0007501200192030726
2024-09-24,0.05176251358765982,0.0010984062125855385,0.18332813903606066,0.00024073877916550308,0.2656677559044659,0.0007553326484983987
2024-09-25,0.05092572788142861,0.0010951942874665966,0.18252505156332707,0.00023835061375283043,0.26549142462698455,0.0007492151970810575
2024-09-26,0.0509683995922528,0.0011100627185435977,0.18389451810441532,0.00024022061861613705,0.26824034334763946,0.0007618641291512072
2024-09-27,0.05077482381136137,0.0011115433779803256,0.18402311330303087,0.00023964723926380368,0.26911380822950026,0.0007643623689118537
2024-09-28,0.050808748250273726,0.0011144544745347153,0.183496339248032,0.0002376154811238262,0.26986183074265974,0.0007600112481664728
2024-09-29,0.050808748250273726,0.0011144544745347153,0.183496339248032,0.0002376154811238262,0.26986183074265974,0.0007600112481664728
2024-09-30,0.050808748250273726,0.0011144544745347153,0.183496339248032,0.0002376154811238262,0.26986183074265974,0.0007600112481664728
2024-10-01,0.0509761941173472,0.001105460977227504,0.18433519511880403,0.0002369471726278626,0.2691210506485817,0.0007556865412227009
2024-10-02,0.051543734859027884,0.0010971167771097556,0.18368509028122187,0.00023904858662523158,0.2688605689089638,0.0007564868749527196
2024-10-03,0.05170630816959669,0.0010869565217391304,0.18294579316148626,0.0002390057361376673,0.2681756013837861,0.000749866898625494
2024-10-04,0.05193456245131135,0.0010822159453697392,0.18344921208563408,0.00024013063106329845,0.26796720081462033,0.0007427323638200211
2024-10-05,0.051891443101032636,0.0010818061836041454,0.18191740949608878,0.00023728845734028115,0.26738682852482687,0.0007448678604415577
2024-10-06,0.051891443101032636,0.0010818061836041454,0.18191740949608878,0.00023728845734028115,0.26738682852482687,0.0007448678604415577
2024-10-07,0.051891443101032636,0.0010818061836041454,0.18191740949608878,0.00023728845734028115,0.26738682852482687,0.0007448678604415577
2024-10-08,0.05175715542673774,0.0010723745589859626,0.1808841617827943,0.00023676989044657168,0.267379679144385,0.0007462797952208242
2024-10-09,0.051379540666906434,0.0010715242432360033,0.17875656930392192,0.00023629489603024575,0.2662548591511795,0.0007445905496567438
2024-10-10,0.05144032921810699,0.001074552448905031,0.17912158773375367,0.00023820867079561695,0.26549142462698455,0.0007409273446645822
2024-10-11,0.05193725979017347,0.0010834236186348862,0.17847581652686062,0.00023762677388386707,0.26641091219096336,0.0007416306975778341
2024-10-12,0.05168225748100677,0.0010795871658677721,0.1786926843215039,0.000238153075270661,0.2660494319844627,0.0007370717613066808
2024-10-13,0.05168225748100677,0.0010795871658677721,0.1786926843215039,0.000238153075270661,0.2660494319844627,0.0007370717613066808
2024-10-14,0.05168225748100677,0.0010795871658677721,0.1786926843215039,0.000238153075270661,0.2660494319844627,0.0007370717613066808
2024-10-15,0.050761421319796954,0.0010636600542466628,0.17689096440953797,0.00023565619646185784,0.26534348714410805,0.0007333313777829925
2024-10-16,0.050271743911714774,0.001068832834544677,0.17639484221481364,0.00023505298094190434,0.26516758591429784,0.0007338049252986586
2024-10-17,0.0504339844360724,0.0010587612493382743,0.1763699536147022,0.00023537885403451122,0.2656042496679947,0.0007304175066467993
2024-10-18,0.050385448682420515,0.0010495932826029913,0.17557104482328773,0.0002344160228039907,0.2665813606312647,0.0007308125173567973
2024-10-19,0.050110242533573865,0.0010522771277043522,0.17537398502306167,0.00023438580372064024,0.2656818725258376,0.0007265065930473319
2024-10-20,0.050110242533573865,0.0010522771277043522,0.17537398502306167,0.00023438580372064024,0.2656818725258376,0.0007265065930473319
2024-10-21,0.050110242533573865,0.0010522771277043522,0.17537398502306167,0.00023438580372064024,0.2656818725258376,0.0007265065930473319
2024-10-22,0.05015221196330864,0.0010572165602401996,0.1753432343813014,0.00023440283533669623,0.2664393051262922,0.0007254630267768403
2024-10-23,0.05047700772298218,0.0010579771476936098,0.17586437339523758,0.00023156295733684076,0.2665671482646479,0.0007249003262051468
2024-10-24,0.050505050505050504,0.0010554089709762533,0.17649758198312684,0.00023288960101353553,0.26640381490262943,0.0007261531311723016
2024-10-25,0.0500487975776382,0.0010563454672216002,0.17524183373054814,0.00023116095968784024,0.2661769011685166,0.0007204974314266569
2024-10-26,0.04994321456503955,0.0010573283427435557,0.175404746452439,0.00023078698361412417,0.26502703275734124,0.0007241758878396385
2024-10-27,0.04994321456503955,0.0010573283427435557,0.175404746452439,0.00023078698361412417,0.26502703275734124,0.0007241758878396385
2024-10-28,0.04994321456503955,0.0010573283427435557,0.175404746452439,0.00023078698361412417,0.26502703275734124,0.0007241758878396385
2024-10-29,0.04988242711927986,0.0010479983232026828,0.17371968591480785,0.00022760430536304023,0.26530828823092434,0.0007229194378578452
2024-10-30,0.04962779156327544,0.0010458828820348698,0.17395842393667912,0.0002266268407765142,0.26495681203963756,0.0007254419755235878
2024-10-31,0.04993757802746567,0.0010403662089055346,0.17307026652821048,0.00022595704104735607,0.265498473383778,0.0007287301876480233
2024-11-01,0.04933155739726703,0.0010407993338884263,0.17036065350346682,0.00022549337951437745,0.26549142462698455,0.0007254472382223641
2024-11-02,0.049756442215355835,0.0010494500881538073,0.17267876569218282,0.00022660475824671364,0.26557603441865407,0.0007285549840446459
2024-11-03,0.049756442215355835,0.0010494500881538073,0.17267876569218282,0.00022660475824671364,0.26557603441865407,0.0007285549840446459
2024-11-04,0.049756442215355835,0.0010494500881538073,0.17267876569218282,0.00022660475824671364,0.26557603441865407,0.0007285549840446459
2024-11-05,0.04975008047075516,0.0010490317437005644,0.17388885024692216,0.0002269441740026371,0.2648375221801425,0.0007260845888546016
2024-11-06,0.0497921179077352,0.001041200295700884,0.17596959245442387,0.00022668180901150862,0.26414496275556026,0.0007141122870160104
2024-11-07,0.0505203597049611,0.0010558101231074603,0.1756759130755582,0.00023256733405739298,0.26652452025586354,0.0007247059505605601
2024-11-08,0.04957759885773212,0.0010309278350515464,0.17428282617030919,0.00022943883848882402,0.2653505280475508,0.0007162297665090961
2024-11-09,0.04918103736578495,0.0010225680774697576,0.1737619461337967,0.00022943883848882402,0.2649217156330304,0.0007147656283504639
2024-11-10,0.04918103736578495,0.0010225680774697576,0.1737619461337967,0.00022943883848882402,0.2649217156330304,0.0007147656283504639
2024-11-11,0.04918103736578495,0.0010225680774697576,0.1737619461337967,0.00022943883848882402,0.2649217156330304,0.0007147656283504639
2024-11-12,0.04857037945123242,0.0010180085716321732,0.17394934595045922,0.000224993643929559,0.26413100898045433,0.0007113488597077779
2024-11-13,0.048783533801134905,0.0010237510237510238,0.17204597068336658,0.00022334041322443252,0.26312327325351925,0.0007118299011268268
2024-11-14,0.04902441415825081,0.0010247896619218907,0.1729445539759953,0.00022299527250022302,0.26300562832044605,0.0007118805749147523
2024-11-15,0.04919323101141283,0.0010225994477962982,0.1725714877387958,0.00022610520222849287,0.26286735713159143,0.0007175351233442876
2024-11-16,0.049487899218883004,0.0010284362626626214,0.17427067721585165,0.00022733214362844834,0.2635323881305012,0.000719170939740667
2024-11-17,0.049487899218883004,0.0010284362626626214,0.17427067721585165,0.00022733214362844834,0.2635323881305012,0.000719170939740667
2024-11-18,0.049487899218883004,0.0010284362626626214,0.17427067721585165,0.00022733214362844834,0.2635323881305012,0.000719170939740667
2024-11-19,0.04969139161239124,0.0010312361427643317,0.1733282490380282,0.00022753905138969474,0.2635323881305012,0.0007182360123536595
2024-11-20,0.04932323588048388,0.0010293148880105402,0.1731511782937683,0.00022805433166397563,0.2635184989986297,0.0007153126989463443
2024-11-21,0.048990477720845395,0.00102880658436214,0.17203413157170383,0.0002280517312547178,0.26360880453407143,0.0007147298678464474
2024-11-22,0.04897279561203752,0.0010166217658720074,0.17208445905250297,0.0002263739199134346,0.26351155498168594,0.0007132413252023823
2024-11-23,0.04927841615228213,0.0010257462303826033,0.17244947230461474,0.0002283381322397459,0.26487259628118875,0.0007152871162484621
2024-11-24,0.04927841615228213,0.0010257462303826033,0.17244947230461474,0.0002283381322397459,0.26487259628118875,0.0007152871162484621
2024-11-25,0.04927841615228213,0.0010257462303826033,0.17244947230461474,0.0002283381322397459,0.26487259628118875,0.0007152871162484621
2024-11-26,0.048498957272418645,0.0010237615045199072,0.17224451831820453,0.00022725361730945354,0.2652871733651678,0.0007161630846576382
2024-11-27,0.048570591769518945,0.0010241704219582138,0.16840687100033683,0.00022807773801622545,0.2662194180443522,0.0007201705363830155
2024-11-28,0.04897999167340142,0.001023929226011898,0.16625933130496948,0.00022645235216058192,0.26688729349595663,0.0007175042332749763
2024-11-29,0.04911350130150778,0.00102880658436214,0.16707600287370725,0.00022563278715156658,0.2672082086361693,0.0007170309183732002
2024-11-30,0.04907493742945478,0.0010235624065999304,0.16489133660917454,0.00022442155344599296,0.2672010688042752,0.0007112375533428165
2024-12-01,0.04907493742945478,0.0010235624065999304,0.16489133660917454,0.00022442155344599296,0.2672010688042752,0.0007112375533428165
2024-12-02,0.04907493742945478,0.0010235624065999304,0.16489133660917454,0.00022442155344599296,0.2672010688042752,0.0007112375533428165
2024-12-03,0.04925380485642516,0.0010314595152140279,0.16535485151134335,0.00022540290769750929,0.26712255582861416,0.000706993580498289
2024-12-04,0.049286795426776824,0.0010267467529133938,0.1655190677966102,0.0002253536361935968,0.2676444610978776,0.0007086619753243901
2024-12-05,0.04955155839651157,0.0010311404413281089,0.16630910209715777,0.00022688753411821293,0.2681684097613301,0.0007075688641397024
2024-12-06,0.049554013875123884,0.001026662423128651,0.164219791769304,0.0002270951801318969,0.2686222365487415,0.0007021880178636632
2024-12-07,0.04942435454264185,0.0010336451496201354,0.164503446347201,0.00022879996705280474,0.26861502095197165,0.0007000987139186626
2024-12-08,0.04942435454264185,0.0010336451496201354,0.164503446347201,0.00022879996705280474,0.26861502095197165,0.0007000987139186626
2024-12-09,0.04942435454264185,0.0010336451496201354,0.164503446347201,0.00022879996705280474,0.26861502095197165,0.0007000987139186626
2024-12-10,0.04963271788763153,0.0010282987824942415,0.16501922473968217,0.00022890628576660712,0.269461884616421,0.0006972139331232395
2024-12-11,0.049672287085950444,0.001026272577996716,0.16795149560806838,0.0002305757245265704,0.26876662993522726,0.0007003782042302844
2024-12-12,0.04950740135650279,0.0010231539744416137,0.16688083039901205,0.0002301527754123187,0.2677232812165346,0.0006989829797644427
2024-12-13,0.049705494942465886,0.001014373674974387,0.16540408217274802,0.00023176743528473788,0.2676444610978776,0.0006973452067977211
2024-12-14,0.04969684921975947,0.0010107850767691266,0.16265716748808537,0.0002312689495995578,0.2678810608090008,0.0006960056237254398
2024-12-15,0.04969684921975947,0.0010107850767691266,0.16265716748808537,0.0002312689495995578,0.2678810608090008,0.0006960056237254398
2024-12-16,0.04969684921975947,0.0010107850767691266,0.16265716748808537,0.0002312689495995578,0.2678810608090008,0.0006960056237254398
2024-12-17,0.049590875278948676,0.0010136230943885826,0.16397474788882513,0.0002302041680766672,0.2672796279467579,0.0006956376562576085
2024-12-18,0.04914246400314512,0.0010039051911937436,0.15899262274230475,0.00022766234032332606,0.2678380115706021,0.0006885866758478223
2024-12-19,0.049270792274339774,0.0010090817356205853,0.16253555465258027,0.00022852180669340373,0.2674511901577962,0.0006922810661128419
2024-12-20,0.04986536351850005,0.0010116337885685382,0.16433043563998487,0.00022821931876533348,0.26876662993522726,0.0006922571042885328
2024-12-21,0.04958595725690484,0.0010104480326576805,0.16151957617263213,0.00022678462490956962,0.26831231553528306,0.0006890516582028155
2024-12-22,0.04958595725690484,0.0010104480326576805,0.16151957617263213,0.00022678462490956962,0.26831231553528306,0.0006890516582028155
2024-12-23,0.04958595725690484,0.0010104480326576805,0.16151957617263213,0.00022678462490956962,0.26831231553528306,0.0006890516582028155
2024-12-24,0.04963271788763153,0.0010110712299681514,0.16153523083384486,0.00022888532845044633,0.2684131415074082,0.0006858146105944642
2024-12-25,0.049630254603206116,0.0010110712299681514,0.16153523083384486,0.00022888532845044633,0.2684131415074082,0.0006865774116031583
2024-12-26,0.049443757725587144,0.0010113882314865385,0.16173901792068318,0.00022763642820233234,0.2671653753673524,0.0006816307333665061
2024-12-27,0.04922955742627874,0.0010085932141848549,0.16126171163180725,0.00022704052673402204,0.26690154002188593,0.0006791263718352711
2024-12-28,0.04845616243668597,0.0010062083052433514,0.16170763260025872,0.00022634932491313845,0.2653153272664562,0.0006806286286013762
2024-12-29,0.04845616243668597,0.0010062083052433514,0.16170763260025872,0.00022634932491313845,0.2653153272664562,0.0006806286286013762
2024-12-30,0.04845616243668597,0.0010062083052433514,0.16170763260025872,0.00022634932491313845,0.2653153272664562,0.0006806286286013762
2024-12-31,0.04803766152663688,0.0010074551682450132,0.16170763260025872,0.00022717256482369138,0.26530828823092434,0.000677158102873859
2025-01-01,0.0481000481000481,0.0009963831292408556,0.16170763260025872,0.00022717256482369138,0.26530828823092434,0.0006798096532970768
2025-01-02,0.048549581259861634,0.0009963831292408556,0.16255140688242656,0.00022784389047999872,0.26665955574518013,0.0006804109682248077
2025-01-03,0.04849366551494211,0.0009841260468640824,0.16178350131853553,0.00023001883854287665,0.2660494319844627,0.0006810318995341743
2025-01-04,0.04926108374384236,0.0009894132779261896,0.16357777305219767,0.00023046944320887213,0.26587259385302564,0.0006844345885863688
2025-01-05,0.04926108374384236,0.0009894132779261896,0.16357777305219767,0.00023046944320887213,0.26587259385302564,0.0006844345885863688
2025-01-06,0.04926108374384236,0.0009894132779261896,0.16357777305219767,0.00023046944320887213,0.26587259385302564,0.0006844345885863688
2025-01-07,0.049212598425196846,0.000996611520829181,0.163856527224762,0.0002306299657514501,0.2652730986550654,0.000688193354804966
2025-01-08,0.04904124368593988,0.001,0.16341204346760355,0.00023136098097055932,0.2644453259288642,0.0006853633796638978
2025-01-09,0.048773350241428086,0.0009940357852882703,0.16566165264064672,0.00023124221002804966,0.26558308766897726,0.0006861534239055852
2025-01-10,0.04830684507994783,0.000989853996535511,0.1639398013049608,0.00023049441051054513,0.2655055225148683,0.0006788635823631241
2025-01-11,0.04844346308753443,0.000994549866730318,0.16424136911605297,0.0002324689363383818,0.26449428692340243,0.0006818352276988743
2025-01-12,0.04844346308753443,0.000994549866730318,0.16424136911605297,0.0002324689363383818,0.26449428692340243,0.0006818352276988743
2025-01-13,0.04844346308753443,0.000994549866730318,0.16424136911605297,0.0002324689363383818,0.26449428692340243,0.0006818352276988743
2025-01-14,0.04877194676639555,0.0009959266599607604,0.16527286550094206,0.00023325954556375334,0.26491469746741547,0.0006858052038898871
2025-01-15,0.04888875851886618,0.0009956688405436352,0.1663948883490299,0.0002327221274526003,0.26602819898909286,0.0006873088422282552
2025-01-16,0.04798832923832924,0.0009881422924901185,0.1648750247312537,0.00023040784492630404,0.2661839863713799,0.0006869452916769709
2025-01-17,0.0481156469196844,0.0009942532164091552,0.16501922473968217,0.0002306539038173221,0.2675442116809803,0.0006868084697220486
2025-01-18,0.048790960010929176,0.0010005002501250625,0.16551632818577552,0.0002320007980827454,0.2678595344601291,0.0006960637594403647
2025-01-19,0.048790960010929176,0.0010005002501250625,0.16551632818577552,0.0002320007980827454,0.2678595344601291,0.0006960637594403647
2025-01-20,0.048790960010929176,0.0010005002501250625,0.16551632818577552,0.0002320007980827454,0.2678595344601291,0.0006960637594403647
2025-01-21,0.04827934817086448,0.0009978546125829467,0.16579623642543315,0.0002325262347724382,0.2678595344601291,0.0006953039173422703
2025-01-22,0.048825740930618616,0.0010099173887575996,0.1683076664142052,0.00023515744967042681,0.26938929446943777,0.0006967961313878785
2025-01-23,0.04909662215239592,0.0010132122882386316,0.16879631348851343,0.00023662198454858443,0.2695635765695339,0.0006972187942298173
2025-01-24,0.04936077792586011,0.001020043861886061,0.1694168671432928,0.00023972192256981902,0.268976276292431,0.0007003046325151441
2025-01-25,0.04837255379995434,0.001014733936761781,0.16970437497878696,0.00023886472374100374,0.2671867902850883,0.0006979243729149509
2025-01-26,0.04837255379995434,0.001014733936761781,0.16970437497878696,0.00023886472374100374,0.2671867902850883,0.0006979243729149509
2025-01-27,0.04837255379995434,0.001014733936761781,0.16970437497878696,0.00023886472374100374,0.2671867902850883,0.0006979243729149509
2025-01-28,0.048721071863581,0.0010063601964415104,0.1705233361185478,0.00023734646650447992,0.2678236648990305,0.0006918739405680286
2025-01-29,0.0487638367386746,0.0010101724364348994,0.1707562795621809,0.0002401265947407473,0.26927323154805183,0.0006936544490996365
2025-01-30,0.04829051574270814,0.0010180396628252637,0.17024174327545116,0.0002401179459350433,0.2688244307642679,0.0006927318573526559
2025-01-31,0.0483933410762679,0.001020012648156837,0.17124167337363222,0.0002379535990481856,0.26832671460770635,0.0006869688871790996
2025-02-01,0.04907252919815487,0.0010158162591550441,0.17190991920233797,0.0002406119242457418,0.26992738953221584,0.0006854479402289396
2025-02-02,0.04907252919815487,0.0010158162591550441,0.17190991920233797,0.0002406119242457418,0.26992738953221584,0.0006854479402289396
2025-02-03,0.04907252919815487,0.0010158162591550441,0.17190991920233797,0.0002406119242457418,0.26992738953221584,0.0006854479402289396
2025-02-04,0.04880905896134323,0.0010289124395513943,0.1737921445950643,0.00024014101080154266,0.26941106740664905,0.0006884586787101038
2025-02-05,0.048628671464695586,0.0010302693123982608,0.17278916266371774,0.00023965183381583234,0.26926598093596854,0.0006926454901852134
2025-02-06,0.04893804443574434,0.0010400307849112334,0.17355988683895376,0.00024198602772675904,0.2693965517241379,0.0006917877871784052
2025-02-07,0.048642864091837726,0.0010399010014246644,0.17247029199220434,0.00024283632831471587,0.26931674342193856,0.0006880323650424516
2025-02-08,0.04858614323195025,0.001040582726326743,0.17301038062283736,0.00024176897523802153,0.2695635765695339,0.0006894079364641646
2025-02-09,0.04858614323195025,0.001040582726326743,0.17301038062283736,0.00024176897523802153,0.2695635765695339,0.0006894079364641646
2025-02-10,0.04858614323195025,0.001040582726326743,0.17301038062283736,0.00024176897523802153,0.2695635765695339,0.0006894079364641646
2025-02-11,0.048687862115974485,0.0010417968912780765,0.173358296928091,0.00024176371465112285,0.26941832583452324,0.000689260630122068
2025-02-12,0.04874006921089828,0.0010527645597338611,0.17350267194114788,0.00024007874582863178,0.2693965517241379,0.0006893128929083489
2025-02-13,0.049021241884533405,0.0010607265977194379,0.17340338830220745,0.0002419216319065602,0.2691790040376851,0.0006946953066385084
2025-02-14,0.04929563925845556,0.001064679265371307,0.17499956250109375,0.000242474206806251,0.27151778441487917,0.000694729090391202
2025-02-15,0.04930723337113555,0.0010563231503781638,0.1750393838613688,0.0002421213706006547,0.27151778441487917,0.0006938421509106678
2025-02-16,0.04930723337113555,0.0010563231503781638,0.1750393838613688,0.0002421213706006547,0.27151778441487917,0.0006938421509106678
2025-02-17,0.04930723337113555,0.0010563231503781638,0.1750393838613688,0.0002421213706006547,0.27151778441487917,0.0006938421509106678
2025-02-18,0.049392472587177716,0.0010555983659337295,0.17577163748857486,0.00024417221954989293,0.27151778441487917,0.0006941166671294111
2025-02-19,0.04892042408137228,0.0010532635370696102,0.17478239591708322,0.00024428555026541625,0.27114967462039047,0.0006949366912674255
2025-02-20,0.04921502042423348,0.0010621913006532476,0.1753493836469165,0.0002454306940534597,0.27151778441487917,0.0006989634372225989
2025-02-21,0.04899318994659742,0.0010615711252653928,0.17453529976437734,0.00024480403437048643,0.27137042062415195,0.0006983240223463687
2025-02-22,0.048856752003126835,0.0010600407055630936,0.17305529116552737,0.00024293838839531905,0.27159152634437805,0.0006999762008091725
2025-02-23,0.048856752003126835,0.0010600407055630936,0.17305529116552737,0.00024293838839531905,0.27159152634437805,0.0006999762008091725
2025-02-24,0.048856752003126835,0.0010600407055630936,0.17305529116552737,0.00024293838839531905,0.27159152634437805,0.0006999762008091725
2025-02-25,0.048873466594985586,0.0010614809782608695,0.1739644764539081,0.00024231263175749355,0.2717391304347826,0.000697461936014842
2025-02-26,0.048990789731530475,0.0010624847267820526,0.17271157167530224,0.0002437597503900156,0.2721829069134458,0.0006977393245883338
2025-02-27,0.048835278605264446,0.001051911849786988,0.17122994469272787,0.00024210906044736912,0.2721829069134458,0.0006894412079009962
2025-02-28,0.04871115163878927,0.0010436452441086226,0.1694025173214074,0.00024082922318125773,0.26881720430107525,0.0006843409112683574
2025-03-01,0.048348277785996985,0.0010526315789473684,0.16956624953369281,0.00024257302054350908,0.27137042062415195,0.0006859133965745485
2025-03-02,0.048348277785996985,0.0010526315789473684,0.16956624953369281,0.00024257302054350908,0.27137042062415195,0.0006859133965745485
2025-03-03,0.048348277785996985,0.0010526315789473684,0.16956624953369281,0.00024257302054350908,0.27137042062415195,0.0006859133965745485
2025-03-04,0.04859322610428106,0.0010595465140919686,0.1701172107582124,0.00024157682022094614,0.27262813522355506,0.0006881838827334664
2025-03-05,0.048997991082365626,0.0010777255679613744,0.17423424051294562,0.0002432255600876585,0.273972602739726,0.0006919505393754454
2025-03-06,0.04931452805996647,0.001076889941847943,0.1736714136853074,0.0002438786459857575,0.27377008788019824,0.0006910659000442282
2025-03-07,0.04941932295527551,0.001079517239890321,0.17269665831966152,0.0002421360271773477,0.2737476047084588,0.0006899977920070656
2025-03-08,0.049130392060528646,0.0010665756522110113,0.1707941929974381,0.00023960876680555987,0.2725686873092019,0.0006864642969919134
2025-03-09,0.049130392060528646,0.0010665756522110113,0.1707941929974381,0.00023960876680555987,0.2725686873092019,0.0006864642969919134
2025-03-10,0.049130392060528646,0.0010665756522110113,0.1707941929974381,0.00023960876680555987,0.2725686873092019,0.0006864642969919134
2025-03-11,0.04938759383642829,0.001071662040658858,0.17213185299939754,0.0002421278192757957,0.2730971952918043,0.0006891798759476223
2025-03-12,0.04960809604127393,0.0010678512696751597,0.17247624139774745,0.0002436112938195815,0.2731643356643357,0.0006887052341597796
2025-03-13,0.04982064567556796,0.0010708013877585986,0.17244055112000137,0.00024227916859480503,0.2730897372876727,0.0006885203010210756
2025-03-14,0.05022349455075084,0.0010768203648267396,0.1740583443570285,0.00024397086987813652,0.27353793971223805,0.0006893699158968703
2025-03-15,0.05019828321871392,0.0010860711376595167,0.17583963425356075,0.00024572620694569695,0.26881720430107525,0.000693164016469577
2025-03-16,0.05019828321871392,0.0010860711376595167,0.17583963425356075,0.00024572620694569695,0.26881720430107525,0.000693164016469577
2025-03-17,0.05019828321871392,0.0010860711376595167,0.17583963425356075,0.00024572620694569695,0.26881720430107525,0.000693164016469577
2025-03-18,0.0502108857200241,0.0010909646309266653,0.17644775382009387,0.00024291655330560845,0.27548209366391185,0.0006902930984496017
2025-03-19,0.04988230270676339,0.0010931351114997815,0.17702248185519562,0.0002410934068186037,0.2766557848724617,0.0006845798391237378
2025-03-20,0.04965736418710894,0.0010796804145972792,0.1762052438680575,0.00023989617293635314,0.27624309392265195,0.0006821794268328455
2025-03-21,0.049448647579488705,0.001077052323201861,0.17439528435151114,0.0002414350901760062,0.2752546105147261,0.000683526999316473
2025-03-22,0.049876555525075444,0.0010777720296602862,0.17386466374574033,0.0002416626389560174,0.2741378365041943,0.0006817794443497528
2025-03-23,0.049876555525075444,0.0010777720296602862,0.17386466374574033,0.0002416626389560174,0.2741378365041943,0.0006817794443497528
2025-03-24,0.049876555525075444,0.0010777720296602862,0.17386466374574033,0.0002416626389560174,0.2741378365041943,0.0006817794443497528
2025-03-25,0.04990268975497779,0.001086307099016892,0.17545706565603397,0.00024402326029717152,0.27555041194786584,0.0006835456881937989
2025-03-26,0.049407114624505935,0.001081116144307383,0.17438007881979561,0.00024227271185537288,0.275512453162883,0.0006822818233299447
2025-03-27,0.04932182490752158,0.001071662040658858,0.1738828029907842,0.0002398167799800952,0.27482342594882786,0.0006840553537592263
2025-03-28,0.04915454187966968,0.0010521553402144293,0.17365030301977877,0.0002381536424408843,0.2734631371691096,0.0006803970797357338
2025-03-29,0.048911714355588165,0.0010549858631894332,0.17544167441534061,0.00023983863656531885,0.2723682418629988,0.0006793339809650618
2025-03-30,0.048911714355588165,0.0010549858631894332,0.17544167441534061,0.00023983863656531885,0.2723682418629988,0.0006793339809650618
2025-03-31,0.048911714355588165,0.0010549858631894332,0.17544167441534061,0.00023983863656531885,0.2723682418629988,0.0006793339809650618
2025-04-01,0.04918839153959666,0.001058525896836066,0.1760098565519669,0.00024134360813521033,0.2725464010247745,0.0006802998761854225
2025-04-02,0.049489613614790665,0.0010473397570171764,0.1765162748005366,0.00024111084588918061,0.27250183938741585,0.0006821189342573771
2025-04-03,0.050152966547971314,0.0010533744851632203,0.1779232794818874,0.00024069126531398177,0.2727173557325188,0.0006893509071857939
2025-04-04,0.048988389751628864,0.0010209498917793114,0.1711068904744794,0.00023375572993733008,0.2720348204570185,0.0006856406283210718
2025-04-05,0.048337200309358085,0.0010112757243262375,0.1691761123329386,0.00022815787612396273,0.26924423144234133,0.0006803091324697943
2025-04-06,0.048337200309358085,0.0010112757243262375,0.1691761123329386,0.00022815787612396273,0.26924423144234133,0.0006803091324697943
2025-04-07,0.048337200309358085,0.0010112757243262375,0.1691761123329386,0.00022815787612396273,0.26924423144234133,0.0006803091324697943
2025-04-08,0.047977738329415154,0.0009990708640963905,0.16625656713440182,0.00022616912474810412,0.2671154205732297,0.0006729022273063725
2025-04-09,0.04939979252087141,0.0010202207757758778,0.17185969374602575,0.00023266798046519635,0.2691934962851298,0.0006916681652810248
2025-04-10,0.04895241824946152,0.0010131917566718676,0.16991487264880295,0.00023088662773918122,0.2681684097613301,0.0006887052341597796
2025-04-11,0.04922955742627874,0.0010306515779275659,0.17047972996010774,0.00023384865782562838,0.26837712353398996,0.0007049104058874118
2025-04-12,0.04979583706802111,0.0010349181379752863,0.17080586205718581,0.00023326498669223248,0.2683339147234819,0.0007045776409331427
2025-04-13,0.04979583706802111,0.0010349181379752863,0.17080586205718581,0.00023326498669223248,0.2683339147234819,0.0007045776409331427
2025-04-14,0.04979583706802111,0.0010349181379752863,0.17080586205718581,0.00023326498669223248,0.2683339147234819,0.0007045776409331427
2025-04-15,0.04978839930296241,0.001031161706778857,0.16988312041315576,0.00022996594204398326,0.26739397828760897,0.0007007757587649528
2025-04-16,0.05020836471356128,0.0010354110581901016,0.17075919538267134,0.00023253488604627908,0.26888948642108096,0.0007071135624381275
2025-04-17,0.05076013299154843,0.0010359581058541993,0.17238407171177383,0.0002320740223301624,0.26796720081462033,0.0007055171440666008
2025-04-18,0.05090509254545825,0.0010359581058541993,0.17221485525341415,0.0002323063842440518,0.26797438164911436,0.000702439572635764
2025-04-19,0.05064958087471826,0.0010407018493271863,0.17298943034580586,0.00023367106591393424,0.2703506447862878,0.0007034228556154247
2025-04-20,0.05064958087471826,0.0010407018493271863,0.17298943034580586,0.00023367106591393424,0.2703506447862878,0.0007034228556154247
2025-04-21,0.05064958087471826,0.0010407018493271863,0.17298943034580586,0.00023367106591393424,0.2703506447862878,0.0007034228556154247
2025-04-22,0.05101260011222772,0.0010621010482937347,0.17479461632581716,0.00023302038695365457,0.27051153731706656,0.0006996970311854967
2025-04-23,0.05101520253035405,0.0010639429726566657,0.1750976169214337,0.00023227131147350596,0.27109086965950985,0.0007010656197420078
2025-04-24,0.05108556832694764,0.0010735373054213634,0.1760098565519669,0.00023504690360961529,0.27242760236467156,0.0006992860289644273
2025-04-25,0.051287311519130165,0.0010703773080010704,0.1757839966249473,0.00023710897765722103,0.2726132708140232,0.0006957247712804815
2025-04-26,0.051096009401665726,0.0010604453870625664,0.17687532058651856,0.00023753138383408905,0.2730599093441101,0.0006964564296857589
2025-04-27,0.051096009401665726,0.0010604453870625664,0.17687532058651856,0.00023753138383408905,0.2730599093441101,0.0006964564296857589
2025-04-28,0.051096009401665726,0.0010604453870625664,0.17687532058651856,0.00023753138383408905,0.2730599093441101,0.0006964564296857589
2025-04-29,0.05112367276555041,0.001059456710598805,0.17753790434257713,0.00023899431193537594,0.27277686852154936,0.0006987485413624199
2025-04-30,0.0510379068741936,0.0010573283427435557,0.17657861279841786,0.00023515744967042681,0.27344818156959255,0.0007023853004804316
2025-05-01,0.05103342689461598,0.0010562115803037665,0.17657861279841786,0.00023515744967042681,0.2730524533762936,0.0006968252640967751
2025-05-02,0.051099273112839974,0.0010562115803037665,0.17676901592688835,0.00023555738766857076,0.27407021678954147,0.0007153638698323901
2025-05-04,0.05080526342529086,0.0010631850898922992,0.17581490207109954,0.000232884719734884,0.2731643356643357,0.0007276219858259237
2025-05-05,0.05080526342529086,0.0010631850898922992,0.17581490207109954,0.000232884719734884,0.2731643356643357,0.0007276219858259237
2025-05-06,0.05086987486010784,0.001066427786842414,0.17500568768484975,0.00023253272316746772,0.27377008788019824,0.0007273996915825308
2025-05-07,0.051065872422130926,0.0010592659287114031,0.17399777282850779,0.00023358155266329687,0.27443877270980843,0.0007156351978015687
2025-05-08,0.05122814351257036,0.0010706408856341405,0.17612765732602992,0.00023551245154331308,0.27562636090515696,0.000712331889674037
2025-05-09,0.05145885864251531,0.0010692328254477412,0.1770130812667056,0.0002371213468492501,0.2738375595596692,0.0007165582275215684
2025-05-10,0.05096081520996875,0.001057138326550029,0.1757006061670913,0.0002367996059654557,0.27384505846592,0.0007062097019088848
2025-05-11,0.05096081520996875,0.001057138326550029,0.1757006061670913,0.0002367996059654557,0.27384505846592,0.0007062097019088848
2025-05-12,0.05096081520996875,0.001057138326550029,0.1757006061670913,0.0002367996059654557,0.27384505846592,0.0007062097019088848
2025-05-13,0.05158228664276687,0.0010649627263045794,0.1786958774861064,0.00023712415820923837,0.2729108673107363,0.0007062246641901721
2025-05-14,0.05161290322580645,0.0010621236099457255,0.17795494180873403,0.0002393701692107726,0.2722792495983881,0.000710580544304697
2025-05-15,0.0513439800210305,0.0010662913321177613,0.17600366087614622,0.00023795529771777072,0.2716800695500978,0.0007158298615585047
2025-05-16,0.05141123849673539,0.0010597373970730054,0.17643841417153341,0.00023977940294928664,0.2712820791058543,0.0007152564194263644
2025-05-17,0.05177323323841573,0.0010670194944461635,0.1771259542660786,0.00023983863656531885,0.27101739931703617,0.0007201860960872289
2025-05-18,0.05177323323841573,0.0010670194944461635,0.1771259542660786,0.00023983863656531885,0.27101739931703617,0.0007201860960872289
2025-05-19,0.05177323323841573,0.0010670194944461635,0.1771259542660786,0.00023983863656531885,0.27101739931703617,0.0007201860960872289
2025-05-20,0.05192107995846313,0.0010596026490066225,0.1766097983116103,0.00023995431269886212,0.2713188810809344,0.0007180297264306742
2025-05-21,0.05163422316311251,0.0010602205258693808,0.17714478042904466,0.0002394876879379631,0.27191646726125734,0.0007278867990450125
2025-05-22,0.05177843386806648,0.0010607603530210456,0.17491079549429792,0.00023926478716200855,0.2734257512372515,0.0007239661763002432
2025-05-23,0.052098528737548444,0.0010642373675024477,0.17710713210420984,0.0002411439870746823,0.27353793971223805,0.0007327671485831947
2025-05-24,0.05197505197505198,0.0010641127959563714,0.1763108713283261,0.00024111084588918061,0.2734631371691096,0.0007309674354007529
2025-05-25,0.05197505197505198,0.0010641127959563714,0.1763108713283261,0.00024111084588918061,0.2734631371691096,0.0007309674354007529
2025-05-26,0.05197505197505198,0.0010641127959563714,0.1763108713283261,0.00024111084588918061,0.2734631371691096,0.0007309674354007529
2025-05-27,0.05191668617868789,0.001067315594548152,0.17726724810324043,0.0002433676238315312,0.27398761575976766,0.0007284329222543543
2025-05-28,0.05156047786250883,0.0010640222167838864,0.17578708668061244,0.00024261539394674592,0.2747479187845152,0.000728024578109757
2025-05-29,0.05177323323841573,0.0010685244745530897,0.17648200765931915,0.0002426595486532395,0.2761591781502858,0.0007297778556207491
2025-05-30,0.05151718097985678,0.001058447469252101,0.17451397856968343,0.00024060845065000373,0.2764798584423125,0.0007236047092194476
2025-05-31,0.05209961446285298,0.0010656436487638534,0.17625182861272184,0.0002408472041252309,0.27626598889410725,0.0007267230603761519
2025-06-01,0.05209961446285298,0.0010656436487638534,0.17625182861272184,0.0002408472041252309,0.27626598889410725,0.0007267230603761519
2025-06-02,0.05209961446285298,0.0010656436487638534,0.17625182861272184,0.0002408472041252309,0.27626598889410725,0.0007267230603761519
2025-06-03,0.052002080083203325,0.0010632303063166514,0.17745599091425326,0.0002434991806252572,0.2760295903720879,0.0007258526954539846
2025-06-04,0.052103930668425696,0.0010663254425250586,0.17741821020509546,0.00024339961104742153,0.27679362267493357,0.000734743060351795
2025-06-05,0.05222477543346564,0.0010756736406174368,0.1790670606142,0.00024304466917974852,0.27607531334548063,0.00073826890706671
2025-06-06,0.052361503822389785,0.0010704460548710648,0.1798981776314606,0.00024335755552202628,0.2742506102076077,0.0007357377242160714
2025-06-09,0.05252707770855876,0.001067691650651292,0.17990788716177317,0.0002416912587522447,0.2752546105147261,0.0007385306194794836
2025-06-10,0.05247691015952981,0.0010637166258908627,0.1794075961176196,0.00023784040908550363,0.27545174085500224,0.0007320965781805936
2025-06-11,0.05289354116968777,0.00107095046854083,0.18063583815028902,0.00023942920078532775,0.27609055770292656,0.0007300389110739602
2025-06-12,0.053002597127259236,0.0010755001075500108,0.18060321473722232,0.00024083676325023664,0.2771618625277162,0.0007380564022702614
2025-06-13,0.05277880403230063,0.0010682619378271552,0.18039470361150195,0.00024263717492684487,0.27631942525559544,0.0007317376574150636
2025-06-16,0.05286250462546915,0.0010695187165775401,0.18210955710955712,0.00024387269845140838,0.277947634665629,0.0007358135154226513
2025-06-17,0.05263157894736842,0.0010596475612211379,0.18184463194646494,0.000244140625,0.277284826974268,0.0007239766589925141
2025-06-18,0.05264266161297115,0.001061751465217022,0.18211950682037553,0.0002458512599877074,0.2782415136338342,0.0007269026677327906
2025-06-19,0.052559655208661835,0.0010642260416112383,0.1821161901293025,0.00024508302187365973,0.27862914460852606,0.0007265118712039755
2025-06-20,0.05220732573194671,0.0010642260416112383,0.18139931431059192,0.0002454590083456063,0.2777777777777778,0.0007284170041665453
2025-06-23,0.05233574426661922,0.0010560777273207309,0.1819604417999527,0.0002449179524859172,0.2785515320334262,0.0007295648875010944
2025-06-24,0.05267593763168984,0.0010683760683760685,0.18146844263782527,0.0002457606291472106,0.27948574622694244,0.0007360301477948537
2025-06-25,0.05285132921092966,0.001069129942053157,0.17976235416779018,0.00024679170779861795,0.2800336040324839,0.0007358189296777849
2025-06-26,0.05295768680824022,0.0010737102056155043,0.1821991436640248,0.000246964192661706,0.2818489289740699,0.0007366102668738997
2025-06-27,0.053154733429011856,0.0010643279833113372,0.18232870218429784,0.0002449479485609308,0.2817695125387433,0.0007329605007586142
2025-06-30,0.05336464058914563,0.0010735488303685492,0.18409086725207563,0.0002446183953033268,0.2824060999717594,0.0007393988687197309
2025-07-01,0.05341024408481547,0.0010775862068965517,0.18321729571271528,0.00024853982850751833,0.2808988764044944,0.0007373706836163608
2025-07-02,0.05319997872000851,0.001079528893590837,0.18438277864847424,0.0002508466072996363,0.28188865398167723,0.0007374957593993834
2025-07-03,0.05372300419039432,0.0010771915462007454,0.18490440442291337,0.00025078369905956113,0.28216704288939054,0.0007335411699981661
2025-07-04,0.05377211378179276,0.001076426264800861,0.18447801944398326,0.0002500437576575901,0.281928390188892,0.0007340580933575084
2025-07-07,0.05359344016292406,0.0010607716052656701,0.18224230937454441,0.00024715768660405336,0.2806623631770979,0.0007271616698540587
2025-07-08,0.05376344086021505,0.0010627444312191804,0.1836007784673007,0.0002473716759431045,0.2823662289990117,0.000730028252093356
2025-07-09,0.05368291648548682,0.0010532968190436066,0.17934967806732785,0.0002489110143123833,0.2817695125387433,0.0007279238882782417
2025-07-10,0.05374899220639613,0.0010525761802010422,0.18078932619818125,0.00024940765681506424,0.2820874471086037,0.0007291978094897803
2025-07-11,0.05369415807560138,0.0010460469884307202,0.17990788716177317,0.0002502815667626079,0.28149190710767064,0.0007251894557453134
2025-07-14,0.05336464058914563,0.001034126163391934,0.17892928714572,0.0002502696655646459,0.2804498415458395,0.0007234319612240469
2025-07-15,0.053134962805526036,0.0010350466806052954,0.17996616636072418,0.00024823135161970955,0.2808988764044944,0.0007214434640829372
2025-07-16,0.05346678643226828,0.0010347253838831174,0.1795880250704883,0.0002493746929574093,0.2820874471086037,0.0007211625139725236
2025-07-17,0.053319114902692616,0.0010388531061707874,0.18038819539649326,0.0002486881699037577,0.2809383340356792,0.0007186282823346796
2025-07-18,0.05338743259836634,0.0010389286567691397,0.17925965761405396,0.0002484163457955533,0.2805049088359046,0.0007190054716316391
2025-07-21,0.053574489970855475,0.0010485477613505294,0.1796428699744907,0.0002471888448618091,0.28095412019217264,0.0007232854518364218
2025-07-22,0.0536365586783952,0.0010538518284329223,0.17969774838721272,0.00024638127502309826,0.2813414359666892,0.0007243122655039041
2025-07-23,0.05394616173059287,0.001054407423028258,0.18116270222286637,0.0002479174930583102,0.2813889357870449,0.000727489651459708
2025-07-24,0.053928706250337057,0.001052742393936204,0.18112660749864154,0.0002456495465309371,0.28239015023155994,0.0007285390606217353
2025-07-25,0.05399276496949409,0.001038098204090107,0.17976558567627812,0.00024180872929512756,0.28216704288939054,0.000722908985758693
2025-07-28,0.05334755934915977,0.0010334849111202976,0.1789452964228835,0.00023938907907021281,0.28224668360146765,0.0007197247772451814
2025-07-29,0.0533447135388883,0.0010299934080421885,0.17939794051164293,0.0002419081716580386,0.28169014084507044,0.0007204143823527293
2025-07-30,0.05299248566553263,0.0010205331265052864,0.17956222728986732,0.00023880597014925374,0.2802219357731323,0.0007179523997558962
2025-07-31,0.052991643217864544,0.001028933613203276,0.17854592201114128,0.00023937761819269897,0.278473962684489,0.0007183546804399205
2025-08-01,0.05304167484392487,0.0010318746065978062,0.1804630682330861,0.0002425694900946749,0.27932960893854747,0.0007200564524258702
2025-08-04,0.05292461417956263,0.0010361083769362275,0.18188432157148052,0.00024401730570732078,0.2805521265851195,0.0007218496675882281
2025-08-05,0.05337432481479109,0.001035143108534755,0.18158707100054478,0.00024467824810374357,0.28137310073157007,0.0007211729156299805
2025-08-06,0.05374610340750295,0.0010258514567090685,0.18306636155606407,0.0002469440671687863,0.28137310073157007,0.0007222876293797716
2025-08-07,0.05374899220639613,0.0010334849111202976,0.18439637845512716,0.00024715768660405336,0.2826455624646693,0.0007227888083380917
2025-08-08,0.05386479935362241,0.0010332713370531101,0.1840502088969871,0.00024743288383026105,0.28401022436807727,0.0007201031187666074
2025-08-11,0.05362792942564488,0.0010316297687086057,0.183759348756868,0.00024798512089274643,0.28308563340410475,0.0007191088802755626
2025-08-12,0.05377500537750054,0.0010482180293501049,0.18556318426424195,0.00024909702329057166,0.2834467120181406,0.0007225329113741131
2025-08-13,0.05369358146927117,0.0010510273792632297,0.18523320860963954,0.0002482233414336884,0.2824459822059031,0.0007248267664028297
2025-08-14,0.05322546306152864,0.001036258691619776,0.18465515649524514,0.0002463970590047037,0.2807096339546373,0.0007201290471252448
2025-08-15,0.05341024408481547,0.0010394146016963245,0.18516803999629664,0.00024903498941601296,0.28109627547434995,0.0007201186755577319
2025-08-18,0.053262316910785625,0.0010374304921570256,0.18394864153928223,0.00024910012579556357,0.2822865208186309,0.0007200668222011003
2025-08-19,0.053185831294543136,0.001038389250594478,0.18169925139908424,0.0002481697481077057,0.286286859433152,0.0007178853967752588
2025-08-20,0.053355529233494466,0.0010348431695176596,0.1824018677951262,0.00024857071836937607,0.2868864216656626,0.0007155123068116772
2025-08-21,0.05337603416066186,0.0010307365643488838,0.18279196446524212,0.00024773017229633485,0.28452739998861887,0.0007137453071246057
2025-08-22,0.0538184166621818,0.0010444955086693127,0.184443993581349,0.00024909702329057166,0.2867301296020186,0.0007226373372259398
2025-08-25,0.05359056806002144,0.0010379904504878555,0.18478823268534258,0.0002484718978283556,0.28312570781426954,0.0007193571824217879
2025-08-26,0.0536135535063264,0.0010349824052991099,0.1841383247095218,0.00024740227610094015,0.28182509934334754,0.0007169538066662365
2025-08-27,0.053599185292383555,0.001033079195851154,0.184593801340151,0.00024810817516437165,0.2817695125387433,0.0007178750897343862
2025-08-28,0.053625053625053626,0.0010346825593907788,0.18475750577367206,0.00024906600249066,0.28254972875226037,0.0007218705108677605
2025-08-29,0.05364519070865297,0.0010351966873706005,0.1841654542440929,0.0002495321272613849,0.28313372405787257,0.0007200408983230248
2025-09-01,0.05365238618987579,0.0010335917312661498,0.18382690858287837,0.00024905173551701895,0.28291744468963953,0.0007180245708008128
2025-09-02,0.053475935828877004,0.0010274852298998202,0.18299601068696703,0.00025003125390673836,0.2826535515418751,0.0007166301185306215
2025-09-03,0.053530324929072316,0.0010323326588759963,0.1834424816098912,0.00024967853888119046,0.28314174075542214,0.0007193571824217879
2025-09-04,0.0534159500026708,0.0010290183165260341,0.18363112180252308,0.00025113008538422905,0.2836798956057984,0.0007176690110521027
2025-09-05,0.05348165579206332,0.0010365379632029023,0.18475067895874517,0.0002527486414760521,0.2840909090909091,0.0007214070322757506
2025-09-08,0.05360550635761305,0.0010308959516715979,0.18452908178328906,0.0002542911633820725,0.28496523424142256,0.0007219799578363705
2025-09-09,0.05367398421984864,0.0010335490005581164,0.18384380630216568,0.0002549817050626618,0.2863934473179254,0.0007199268554314882
2025-09-10,0.05378946802216126,0.001038820730706502,0.18489756674802157,0.0002548744743213967,0.2873232961728537,0.0007199061242413989
2025-09-11,0.054229934924078085,0.00105248755433467,0.1855321991131561,0.0002572347266881029,0.2867301296020186,0.0007197144173192077
2025-09-12,0.05433010974682169,0.0010488226965231528,0.18675880100849754,0.00025650891368475054,0.28645907932051906,0.0007180297264306742
2025-09-15,0.054478099803878834,0.0010508837932701402,0.18810074675996463,0.0002563116749967961,0.2866150759529951,0.0007220268738402444
2025-09-16,0.05470459518599562,0.0010556317956296843,0.18883244896803067,0.0002586987453110852,0.2875215641173088,0.0007253419987524117
2025-09-17,0.054646899061712745,0.001051148905753989,0.18849430747191434,0.00025849745767750375,0.28785261945883706,0.0007245746746659712
2025-09-18,0.05448819240870504,0.0010454783063251437,0.18821049461717984,0.0002569571138576972,0.2871912693854107,0.0007204040025646383
2025-09-19,0.0543782660946073,0.0010482180293501049,0.18785692816351068,0.00025769875016106174,0.2858776443682104,0.0007157735006334596
2025-09-22,0.05449413098209323,0.0010457844429106271,0.18745899334520572,0.0002599090318388564,0.2856326763781777,0.0007189641165009454
2025-09-23,0.05448106782892945,0.0010542740269050732,0.18930072312876234,0.00025948751216347713,0.2858858172046085,0.0007172777873414816
2025-09-24,0.054327158146357364,0.0010497254967825915,0.18753281824319257,0.00025749967812540236,0.28574694250771515,0.0007118653720208434
2025-09-25,0.05415006064806793,0.0010431118111550377,0.18644889435805645,0.00025637738751442123,0.2856326763781777,0.0007097232079489
2025-09-26,0.05451670937142234,0.0010430682896809254,0.1871747838131247,0.0002565016762384542,0.2864508736751647,0.0007094966121536769
2025-09-29,0.05445940867974055,0.0010368066355624676,0.187913409500902,0.00025484199796126404,0.2875380987980908,0.0007143469440237734
2025-09-30,0.05462272086697182,0.0010399334442595673,0.18788516458740417,0.00025506950644050506,0.28819274330672356,0.0007123268155429712
2025-10-01,0.05443717405742033,0.0010426224038702144,0.18766655406673424,0.0002578981302385558,0.28776978417266186,0.0007129158973115941
2025-10-02,0.05428586938819825,0.0010402688054593308,0.18733608092918697,0.00025749967812540236,0.28787747934479085,0.0007113083806353406
2025-10-03,0.054404004134704316,0.0010359795704828702,0.1873711823121604,0.0002585281989633019,0.2889922839060197,0.0007105300554213443
2025-10-06,0.05454406615104343,0.0010402796271637817,0.18822820787923278,0.00025918486360396555,0.28910089621277824,0.0007089634245769261
2025-10-07,0.05437146585471944,0.0010415798683443046,0.1869123941608568,0.0002580312217778351,0.29069767441860467,0.000706279531312903
2025-10-08,0.05455537370430988,0.0010517680220450579,0.1871747838131247,0.00025736647184024746,0.2905287623474724,0.0007035614279482742
2025-10-09,0.05438625115570784,0.0010528975741239891,0.18628912071535023,0.00025756600128783,0.2917493289765434,0.0007028789923526766
2025-10-10,0.05383000484470043,0.0010428833639245787,0.18110364561638626,0.0002548744743213967,0.2912395153774464,0.0006997704752841068
2025-10-13,0.05415621902941224,0.0010445500600616284,0.1830261544374691,0.00025500251177474096,0.29205607476635514,0.0007011246038645989
2025-10-14,0.05407451468123074,0.0010404636305937926,0.18242516007807796,0.00025493945188017844,0.29205607476635514,0.0006999860002799944
2025-10-15,0.05424170101974398,0.0010427202485845074,0.18333150001833315,0.0002570694087403599,0.2938842683751139,0.0007037050068611239
2025-10-16,0.05424170101974398,0.0010462439840970914,0.18364798354514067,0.0002605184316790413,0.2953686200378072,0.0007058956403885249
2025-10-17,0.05447513210219535,0.0010462658770846848,0.1849112426035503,0.00026114297055351864,0.2960243924099346,0.0007034426483208824
2025-10-20,0.0544069640914037,0.001051812272545596,0.18607074409690566,0.00025713551041398817,0.29660388551090017,0.0007037149110152495
2025-10-21,0.05425700457929118,0.0010486577181208054,0.18561140396465958,0.0002571024553284484,0.2950461747263447,0.0006987290119273042
2025-10-22,0.05430945527616358,0.0010522549824273418,0.18519547382261978,0.0002560491614389963,0.293513354857646,0.000698397178475399
2025-10-23,0.05436466731541836,0.001058985491898761,0.1858010813622935,0.0002578981302385558,0.29517681090973497,0.0006961122132887822
2025-10-24,0.0542246418462406,0.0010624960156399414,0.18557351494794663,0.0002582311168495804,0.295630580027198,0.0006950139697807926
2025-10-27,0.0543773790103317,0.0010636261141483546,0.18612269207861823,0.0002601795238714713,0.29550827423167847,0.0006996187078042467
2025-10-28,0.054324206866579745,0.0010612106290856609,0.18664377169733845,0.0002569043031470777,0.29507229271171437,0.000698616738857063
2025-10-29,0.05410669840926307,0.0010631624831222955,0.18654976214905325,0.0002580978190734288,0.29502006136417275,0.000701232767204746
2025-10-30,0.05398984990821726,0.0010613007301749024,0.18584942479603025,0.00025957170668397143,0.2957617343468102,0.0006996676578625153
2025-10-31,0.05393161471254449,0.0010614359104997241,0.18608459405645808,0.00025922719189552107,0.2972209838014564,0.0006998341393089837
2025-11-03,0.05407743889249405,0.001065825375170532,0.18667861409796893,0.00025942759894568624,0.2962962962962963,0.0006993496048674732
2025-11-04,0.05357621216180016,0.001056535198470137,0.18528125694804715,0.00025876568766981497,0.29550827423167847,0.0006926646810279144
2025-11-05,0.05383261287353104,0.0010606815939922995,0.186584569456106,0.00026096033402922753,0.2968239833778569,0.0006941503946244994
2025-11-06,0.05383116393742666,0.0010618980365505303,0.18692287562151855,0.00026403337381845064,0.2964016835615626,0.0006902121021789997
2025-11-07,0.054229934924078085,0.0010590415673815197,0.18754336940417474,0.00026472534745201854,0.2962962962962963,0.0006868886690845149
2025-11-10,0.054421176368148375,0.0010667690764980106,0.1890109059292721,0.0002666211633214598,0.2970532319391635,0.0006864313122507396
2025-11-11,0.054582173462147256,0.001070858721608858,0.18969212967353985,0.00026798874447273214,0.2971768202080238,0.0006845751526602591
2025-11-12,0.05469053361553648,0.001076287239538488,0.18894662257912137,0.00026994196247806724,0.2969473809241003,0.0006806100988926473
2025-11-13,0.054632867132867136,0.0010772727762396717,0.18875759749329912,0.0002665600426496068,0.2964719833975689,0.0006799806885484452
2025-11-14,0.05465227490094275,0.001081081081081081,0.18880749188127785,0.00026627612834509385,0.297441998810232,0.0006906411221536952
2025-11-17,0.0542911744266852,0.001083717149823896,0.18765246762994933,0.0002663115845539281,0.2976190476190476,0.0006839150030434217
2025-11-18,0.054524140563234375,0.0010735142562693233,0.18790634747641777,0.0002687377388406654,0.297000297000297,0.0006852647520369495
2025-11-19,0.05454257866403408,0.0010721331160476885,0.1876031817499625,0.0002689987061162236,0.29607698001480387,0.000681649318691506
2025-11-20,0.05440962832782889,0.0010786206599001198,0.18751875187518752,0.0002660076769815577,0.2960243924099346,0.0006783202078373116
2025-11-21,0.05420054200542006,0.0010664960273022983,0.18508921300066633,0.0002631578947368421,0.29542097488921715,0.0006804757886714391
2025-11-24,0.05409469817863151,0.0010648493238206793,0.1855838467819761,0.000264026402640264,0.2958930050893597,0.0006781500067815001
2025-11-25,0.05438033607047692,0.001069472963723477,0.1858390633711206,0.0002631925253322806,0.29681517319165357,0.0006823563128194281
2025-11-26,0.05451373746184038,0.0010793075162975436,0.18755040417112098,0.0002683785640673308,0.2970620562635535,0.0006796479423658545
2025-11-27,0.05450096194197828,0.001076982725197088,0.1866995257832045,0.0002671839347643705,0.29715915844526325,0.0006838869398111104
2025-11-28,0.05467468562055768,0.0010782833728703904,0.18739576110788375,0.00026704052339942587,0.2974773917182294,0.0006814449358419593
2025-12-01,0.0546439129413179,0.0010776791102681267,0.18666816001194678,0.0002626878217925817,0.29673590504451036,0.0006795232464902625
2025-12-02,0.05471956224350206,0.0010842223956978054,0.18770882606900177,0.0002619515389652914,0.2970355848630666,0.000681022623571555
2025-12-03,0.05470130353206317,0.0010888620302921417,0.18841617364434562,0.00026578073089701,0.2976190476190476,0.0006821189342573771
2025-12-04,0.05486968449931413,0.001091155096785457,0.18835229413094254,0.0002619515389652914,0.2976544826765091,0.0006781684027777778
2025-12-05,0.05507214450930719,0.0010822276574100128,0.18385732671446958,0.00026105570928836215,0.2974331518991107,0.0006787069275616096
2025-12-08,0.054770811539114575,0.0010841401142683681,0.18416884599801098,0.0002605788498570725,0.29769878836593133,0.0006804943110675595
2025-12-09,0.05500550055005501,0.0010803802938634398,0.1840569840422595,0.00025940337224383917,0.2974508462476576,0.0006804804191759382
2025-12-10,0.055077604344521434,0.0010841283607979184,0.1827318410232983,0.0002607969956186105,0.2969032985956474,0.0006807629991694691
2025-12-11,0.05540473156407558,0.0010948225840002627,0.18491466188354075,0.00026331588426740254,0.2967799376762131,0.0006797310983774819
2025-12-12,0.05554012774229381,0.001098901098901099,0.18454951463477653,0.0002629157355067701,0.29708853238265004,0.0006780672371472355
2025-12-15,0.05560931122307119,0.0010926573426573425,0.18469608259608813,0.0002614344910524045,0.2969209299563526,0.0006808788784563114
2025-12-16,0.055697894619583375,0.0010964912280701754,0.18152773743828057,0.0002605523710265763,0.29691211401425177,0.0006789142802829715
2025-12-17,0.05555061772286908,0.00109178649023397,0.1811594202898551,0.0002588326646822829,0.2969914763446289,0.0006778374274713952
2025-12-18,0.05557408024897188,0.0010984182776801407,0.1811069255288322,0.0002594094284950881,0.2970444081390168,0.0006777363605557439
2025-12-19,0.055496975414839896,0.0011001100110011,0.18042399639152007,0.00026298487836949375,0.2972651605231867,0.0006777731086741402
2025-12-22,0.055621064809664715,0.0010999769004850898,0.17890367825962503,0.0002642706131078224,0.2971150132216181,0.0006759314335153841
2025-12-23,0.05588153115395362,0.0011029614514972703,0.18114957520424615,0.0002665600426496068,0.297167989064218,0.0006756619798247333
2025-12-24,0.05573701048970537,0.0011072603058252964,0.1811594202898551,0.00026786599200152145,0.2970444081390168,0.000691543802384443
2025-12-25,0.055837846892623826,0.001107358396545042,0.18039470361150195,0.00027076423204494684,0.2970532319391635,0.0006915868460181887
2025-12-26,0.05588153115395362,0.0011056809889210765,0.18039470361150195,0.00027076423204494684,0.2970532319391635,0.0006935293709688605
2025-12-29,0.05567928730512249,0.0010942235936491262,0.17952676744102547,0.00026707261704457443,0.2971768202080238,0.0006965777136926282
2025-12-30,0.05562353988207809,0.0011109876680368848,0.18258170531312762,0.0002650762094102054,0.29739776951672864,0.0006952700776616677
2025-12-31,0.05554167013802105,0.0011118523460084502,0.18442358408793316,0.0002655393635552534,0.2973889252364242,0.0006941985824464946
2026-01-01,0.05561271306620693,0.0011053265687347327,0.18442358408793316,0.0002650593467877458,0.29748624126134166,0.0006931688212664194
2026-01-02,0.055884654073991284,0.0011053265687347327,0.18442358408793316,0.0002650593467877458,0.29748624126134166,0.0006932937693688946
2026-01-05,0.05585531239876224,0.0011085491308974813,0.1848633859577772,0.00026860059092130003,0.297441998810232,0.0006920989978406511
2026-01-06,0.05559570801134153,0.0011197205177587673,0.18615734018392344,0.0002686366689053056,0.297495091330993,0.0006911279899924666
2026-01-07,0.05566069241901369,0.001116121255413188,0.18570791858564847,0.00026634705020641894,0.297441998810232,0.00069030262867241
2026-01-08,0.05567928730512249,0.0011154240842368268,0.18560451390177807,0.00026950545748551406,0.2973712382538361,0.0006887763887453938
2026-01-09,0.05568548836173294,0.0011199336999249644,0.18619200119162882,0.00026936026936026934,0.2975836209975003,0.0006863323770435547
2026-01-12,0.055772448410485224,0.0011332215221431484,0.18603958922458697,0.00026946914578280785,0.2976190476190476,0.0006817236701275505
2026-01-13,0.05610381449834774,0.0011286554327829257,0.18614001451892112,0.00027438606118809165,0.29770765108663294,0.0006779339285593227
2026-01-14,0.056227790022940934,0.0011363636363636363,0.18529842311041933,0.0002725538293813028,0.29771651433505014,0.0006835783961883668
2026-01-15,0.05667809674951115,0.0011337868480725624,0.18629606170125565,0.0002710394362379726,0.29770765108663294,0.0006802859922311339
2026-01-16,0.056779468544174434,0.0011290759642308735,0.18624054829217418,0.00027100271002710027,0.2979205148066496,0.0006787529949975904
2026-01-19,0.05691778794708923,0.001125619090499775,0.18623014321098014,0.0002734855736359907,0.29791163940775167,0.0006785641582411617
2026-01-20,0.05687635081333182,0.001130543904672538,0.18599806562011753,0.00027199782401740786,0.2979205148066496,0.0006753015221296309
2026-01-21,0.0572475383558507,0.0011456590976788947,0.18798405895180087,0.00027295556283437055,0.29800041720058407,0.0006825798789103295
2026-01-22,0.05723115664167573,0.0011513044279168297,0.18923624252516844,0.0002778163633838033,0.2981514609421586,0.0006830414469550012
2026-01-23,0.05761729440708924,0.001154894442647942,0.18905378580206067,0.00027498968788670426,0.2981959147159684,0.0006915629322268327
2026-01-26,0.05768343331795109,0.0011576887900994455,0.1893580761219466,0.00027081922816519973,0.29848073306868045,0.0006916777335104028
2026-01-27,0.058380524257107824,0.0011667522284967563,0.1930278346137513,0.0002762812543168946,0.2989983555090447,0.000698397178475399
2026-01-28,0.058186896310950774,0.001156497201276773,0.19253354897090819,0.0002725077800971218,0.29910567403463645,0.000699154023631406
2026-01-29,0.05808550185873606,0.001163873370577281,0.19268565262630544,0.0002757479663587481,0.2991414639983248,0.0006985288981405161
2026-01-30,0.05730659025787966,0.0011461843522912224,0.19021894200224457,0.00027194604590449257,0.29691211401425177,0.0006895077604098434
2026-02-02,0.05749439429655608,0.0011562030292519368,0.19009961219679114,0.0002767744703228574,0.2971326697370376,0.0006875782120216174
2026-02-03,0.05804167392187591,0.001165827271031524,0.19088705213125395,0.00027393507738665936,0.29755705656559645,0.000689498252121931
2026-02-04,0.05768676088837611,0.001160658325402168,0.19087612139721322,0.0002745744096650192,0.2976190476190476,0.0006839804928763432
2026-02-05,0.05713795960346256,0.0011535755072848294,0.18967054226808033,0.0002712600027126,0.2971150132216181,0.0006795232464902625
2026-02-06,0.057971014492753624,0.0011694812181316367,0.19169574052064564,0.0002715642371624796,0.2977608384945212,0.0006833635152219223
2026-02-09,0.05820721769499418,0.0011760693410483483,0.19256691700365877,0.0002727396699849993,0.29788501638367587,0.0006860922245168195
2026-02-10,0.058174371862219826,0.001167501430189252,0.19260400616332818,0.0002729630135116692,0.2979915370403481,0.0006865915535507082
2026-02-11,0.05822246805042066,0.0011736813689819487,0.19293100787158513,0.0002731128584264876,0.2980892479208275,0.0006915533671733448
2026-02-12,0.05806897432770645,0.0011657321380693143,0.19188333493236112,0.00027281407720638383,0.2982492767455039,0.0006944444444444445
2026-02-13,0.058292043136111915,0.0011616290686058128,0.1916039163840509,0.0002732822842026443,0.29841838257236647,0.0006942515967786726
2026-02-16,0.05826894614783997,0.0011596354106268988,0.1914241960183767,0.0002729630135116692,0.29882859191967487,0.0006924392557662879
2026-02-17,0.05840064007101518,0.0011560559993526087,0.19146817798881824,0.0002741866937197538,0.2989357885926103,0.00069230502959604
2026-02-18,0.058133789102239895,0.0011596219632399837,0.19100737288459332,0.00027173691518819136,0.29836496001909535,0.0006932697373894234
2026-02-19,0.05797840884054777,0.0011567647603183417,0.1919238446184554,0.00027111291853056796,0.2977431072470672,0.0006899216249034109
2026-02-20,0.0584214523573056,0.0011564704521799466,0.1931881846106292,0.0002700877785280216,0.29746854270160933,0.0006915629322268327
2026-02-23,0.05793071486502143,0.0011553748035862835,0.1933562782783557,0.00027111291853056796,0.2978051758539563,0.0006924536402287866
2026-02-24,0.058258083309059135,0.0011625203441060219,0.1940353532413606,0.0002703725734061537,0.2979027645376549,0.0006937988260923863
2026-02-25,0.05827675631574346,0.001167228881911454,0.1951371814385513,0.0002714072465734835,0.2980270608571258,0.0007009525945760287
2026-02-26,0.05817335660267597,0.0011562565039428348,0.19466614755693987,0.0002663967179924343,0.2980892479208275,0.0006983045166336136
2026-02-27,0.058105752469494475,0.0011453441759248654,0.19493177387914232,0.00026718679028508833,0.29807147754031416,0.0006948304613674264
2026-03-02,0.05781015146259684,0.0011346745186143355,0.19337871287128713,0.0002673975533123872,0.2981514609421586,0.0006879518984032637
2026-03-03,0.05648760097158674,0.001101770545266243,0.18950161076369149,0.00026413449728601804,0.29244041526538966,0.0006756163309979529
2026-03-04,0.05696382796923953,0.0011177305598712374,0.19116072794005198,0.0002670940170940171,0.2931175987806308,0.0006838869398111104
2026-03-05,0.05641430666817105,0.0010965032511321396,0.18997321377685747,0.00026528365454762503,0.29021679194358185,0.0006751829745861128
2026-03-06,0.05625879043600563,0.001098044382953959,0.19069412662090007,0.0002650452962411276,0.28686173264486514,0.0006751692987016494
2026-03-09,0.056824639163541316,0.0010978635575170717,0.19379093833572344,0.0002672367717797969,0.28673835125448033,0.0006843174959454189
2026-03-10,0.056839173558416466,0.0011235450092130692,0.1938209869364655,0.0002704069353970791,0.29243186337583343,0.0006787760310607912
2026-03-11,0.056612318840579705,0.0011162458419842385,0.19391494890341096,0.00026992738953221583,0.29238056254020234,0.0006766998700736249
2026-03-12,0.05601927062909641,0.0010909765330947732,0.19070139974827413,0.00027192386131883074,0.28998956037582646,0.0006698417164024141
2026-03-13,0.05573825316314587,0.0010913813613891103,0.18785692816351068,0.0002707385748321421,0.28910089621277824,0.0006661160107644347
2026-03-16,0.05658348893792792,0.0010998559188746273,0.19116803670426305,0.0002710247445591783,0.2925088483926639,0.000671438355244605
2026-03-17,0.05664438654129376,0.0011040452216922805,0.1925928779153747,0.0002708001603136949,0.29268863782707955,0.0006722191972358347
2026-03-18,0.05601299501484344,0.0010903460758444731,0.1898505875875686,0.00027090653453651955,0.29072302817106144,0.0006630640188310181
2026-03-19,0.05639489964527608,0.001096840003948624,0.19157822138779262,0.00027178639763437117,0.28958647052009734,0.0006714293387763872
2026-03-20,0.055862800960840175,0.0010797620204506927,0.18819632640770853,0.0002706806807077759,0.28767044473850756,0.0006643414715163594
2026-03-23,0.05623664379709819,0.0010993360010553626,0.1910913225430433,0.0002697497262040279,0.2893937201562726,0.0006726306585054147
2026-03-24,0.05636883254510915,0.001091703056768559,0.1910913225430433,0.00027009434395434327,0.2892681515765114,0.000668435793399865
2026-03-25,0.05629489517890517,0.0010922038489263636,0.19132164995790923,0.00027042082889392475,0.2894356005788712,0.0006646240554030613
2026-03-26,0.05572582892170521,0.0010771335322439922,0.19083605274708498,0.0002717066437708535,0.2870758454383648,0.000663455541844141
2026-03-27,0.055242514639266375,0.001083728894379782,0.19093443311566807,0.0002723474717984193,0.28677946659019216,0.0006630640188310181
2026-03-30,0.05521445293520032,0.001073283819173142,0.19040365575019041,0.000272860230075746,0.28615578320837864,0.0006590871642774757
2026-03-31,0.05578800557880056,0.0010804153116457966,0.19300175631598246,0.00027282375312724226,0.28615578320837864,0.0006639224538573894
2026-04-01,0.05613247263541959,0.001096383032376191,0.19400147441120552,0.0002734758507150026,0.2901410085301456,0.0006611351690853195
2026-04-02,0.05598602588793837,0.0010885538562020356,0.19390366865741102,0.0002728460847951062,0.289804671651307,0.0006623393826996954
2026-04-03,0.05598790661217177,0.001088139281828074,0.19391870927707106,0.0002728029135351165,0.2896955299979721,0.0006620061434170109
2026-04-06,0.056338028169014086,0.0010899895361004533,0.19457902827233278,0.00027195713955480616,0.2923292797006548,0.0006629145701993384
2026-04-07,0.05647803004631199,0.0010922396373764405,0.19405041429763453,0.0002722325519351651,0.2918174390101552,0.000668257118608956
2026-04-08,0.0573394495412844,0.0011152250524155776,0.1961322716039697,0.00027416038382453733,0.2955519432540269,0.0006764298034971422
2026-04-09,0.05760335481938468,0.001120611405582886,0.19773396871848617,0.00027428220347350984,0.2963841138114997,0.0006782834003703428
2026-04-10,0.0578368999421631,0.0011144420545853718,0.19986409241715633,0.000274707162165132,0.2950113579372806,0.000673504987304431
2026-04-13,0.05780012716027976,0.0011199336999249644,0.20015612177498449,0.00027878449958182325,0.29673590504451036,0.0006760959515374422
2026-04-14,0.057938770307538995,0.0011286554327829257,0.2005052732886875,0.00027930776363859806,0.2951332526635776,0.000679204787035339
2026-04-15,0.05797538365210132,0.0011298796678153777,0.20027638140634074,0.0002769200947066724,0.29098527614502706,0.0006779706981064279
2026-04-16,0.05798782255726297,0.0011292289624644293,0.20032051282051283,0.00027731327803706565,0.2908498633005642,0.0006759451402924138
2026-04-17,0.05782352260899734,0.0011381743683132257,0.20087581856896067,0.00027754802968653727,0.2912904165452957,0.0006817701480122992
2026-04-20,0.0578439255201615,0.001134442818409738,0.2013693113169553,0.00027999204822583035,0.29118015316076057,0.0006794032122183874
