,AUD,BRL,CAD,CHF,CZK,EUR,GBP,HUF,IDR,INR,JPY,KRW,MXN,NOK,NZD,PHP,PLN,SEK,SGD,THB,TRY,ZAR,CLP,COP,PEN
2014-10-31,1.1377,2.4524,1.1274,0.96351,22.173,0.79847,0.6262,246.14,12113,61.365,111.93,1072.68,13.471,6.779,1.2811,44.998,3.3677,7.3989,1.2864,32.603,2.2173,10.9803,,,
2014-11-03,1.1484,2.4899,1.1286,0.96486,22.243,0.80045,0.62503,247.05,12127,61.405,113.82,1077.32,13.499,6.775,1.2912,44.997,3.3769,7.3881,1.2893,32.67,2.2284,11.035,,,
2014-11-04,1.1461,2.5243,1.1416,0.96332,22.206,0.79911,0.62482,246.99,12114,61.405,113.44,1077.81,13.6495,6.8543,1.2901,44.966,3.3761,7.4016,1.29,32.67,2.2268,11.0516,,,
2014-11-05,1.1614,2.5183,1.1443,0.96498,22.294,0.80128,0.62845,247.64,12199,61.499,114.75,1090.41,13.6085,6.8702,1.2929,45.103,3.3923,7.3849,1.2957,32.847,2.2371,11.1378,,,
2014-11-06,1.1608,2.5392,1.1409,0.96229,22.185,0.79891,0.62807,247.68,12152,61.483,114.51,1087.01,13.5755,6.8039,1.2918,45.035,3.3725,7.3522,1.2919,32.823,2.2386,11.1225,,,
2014-11-07,1.1634,2.5811,1.1432,0.97152,22.355,0.80691,0.63213,250.01,12196,61.636,115.3,1094.5,13.6322,6.8559,1.2988,45.036,3.4119,7.4336,1.2956,32.877,2.2746,11.2999,586.25,2099.0,2.927
2014-11-10,1.1538,2.5352,1.1312,0.96332,22.093,0.8009,0.62886,245.91,12175,61.505,114.18,1085.64,13.53,6.7464,1.283,44.885,3.3755,7.3742,1.2892,32.788,2.2499,11.2074,587.09998,2094.0,2.927
2014-11-11,1.1579,2.5683,1.1389,0.9678,22.209,0.80489,0.63071,247.58,12223,61.545,115.81,1096.7,13.601,6.8307,1.2885,44.935,3.3995,7.3976,1.294,32.878,2.2647,11.2845,590.54999,2108.0,2.928
2014-11-12,1.1485,2.5616,1.1317,0.96439,22.141,0.80212,0.63207,246.54,12185,61.43,115.21,1095.15,13.61,6.7711,1.2719,44.862,3.3843,7.4022,1.2898,32.842,2.2604,11.2381,593.96997,2115.0,2.935
2014-11-13,1.1443,2.5737,1.1329,0.96484,22.193,0.80283,0.6352,245.95,12189,61.52,115.5,1092.77,13.5873,6.7891,1.2657,44.879,3.3945,7.4215,1.2914,32.805,2.2522,11.2243,595.23999,2129.0,2.9345
2014-11-14,1.1528,2.6222,1.1382,0.96615,22.236,0.80412,0.63879,246.16,12228,61.816,116.55,1103.34,13.625,6.7972,1.2728,45.039,3.401,7.4281,1.2993,32.86,2.2439,11.1962,593.20001,2158.0,2.935
2014-11-17,1.1453,2.6113,1.131,0.96135,22.168,0.80026,0.63932,244.89,12197,61.828,116.28,1096.46,13.5675,6.7574,1.2624,44.966,3.3801,7.3983,1.2978,32.765,2.229,11.1185,595.84998,2157.0,2.931
2014-11-18,1.1461,2.6005,1.1291,0.95996,22.117,0.79911,0.6388,244.16,12114,61.751,116.6,1098.04,13.5585,6.7357,1.2552,44.988,3.3675,7.3828,1.2977,32.768,2.223,11.0343,597.15997,2149.80005,2.928
2014-11-19,1.1577,2.5872,1.1349,0.95844,22.085,0.79777,0.63793,243.16,12160,61.994,117.63,1109.88,13.585,6.7754,1.2724,45.195,3.3653,7.3872,1.3041,32.817,2.2338,11.058,600.72998,2150.0,2.929
2014-11-20,1.1616,2.5522,1.1325,0.95813,22.057,0.79751,0.63713,242.94,12149,61.93,118.23,1114.08,13.6043,6.7725,1.2731,45.067,3.3607,7.4001,1.3021,32.815,2.2294,10.9906,599.59998,2160.0,2.925
2014-11-21,1.1477,2.5485,1.126,0.96796,22.267,0.80502,0.63766,245.18,12079,61.655,117.9,1111.45,13.6135,6.7638,1.2624,44.914,3.3849,7.43,1.2971,32.735,2.2215,10.919,593.90002,2140.0,2.921
2014-11-24,1.1593,2.5317,1.125,0.96914,22.234,0.8058,0.63787,245.58,12142,61.909,118.31,1116.41,13.6218,6.7744,1.2709,44.977,3.3798,7.4453,1.3037,32.826,2.228,10.991,595.62,2149.5,2.911
2014-11-25,1.1722,2.5211,1.1271,0.96829,22.201,0.80489,0.6382,246.15,12156,61.892,118.05,1109.93,13.6586,6.8118,1.2844,44.963,3.3699,7.4583,1.3033,32.813,2.2275,11.0,598.77002,2168.0,2.917
2014-11-26,1.1757,2.5122,1.1268,0.96401,22.107,0.8016,0.63403,245.77,12180,61.85,117.76,1108.34,13.68,6.8216,1.2762,44.97,3.3508,7.416,1.3013,32.78,2.2194,10.9707,598.76001,2164.0,2.914
2014-11-27,1.1667,2.5117,1.1249,0.9633,22.123,0.80128,0.63462,246.11,12167,61.875,117.52,1099.67,13.7232,6.8886,1.2666,44.867,3.3492,7.4209,1.2982,32.77,2.2167,10.9642,600.71002,2162.19995,2.914
2014-11-28,1.1734,2.5499,1.1397,0.96275,22.152,0.80109,0.63711,245.78,12245,62.122,118.31,1109.97,13.8355,6.9675,1.272,44.978,3.3517,7.4229,1.3032,32.838,2.2105,11.0268,607.94,2216.5,2.918
2014-12-01,1.1774,2.5656,1.1399,0.96463,22.156,0.80199,0.63574,245.75,12285,62.039,118.39,1107.87,13.9123,6.9569,1.2702,44.806,3.3509,7.4234,1.306,32.848,2.2193,11.0307,611.92999,2267.5,2.9225
2014-12-02,1.1848,2.5656,1.1369,0.96909,22.219,0.80489,0.63876,247.05,12292,61.883,119.19,1112.56,14.019,7.0002,1.2785,44.792,3.3513,7.469,1.3073,32.86,2.2259,11.0672,614.02002,2298.0,2.939
2014-12-03,1.1856,2.5573,1.1381,0.97575,22.401,0.81096,0.63758,248.74,12301,61.81,119.37,1114.14,14.08,7.0197,1.2881,44.618,3.3734,7.5187,1.3096,32.853,2.236,11.1745,609.03998,2292.0,2.9412
2014-12-04,1.1934,2.5772,1.137,0.97758,22.432,0.81228,0.63853,249.29,12313,61.901,119.93,1115.7,14.1128,7.0839,1.2906,44.55,3.3802,7.5337,1.3148,32.912,2.2383,11.1803,609.41998,2292.0,2.9412
2014-12-05,1.1944,2.575,1.1394,0.97242,22.355,0.80893,0.63752,248.54,12313,61.785,120.55,1114.54,14.1555,7.1271,1.2885,44.591,3.3674,7.5222,1.318,32.937,2.2375,11.2258,612.29999,2318.19995,2.951
2014-12-08,1.2065,2.5923,1.1443,0.98083,22.525,0.81579,0.63999,250.08,12363,61.92,121.1,1115.72,14.385,7.1769,1.3083,44.686,3.3946,7.5916,1.3217,33.052,2.2798,11.5209,611.09998,2323.0,2.9555
2014-12-09,1.2049,2.6064,1.1453,0.97187,22.328,0.80847,0.63881,247.19,12346,61.963,119.67,1108.29,14.3981,7.123,1.3018,44.562,3.3634,7.5191,1.3178,32.93,2.2589,11.4525,613.70001,2352.0,2.964
2014-12-10,1.198,2.5908,1.1448,0.9703,22.287,0.80697,0.63731,247.91,12346,62.075,118.89,1105.5,14.4078,7.1631,1.2939,44.585,3.3585,7.5271,1.3124,32.81,2.2595,11.4937,615.59998,2367.0,2.956
2014-12-11,1.2115,2.6225,1.1491,0.96653,22.234,0.80463,0.63783,247.94,12379,62.411,118.44,1101.17,14.5255,7.2465,1.2787,44.466,3.3632,7.5294,1.3134,32.823,2.2653,11.5373,617.02002,2407.0,2.969
2014-12-12,1.2093,2.6563,1.158,0.96466,22.161,0.80321,0.63655,248.14,12513,62.464,118.4,1102.18,14.869,7.3245,1.2808,44.506,3.3522,7.5261,1.3098,32.79,2.291,11.628,618.37,2405.0,2.963
2014-12-15,1.2174,2.6703,1.1594,0.9666,22.183,0.80476,0.63866,248.12,12854,63.24,118.84,1101.67,14.7777,7.3849,1.2926,44.696,3.3625,7.5725,1.3135,32.94,2.3358,11.6452,619.08002,2398.0,2.9625
2014-12-16,1.2129,2.7276,1.1655,0.95788,22.02,0.79764,0.63532,249.05,12878,63.987,116.29,1080.07,14.7875,7.6111,1.2802,44.762,3.3549,7.6182,1.3011,32.944,2.3767,11.6498,620.33002,2454.0,2.97
2014-12-17,1.2213,2.7304,1.1634,0.96481,22.193,0.80334,0.63721,252.59,12660,63.622,117.2,1095.23,14.741,7.4313,1.2912,44.787,3.3948,7.6333,1.3052,32.965,2.3562,11.7055,616.20001,2425.0,2.967
2014-12-18,1.2214,2.6681,1.1598,0.98103,22.471,0.814,0.64021,256.19,12569,63.066,118.81,1096.59,14.499,7.3785,1.2911,44.747,3.4532,7.681,1.3145,32.866,2.3226,11.549,613.98999,2318.3999,2.944
2014-12-19,1.2226,2.6488,1.1596,0.98045,22.507,0.8144,0.63906,257.72,12424,63.305,119.24,1099.37,14.528,7.3414,1.2859,44.741,3.4806,7.7062,1.315,32.87,2.3253,11.6025,610.79999,2300.0,2.935
2014-12-22,1.2282,2.6474,1.163,0.98173,22.529,0.81573,0.64026,257.22,12445,63.2,119.96,1096.19,14.5695,7.3876,1.2891,44.639,3.4803,7.7931,1.3191,32.859,2.3185,11.59,608.34998,2310.0,2.9685
2014-12-23,1.2304,2.6609,1.1638,0.98518,22.648,0.8188,0.64415,257.05,12451,63.292,120.2,1102.58,14.6503,7.3929,1.2914,44.676,3.5016,7.7811,1.3216,32.903,2.326,11.6048,609.95001,2340.0,2.96
2014-12-24,1.2319,2.6942,1.1592,0.98412,22.733,0.8184,0.64367,258.68,12452,63.474,120.36,1102.83,14.7412,7.4892,1.2936,44.681,3.5255,7.8075,1.3225,32.874,2.3251,11.662,608.25,2350.0,2.9795
2014-12-29,1.2269,2.673,1.1628,0.98614,22.724,0.81987,0.64294,258.0,12404,63.676,120.49,1099.51,14.6988,7.4178,1.2826,44.731,3.5273,7.89,1.3228,32.978,2.3213,11.6059,,,
2014-12-30,1.2235,2.664,1.1622,0.98914,22.803,0.82237,0.64334,259.03,12418,63.461,119.58,1097.2,14.7445,7.4359,1.2776,44.753,3.5447,7.7916,1.3228,32.91,2.3509,11.6354,607.0,2391.0,2.9855
2014-12-31,1.2214,2.6527,1.1583,0.99036,22.844,0.82366,0.64155,259.9,12417,63.19,119.62,1091.18,14.717,7.4475,1.2787,44.837,3.5196,7.7366,1.3226,32.872,2.3326,11.5603,606.40002,2391.0,2.9855
2015-01-02,1.2323,2.6931,1.1682,0.99826,22.995,0.83036,0.64768,264.68,12516,63.356,120.58,1106.24,14.825,7.5081,1.2961,44.807,3.5749,7.8637,1.3286,32.957,2.3526,11.6611,613.13,2394.0,2.967
2015-01-05,1.2384,2.7137,1.1784,1.0085,23.228,0.83928,0.6569,267.16,12613,63.463,120.02,1110.98,14.851,7.6437,1.3021,45.047,3.6071,7.9632,1.3361,32.981,2.339,11.728,617.27002,2429.0,2.982
2015-01-06,1.2288,2.6993,1.1763,1.0084,23.246,0.83935,0.65822,268.02,12668,63.572,118.93,1100.99,14.922,7.7048,1.2908,45.009,3.6155,7.9073,1.335,32.92,2.3277,11.7317,616.0,2458.0,2.983
2015-01-07,1.2391,2.6776,1.183,1.0152,23.483,0.84524,0.66123,270.08,12714,63.175,119.32,1102.43,14.775,7.7339,1.2911,45.104,3.6436,7.9443,1.3392,32.89,2.3284,11.714,613.59998,2432.0,2.987
2015-01-08,1.2337,2.7,1.1816,1.0206,23.679,0.84976,0.66375,269.42,12642,62.568,119.82,1097.57,14.7083,7.6717,1.2842,44.959,3.6456,8.0167,1.3386,32.88,2.3097,11.6343,612.58002,2413.0,2.992
2015-01-09,1.228,2.6572,1.182,1.0167,23.755,0.84653,0.6602,268.68,12634,62.324,119.2,1092.26,14.661,7.6699,1.2795,44.942,3.6146,8.0321,1.3366,32.884,2.2987,11.5682,613.98999,2416.30005,2.984
2015-01-12,1.2282,2.6562,1.1897,1.0175,23.964,0.84717,0.66003,269.43,12605,62.164,119.08,1085.42,14.6522,7.7325,1.2896,44.927,3.6229,8.0829,1.3364,32.885,2.295,11.5263,616.25,2414.0,2.9915
2015-01-13,1.2257,2.6433,1.1966,1.0194,24.109,0.84875,0.65923,270.13,12598,62.043,118.45,1082.8,14.6125,7.7364,1.2914,44.742,3.6347,8.0261,1.3355,32.847,2.281,11.4995,618.97998,2440.0,2.985
2015-01-14,1.2291,2.625,1.1965,1.02,23.974,0.84926,0.65843,271.74,12623,62.189,116.76,1085.23,14.62,7.6909,1.2951,44.626,3.6402,8.0689,1.3354,32.784,2.2893,11.5021,625.33002,2442.0,2.993
2015-01-15,1.208,2.6082,1.1834,0.87803,23.779,0.85412,0.65528,275.36,12534,61.783,116.57,1078.71,14.464,7.6136,1.2712,44.599,3.6734,8.0809,1.3221,32.745,2.2822,11.45,625.02002,2415.0,2.997
2015-01-16,1.2179,2.6197,1.2035,0.87401,23.986,0.86296,0.65904,276.47,12584,61.862,116.55,1077.58,14.652,7.5928,1.2833,44.601,3.7262,8.1192,1.3258,32.618,2.3203,11.5663,627.70001,2398.0,3.005
2015-01-19,1.2179,2.6284,1.1983,0.87204,24.025,0.8617,0.6604,274.64,12618,61.712,117.42,1078.01,14.6135,7.6109,1.2851,44.57,3.7194,8.1065,1.3316,32.59,2.3394,11.6513,628.0,2352.0,3.014
2015-01-20,1.2197,2.6235,1.2013,0.87115,24.051,0.86363,0.65956,274.23,12554,61.707,118.64,1087.84,14.622,7.6013,1.2967,44.591,3.7374,8.1438,1.3388,32.684,2.3327,11.6263,628.25,2375.80005,3.01
2015-01-21,1.2174,2.5997,1.2075,0.86233,24.1,0.86259,0.66169,272.02,12495,61.575,117.37,1082.88,14.608,7.6124,1.3046,44.375,3.7141,8.1289,1.3331,32.56,2.3412,11.5454,627.65997,2370.0,3.009
2015-01-22,1.2308,2.5783,1.2354,0.85583,24.014,0.86073,0.65794,271.61,12464,61.559,117.66,1083.99,14.6875,7.6011,1.3207,44.218,3.7009,8.1258,1.3323,32.58,2.335,11.4793,624.0,2372.0,3.005
2015-01-23,1.2653,2.5948,1.2446,0.87659,24.854,0.89302,0.66735,277.65,12480,61.498,117.99,1079.57,14.7215,7.7742,1.3424,44.078,3.7756,8.3343,1.3447,32.61,2.3522,11.469,625.0,2384.0,3.015
2015-01-26,1.2653,2.5955,1.2459,0.89061,24.683,0.88936,0.66609,276.3,12494,61.427,118.31,1082.39,14.647,7.7681,1.3454,44.089,3.7493,8.3269,1.3439,32.578,2.3591,11.4793,623.08002,2389.5,3.015
2015-01-27,1.2589,2.5901,1.2458,0.89952,24.652,0.88449,0.66093,276.11,12484,61.384,117.71,1078.83,14.61,7.795,1.3443,44.082,3.7414,8.2336,1.3415,32.556,2.3676,11.5938,623.0,2385.0,3.052
2015-01-28,1.2548,2.5848,1.2421,0.90286,24.547,0.88152,0.65815,275.19,12508,61.405,117.86,1085.83,14.629,7.753,1.3361,44.117,3.7346,8.1889,1.3527,32.55,2.3765,11.5666,622.15002,2363.0,3.031
2015-01-29,1.2846,2.6002,1.2531,0.91666,24.562,0.88378,0.66085,275.74,12620,61.9,117.92,1096.13,14.823,7.7976,1.3745,44.067,3.7405,8.2408,1.3526,32.749,2.4098,11.6245,627.14001,2412.0,3.044
2015-01-30,1.2857,2.6638,1.267,0.92596,24.588,0.88456,0.6644,276.01,12686,62.019,117.72,1102.64,14.8945,7.8138,1.3771,44.17,3.7218,8.2806,1.3527,32.778,2.4395,11.5903,632.83002,2453.0,3.058
2015-02-02,1.2841,2.6787,1.2672,0.93006,24.535,0.88417,0.66543,274.59,12706,61.869,117.65,1101.79,14.925,7.7122,1.376,44.128,3.6933,8.2822,1.3528,32.58,2.4187,11.5768,629.65002,2405.0,3.062
2015-02-03,1.3009,2.7117,1.2584,0.92528,24.392,0.87904,0.66275,271.78,12621,61.717,117.33,1099.91,14.806,7.5923,1.3838,44.072,3.6586,8.2734,1.3504,32.63,2.407,11.4555,625.32001,2375.0,3.059
2015-02-04,1.2862,2.7013,1.2452,0.92626,24.262,0.87367,0.65665,269.83,12640,61.833,117.5,1086.18,14.7154,7.5402,1.353,44.084,3.6351,8.237,1.3451,32.61,2.4284,11.4215,626.5,2392.69995,3.0545
2015-02-05,1.281,2.7378,1.2524,0.92787,24.284,0.87642,0.65574,269.27,12612,61.739,117.42,1089.54,14.7995,7.5697,1.3521,44.122,3.6507,8.2891,1.3461,32.614,2.445,11.3786,623.5,2377.5,3.057
2015-02-06,1.273,2.755,1.2445,0.92024,24.197,0.87359,0.65283,267.55,12607,61.714,117.31,1087.5,14.75,7.488,1.3466,44.18,3.6385,8.2611,1.3433,32.53,2.4354,11.3118,627.25,2385.0,3.061
2015-02-09,1.2798,2.7876,1.25,0.92488,24.585,0.88692,0.65765,272.55,12667,62.13,118.6,1096.9,14.818,7.6404,1.3484,44.435,3.7093,8.3978,1.3554,32.645,2.4905,11.5777,623.90002,2363.5,3.068
2015-02-10,1.2855,2.8008,1.2471,0.92564,24.544,0.88519,0.65681,273.82,12698,62.195,119.21,1095.15,14.8575,7.583,1.3513,44.399,3.7185,8.3442,1.3563,32.635,2.4923,11.6352,626.21002,2381.30005,3.071
2015-02-11,1.291,2.8611,1.2611,0.92496,24.465,0.88386,0.6537,274.13,12825,62.355,119.76,1104.99,14.995,7.603,1.3498,44.451,3.7281,8.36,1.3601,32.64,2.4971,11.8265,629.88,2404.0,3.08
2015-02-12,1.3031,2.8747,1.256,0.93212,24.454,0.88277,0.65113,271.68,12817,62.277,119.81,1108.49,15.0835,7.7176,1.3571,44.322,3.7002,8.5009,1.3592,32.695,2.4903,11.8079,622.47998,2414.0,3.075
2015-02-13,1.2907,2.8464,1.2508,0.92927,24.286,0.87866,0.65029,268.9,12799,62.17,119.02,1099.65,14.9678,7.6035,1.3454,44.305,3.67,8.4252,1.3566,32.625,2.4695,11.7239,618.40002,2370.0,3.056
2015-02-16,1.2859,2.8345,1.2453,0.93145,24.227,0.87658,0.65051,269.03,12731,62.214,118.57,1102.06,14.8675,7.5416,1.3318,44.173,3.6669,8.4009,1.357,32.592,2.4473,11.632,621.5,2388.0,3.078
2015-02-17,1.2784,2.8379,1.2374,0.93132,24.195,0.87604,0.65125,269.65,12768,62.189,118.8,1105.95,14.834,7.5099,1.3264,44.131,3.6682,8.343,1.3546,32.575,2.4472,11.595,619.58002,2407.0,3.0808
2015-02-18,1.2837,2.8311,1.245,0.94152,24.255,0.87935,0.64826,270.59,12880,62.302,119.32,1114.16,14.9422,7.5167,1.332,44.295,3.6853,8.3969,1.3608,32.58,2.4569,11.6884,619.40002,2429.0,3.082
2015-02-19,1.285,2.8499,1.252,0.9481,24.039,0.87819,0.64802,268.15,12854,62.21,119.01,1113.23,14.9475,7.592,1.3303,44.165,3.6616,8.4055,1.3582,32.549,2.4493,11.6445,619.0,2447.0,3.085
2015-02-20,1.2745,2.8706,1.2456,0.94866,24.348,0.88511,0.65038,270.56,12843,62.234,118.53,1110.73,15.009,7.6058,1.3241,44.27,3.7008,8.4274,1.3595,32.552,2.4637,11.6552,615.79999,2458.69995,3.084
2015-02-23,1.2843,2.8969,1.2618,0.94946,24.291,0.88511,0.65073,270.04,12929,62.315,119.05,1109.43,15.1075,7.6478,1.3313,44.311,3.695,8.4666,1.3617,32.56,2.4816,11.711,622.40997,2498.0,3.091
2015-02-24,1.2896,2.8706,1.2643,0.94942,24.265,0.88277,0.64831,269.24,12919,62.203,119.49,1113.74,15.108,7.6139,1.344,44.259,3.6778,8.4039,1.3612,32.56,2.479,11.6075,618.77002,2485.0,3.092
2015-02-25,1.2681,2.8552,1.2441,0.9495,24.166,0.88137,0.64587,269.3,12883,61.967,118.91,1100.73,14.9325,7.6084,1.3248,44.058,3.6678,8.3651,1.3554,32.53,2.4693,11.4798,616.75,2484.0,3.085
2015-02-26,1.2686,2.8509,1.247,0.94946,24.313,0.88363,0.64514,267.63,12846,61.751,118.88,1096.23,14.8825,7.5674,1.3183,43.975,3.6701,8.319,1.3513,32.314,2.4817,11.4324,618.95001,2483.0,3.0915
2015-02-27,1.2774,2.8985,1.2451,0.94626,24.411,0.88968,0.64751,269.6,12950,61.817,119.26,1099.79,15.0109,7.6281,1.3211,44.027,3.6943,8.3357,1.3602,32.327,2.5178,11.6267,616.96997,2483.0,3.0915
2015-03-02,1.2856,2.8621,1.2492,0.9552,24.484,0.89071,0.64968,270.4,12970,61.942,119.77,1100.61,14.9475,7.6677,1.3278,44.115,3.7021,8.3224,1.3631,32.33,2.5128,11.7077,615.70001,2507.0,3.0945
2015-03-03,1.2794,2.9133,1.2519,0.96132,24.582,0.89542,0.6515,273.16,12995,61.922,119.75,1097.47,15.04,7.7091,1.3258,44.072,3.7233,8.3063,1.363,32.352,2.5337,11.7923,616.34998,2557.0,3.093
2015-03-04,1.2757,2.9665,1.2515,0.96134,24.689,0.89896,0.65255,275.5,12995,62.264,119.7,1098.88,15.038,7.7441,1.317,44.123,3.7511,8.3045,1.367,32.395,2.5456,11.7827,618.20001,2571.0,3.095
2015-03-05,1.2833,2.9821,1.244,0.96639,24.774,0.90342,0.65507,275.87,12976,62.255,120.25,1101.13,15.048,7.7207,1.335,44.13,3.7399,8.3241,1.3692,32.419,2.5895,11.7592,619.70001,2544.8999,3.093
2015-03-06,1.2761,3.0055,1.2466,0.97601,24.899,0.91216,0.65858,277.1,12936,62.397,119.93,1098.08,15.183,7.7917,1.3342,44.041,3.7561,8.3821,1.3686,32.41,2.5791,11.7791,625.0,2566.0,3.097
2015-03-09,1.2931,3.0958,1.2591,0.98444,25.093,0.92081,0.66169,281.04,13069,62.68,120.91,1113.45,15.478,7.8992,1.3564,44.215,3.792,8.459,1.3793,32.57,2.609,12.0885,627.5,2582.0,3.0868
2015-03-10,1.3069,3.1375,1.2634,0.99674,25.41,0.93127,0.66381,286.76,13094,62.786,121.34,1123.73,15.538,8.0457,1.3717,44.286,3.8525,8.5536,1.3866,32.688,2.6425,12.2806,636.20001,2607.0,3.0985
2015-03-11,1.314,3.1293,1.2698,1.0073,25.802,0.94536,0.66511,287.55,13176,62.781,121.32,1128.04,15.6072,8.184,1.381,44.292,3.9105,8.622,1.3874,32.888,2.6206,12.2949,637.59998,2628.0,3.097
2015-03-12,1.2976,3.1123,1.2656,1.0022,25.726,0.94224,0.66814,286.06,13136,62.448,120.88,1120.12,15.383,8.0948,1.3501,44.263,3.8981,8.5877,1.3778,32.812,2.5928,12.2145,633.79999,2607.0,3.0865
2015-03-13,1.3053,3.2059,1.2734,1.0072,25.837,0.94589,0.67655,289.92,13214,63.028,121.46,1134.3,15.4855,8.1588,1.3618,44.371,3.9292,8.6566,1.3885,32.902,2.6381,12.4658,639.5,2625.0,3.0885
2015-03-16,1.3069,3.2307,1.2781,1.0055,25.867,0.94724,0.67548,287.66,13241,62.872,121.21,1132.25,15.4595,8.2277,1.3552,44.425,3.9103,8.6703,1.3896,32.929,2.621,12.401,640.40002,2668.0,3.0864
2015-03-17,1.3083,3.2718,1.2774,1.0024,25.56,0.94029,0.67696,285.96,13162,62.732,121.2,1126.43,15.423,8.2666,1.3582,44.636,3.8921,8.629,1.3885,32.926,2.6125,12.394,640.70001,2683.0,3.097
2015-03-18,1.3124,3.2367,1.2824,1.0033,25.791,0.94411,0.68259,287.01,13177,62.76,121.18,1129.43,15.4049,8.4026,1.3653,44.841,3.9148,8.8109,1.3911,32.929,2.624,12.3724,635.29999,2659.0,3.0825
2015-03-19,1.308,3.2537,1.2717,0.99232,25.686,0.93659,0.67275,283.99,13049,62.583,120.93,1121.91,15.275,8.0879,1.3537,44.937,3.867,8.6913,1.387,32.778,2.6015,12.252,639.63,2620.0,3.09
2015-03-20,1.2981,3.2684,1.2672,0.97921,25.5,0.92799,0.67326,281.98,13061,62.332,120.88,1120.97,15.0937,8.0851,1.3364,44.951,3.83,8.6308,1.3862,32.69,2.5874,12.122,631.09998,2614.0,3.086
2015-03-23,1.2773,3.2041,1.2525,0.96783,25.086,0.91642,0.67064,279.28,12985,62.277,119.87,1107.5,14.98,7.9064,1.3118,44.763,3.777,8.5048,1.3706,32.53,2.559,11.9715,623.90002,2574.0,3.0729
2015-03-24,1.2642,3.1235,1.2465,0.95808,25.014,0.91324,0.67068,276.04,12922,62.327,119.53,1104.49,14.9258,7.8479,1.306,44.759,3.7563,8.483,1.3641,32.483,2.561,11.8374,621.59998,2560.0,3.067
2015-03-25,1.2676,3.1255,1.2482,0.9574,24.923,0.91033,0.67046,272.01,12966,62.371,119.37,1099.88,14.894,7.8225,1.3038,44.755,3.7194,8.4685,1.3676,32.513,2.557,11.7955,620.25,2541.0,3.058
2015-03-26,1.2749,3.1809,1.2442,0.95671,24.949,0.91133,0.67174,273.08,13037,62.727,119.08,1104.66,14.968,7.8379,1.315,44.811,3.7148,8.4981,1.3658,32.545,2.5904,11.8645,622.5,2538.0,3.0578
2015-03-27,1.2841,3.2098,1.2509,0.965,25.353,0.92115,0.67225,276.84,13024,62.518,119.19,1104.85,15.1315,7.9633,1.3211,44.82,3.7747,8.5831,1.369,32.549,2.607,12.0214,622.84003,2564.0,3.0833
2015-03-30,1.3055,3.2841,1.2641,0.96256,25.332,0.92208,0.6757,276.47,13069,62.626,119.89,1107.46,15.244,7.9802,1.3294,44.746,3.7748,8.5945,1.3737,32.575,2.6063,12.1204,626.14001,2558.0,3.0805
2015-03-31,1.3155,3.2492,1.2769,0.97249,25.591,0.92945,0.67599,278.31,13063,62.528,119.85,1108.45,15.3475,8.0895,1.3373,44.667,3.7972,8.6347,1.3732,32.548,2.6146,12.206,624.29999,2575.0,3.083
2015-04-01,1.3159,3.1608,1.2675,0.96941,25.609,0.9298,0.67736,277.56,13038,62.497,120.21,1104.3,15.2345,8.0609,1.3456,44.553,3.7757,8.6045,1.3664,32.51,2.6094,12.0884,617.5,2575.0,3.083
2015-04-02,1.3244,3.1678,1.2644,0.9603,25.457,0.92336,0.67553,276.62,13002,62.182,119.66,1092.62,15.1123,7.9876,1.3388,44.406,3.7532,8.6283,1.3591,32.49,2.5988,11.9991,614.45001,2570.0,3.095
2015-04-07,1.3084,3.1326,1.2504,0.96229,25.311,0.92191,0.67171,275.73,12992,62.32,120.15,1090.88,14.9275,8.0483,1.3297,44.528,3.7409,8.642,1.3574,32.576,2.5886,11.8323,609.59998,2541.0,3.08
2015-04-08,1.2961,3.1003,1.2417,0.96096,25.205,0.92064,0.66875,273.08,12941,62.245,119.77,1090.58,14.8575,7.988,1.3179,44.426,3.6983,8.6167,1.3539,32.56,2.5907,11.7825,611.20001,2482.0,3.0895
2015-04-09,1.2949,3.0333,1.2524,0.96965,25.411,0.92816,0.67459,275.85,12891,62.198,119.94,1090.95,14.9015,8.0397,1.3169,44.463,3.7281,8.671,1.3538,32.53,2.591,11.7882,615.90002,2484.0,3.094
2015-04-10,1.3079,3.0879,1.2664,0.98297,25.906,0.94607,0.68534,281.34,12928,62.356,120.45,1095.48,15.1833,8.1485,1.3301,44.605,3.8014,8.8298,1.366,32.559,2.6415,12.059,619.0,2507.5,3.115
2015-04-13,1.3197,3.0984,1.2627,0.98304,25.959,0.94769,0.68376,281.32,13005,62.421,120.55,1102.45,15.2955,8.1008,1.3445,44.731,3.8036,8.8428,1.3733,32.578,2.6521,12.1549,616.20001,2507.0,3.108
2015-04-14,1.3192,3.1103,1.2582,0.97917,25.885,0.94661,0.68317,280.8,12978,62.386,119.91,1095.17,15.36,8.0292,1.3413,44.601,3.7964,8.8257,1.3631,32.46,2.6774,12.1261,613.29999,2553.0,3.1065
2015-04-15,1.3182,3.0873,1.255,0.97561,25.915,0.94527,0.67757,281.55,12938,62.372,119.6,1096.04,15.325,7.9544,1.3332,44.509,3.7979,8.8019,1.3614,32.448,2.714,12.153,612.59998,2545.0,3.099
2015-04-16,1.2875,3.0167,1.2305,0.96415,25.677,0.93362,0.67118,280.97,12845,62.26,119.17,1087.26,15.225,7.8167,1.3106,44.405,3.7634,8.6459,1.3539,32.405,2.6981,12.0513,610.5,2491.0,3.1124
2015-04-17,1.28,3.0111,1.2191,0.95219,25.417,0.92473,0.66571,278.68,12797,62.395,118.78,1079.26,15.1845,7.7649,1.2969,44.22,3.7162,8.5927,1.3429,32.358,2.6851,11.9467,611.0,2487.0,3.1095
2015-04-20,1.2891,3.0521,1.2252,0.95897,25.568,0.93257,0.67103,277.81,12908,62.973,119.07,1082.02,15.3585,7.8728,1.3028,44.252,3.7201,8.6746,1.3489,32.39,2.704,12.1001,615.79999,2491.0,3.1
2015-04-21,1.2917,3.0302,1.2229,0.95813,25.624,0.93458,0.67168,277.95,12958,62.906,119.39,1083.01,15.4255,7.8738,1.2976,44.233,3.7087,8.6788,1.3498,32.365,2.6874,12.1099,615.70001,2471.0,3.1065
2015-04-22,1.2842,3.0216,1.2242,0.9609,25.569,0.93084,0.66359,279.5,12887,62.945,119.57,1077.75,15.4265,7.8591,1.2959,44.175,3.7254,8.6554,1.3456,32.36,2.7129,12.1341,618.70001,2470.0,3.11
2015-04-23,1.2938,3.0011,1.2226,0.96389,25.435,0.92833,0.66561,279.96,12947,63.323,120.09,1083.96,15.4205,7.9057,1.3237,44.196,3.7305,8.7068,1.3473,32.457,2.7291,12.2541,614.12,2468.1001,3.1165
2015-04-24,1.2827,2.9733,1.2119,0.9551,25.364,0.92387,0.6614,278.53,12954,63.562,119.51,1078.25,15.358,7.8298,1.3216,44.281,3.7076,8.6674,1.3375,32.55,2.7314,12.1825,612.25,2452.0,3.1165
2015-04-27,1.2814,2.9591,1.2156,0.95796,25.357,0.92404,0.6618,278.33,12990,63.568,119.41,1074.09,15.3937,7.7938,1.3168,44.292,3.6996,8.6455,1.3339,32.698,2.718,12.1092,610.5,2452.0,3.1215
2015-04-28,1.2585,2.9089,1.2069,0.95763,25.14,0.91516,0.65434,275.78,12949,63.145,119.05,1068.16,15.313,7.6801,1.3019,44.221,3.662,8.585,1.3209,32.59,2.6687,11.907,606.19,2408.0,3.12
2015-04-29,1.2509,2.951,1.2054,0.95355,24.936,0.90893,0.65088,275.0,12919,63.428,119.25,1071.75,15.29,7.6213,1.3007,44.304,3.6466,8.4278,1.3231,32.85,2.6756,11.878,608.40002,2410.0,3.1168
2015-04-30,1.2627,2.9632,1.202,0.935,24.458,0.89166,0.64797,270.0,12972,63.5,118.82,1072.21,15.238,7.4761,1.3132,44.662,3.5889,8.3157,1.321,32.97,2.6585,11.8068,611.03998,2381.0,3.123
2015-05-04,1.2756,3.0768,1.2116,0.93535,24.537,0.8967,0.66166,272.08,13022,63.662,120.22,1082.03,15.541,7.5888,1.3206,44.658,3.6298,8.3698,1.3326,33.32,2.715,12.0508,613.83002,2390.0,3.1187
2015-05-05,1.27,3.087,1.209,0.93335,24.613,0.89952,0.66115,271.39,13067,63.429,120.46,1083.67,15.4405,7.5987,1.3333,44.637,3.6145,8.3911,1.3369,33.4,2.7138,12.048,609.40002,2407.0,3.1475
2015-05-06,1.2493,3.0627,1.201,0.92378,24.412,0.89047,0.65681,271.19,13056,63.54,119.85,1082.67,15.32,7.4915,1.3348,44.578,3.6049,8.2873,1.3267,33.28,2.7075,12.034,611.59998,2359.0,3.1388
2015-05-07,1.2548,3.0268,1.207,0.9149,24.241,0.88456,0.65679,269.4,13139,64.156,119.17,1091.58,15.335,7.3662,1.3364,44.716,3.579,8.2221,1.3312,33.584,2.6831,11.9962,609.5,2370.80005,3.1495
2015-05-08,1.2638,3.0354,1.2103,0.9255,24.428,0.89119,0.64878,270.84,13124,63.99,120.22,1093.56,15.3075,7.4695,1.3444,44.685,3.6253,8.2831,1.3299,33.506,2.7024,12.0548,604.5,2358.0,3.1408
2015-05-11,1.267,2.9866,1.2114,0.93367,24.592,0.8975,0.64584,273.2,13146,63.844,119.94,1094.63,15.1745,7.561,1.3566,44.723,3.65,8.319,1.3347,33.675,2.6963,11.9892,609.20001,2358.0,3.144
2015-05-12,1.2519,3.0709,1.204,0.92499,24.374,0.88976,0.63742,272.77,13208,64.29,119.98,1095.52,15.412,7.4691,1.3559,44.814,3.6505,8.2878,1.3358,33.757,2.6911,12.1298,603.79999,2401.0,3.1445
2015-05-13,1.2428,3.0019,1.1974,0.92772,24.463,0.89119,0.63934,273.55,13121,64.01,119.7,1095.29,15.2822,7.4476,1.3422,44.666,3.6425,8.3118,1.3293,33.563,2.6507,11.982,602.12,2377.0,3.1515
2015-05-14,1.2336,3.0276,1.1949,0.90954,24.046,0.87573,0.63324,269.31,13041,63.68,119.2,1090.6,15.2225,7.3849,1.331,44.521,3.5754,8.2237,1.3182,33.489,2.6065,11.8335,594.29999,2377.0,3.1395
2015-05-15,1.2499,3.0119,1.2037,0.92364,24.189,0.88277,0.63656,270.72,13134,63.662,119.86,1089.76,15.2649,7.3927,1.3451,44.461,3.5692,8.3221,1.3262,33.607,2.5958,11.8678,597.40002,2426.0,3.1385
2015-05-18,1.2493,2.9995,1.2058,0.92036,24.059,0.87804,0.63834,270.04,13143,63.668,119.7,1086.08,15.031,7.3593,1.3483,44.425,3.5662,8.2392,1.322,33.345,2.5801,11.858,599.90002,2415.0,3.121
2015-05-19,1.2547,3.0101,1.2181,0.93202,24.47,0.89445,0.64566,272.87,13140,63.699,120.18,1090.6,15.1287,7.4727,1.3509,44.599,3.6213,8.3303,1.3314,33.43,2.585,11.8551,603.59998,2484.8999,3.1288
2015-05-20,1.2655,3.0364,1.2213,0.93803,24.582,0.89944,0.64373,275.68,13141,63.794,120.91,1095.75,15.175,7.5531,1.362,44.593,3.6565,8.3582,1.3358,33.58,2.5944,11.8979,603.59998,2484.0,3.1452
2015-05-21,1.2676,3.0118,1.2216,0.93362,24.568,0.89823,0.63765,275.73,13132,63.613,121.07,1094.16,15.18,7.5748,1.3688,44.402,3.6791,8.3188,1.3361,33.417,2.5699,11.777,603.90002,2490.0,3.137
2015-05-22,1.2686,3.0393,1.22,0.93309,24.539,0.89574,0.63938,274.96,13149,63.471,120.93,1091.14,15.232,7.5363,1.3587,44.611,3.6728,8.2834,1.33,33.359,2.5927,11.7828,608.09998,2500.0,3.147
2015-05-25,1.2774,3.1199,1.2294,0.9427,24.934,0.91091,0.64675,280.3,13182,63.56,121.51,1097.11,15.2725,7.6426,1.3686,44.596,3.7416,8.4191,1.3416,33.596,2.6111,11.9361,610.70001,2500.0,3.147
2015-05-26,1.2832,3.1229,1.2374,0.94737,25.084,0.91525,0.64946,282.97,13213,63.925,122.71,1104.72,15.2935,7.6593,1.3711,44.655,3.7883,8.4075,1.3461,33.68,2.6314,12.0124,612.70001,2532.0,3.1485
2015-05-27,1.297,3.1607,1.2456,0.95103,25.227,0.92056,0.65083,284.27,13220,64.051,123.7,1109.38,15.3319,7.7561,1.3837,44.726,3.8051,8.5343,1.3524,33.855,2.6556,12.1164,614.5,2550.0,3.1425
2015-05-28,1.3094,3.1546,1.2476,0.94934,25.205,0.91777,0.65382,283.27,13198,63.823,124.23,1108.94,15.334,7.7928,1.3962,44.567,3.7894,8.5001,1.3512,33.874,2.6588,12.1146,615.79999,2540.0,3.1345
2015-05-29,1.307,3.1469,1.2443,0.94266,24.978,0.91158,0.65542,281.59,13229,63.8,123.93,1112.41,15.354,7.7812,1.4043,44.621,3.7646,8.5025,1.349,33.735,2.6607,12.1613,617.59998,2530.0,3.1422
2015-06-01,1.3104,3.2041,1.2494,0.94399,25.073,0.91374,0.65721,282.45,13198,63.699,124.08,1112.14,15.4215,7.9555,1.4046,44.497,3.777,8.5649,1.3519,33.7,2.677,12.2548,623.90002,2561.0,3.1435
2015-06-02,1.3004,3.1494,1.2498,0.94215,24.879,0.9067,0.65672,280.43,13212,63.836,124.69,1114.18,15.448,7.8661,1.4042,44.691,3.7436,8.5058,1.3551,33.779,2.6798,12.2592,621.90002,2552.0,3.132
2015-06-03,1.2862,3.1379,1.2445,0.9365,24.663,0.89815,0.6534,279.64,13245,63.905,124.36,1107.81,15.4775,7.8269,1.3999,44.793,3.7059,8.4327,1.3488,33.686,2.6786,12.2588,627.40002,2578.0,3.1475
2015-06-04,1.2917,3.1367,1.2449,0.93231,24.271,0.88363,0.64982,275.96,13297,64.006,124.12,1110.65,15.5352,7.7202,1.3991,44.879,3.684,8.2527,1.345,33.729,2.6842,12.3376,628.20001,2593.0,3.1475
2015-06-05,1.2956,3.1368,1.25,0.93403,24.421,0.89142,0.65226,277.48,13294,63.79,124.77,1114.05,15.551,7.8521,1.4007,45.018,3.6942,8.3274,1.348,33.722,2.6653,12.402,635.98999,2620.0,3.152
2015-06-08,1.3094,3.1377,1.2434,0.938,24.575,0.8959,0.65562,281.27,13350,64.089,125.28,1121.73,15.678,7.9081,1.4134,45.211,3.7225,8.3926,1.3586,33.77,2.7652,12.584,630.5,2612.0,3.1515
2015-06-09,1.2984,3.1047,1.2347,0.9303,24.319,0.88897,0.65375,277.61,13332,63.974,124.06,1118.93,15.5968,7.8034,1.397,45.121,3.7032,8.315,1.3509,33.728,2.7343,12.4345,624.70001,2555.0,3.1375
2015-06-10,1.2919,3.0819,1.2236,0.92969,24.22,0.8866,0.6458,276.86,13286,63.874,122.96,1112.69,15.4525,7.7126,1.391,45.0,3.6794,8.3,1.3448,33.641,2.7428,12.368,630.79999,2554.0,3.1445
2015-06-11,1.2939,3.1587,1.2321,0.93688,24.322,0.89031,0.6469,277.96,13307,63.981,123.71,1114.88,15.505,7.8223,1.4282,45.298,3.6863,8.2406,1.3475,33.753,2.7376,12.4289,629.29999,2538.0,3.1394
2015-06-12,1.2977,3.0945,1.2303,0.93307,24.332,0.89127,0.64572,278.19,13325,64.079,123.69,1115.4,15.43,7.7496,1.4334,45.255,3.6985,8.2032,1.3481,33.708,2.7166,12.4135,630.70001,2525.0,3.154
2015-06-15,1.2895,3.1319,1.2342,0.93707,24.317,0.89142,0.64486,279.28,13329,64.167,123.5,1117.4,15.446,7.7661,1.431,45.226,3.7059,8.1815,1.3467,33.712,2.7401,12.424,633.70001,2524.0,3.1392
2015-06-16,1.2913,3.1342,1.2343,0.93313,24.301,0.89166,0.64039,278.09,13344,64.309,123.42,1119.97,15.451,7.778,1.4318,45.214,3.6958,8.1983,1.3462,33.695,2.738,12.4482,634.79999,2523.0,3.158
2015-06-17,1.3028,3.0989,1.2312,0.92659,24.151,0.8866,0.63569,276.48,13345,64.14,123.93,1120.08,15.413,7.7352,1.4437,45.183,3.6861,8.1732,1.3467,33.704,2.7361,12.4325,633.79999,2536.0,3.151
2015-06-18,1.2776,3.0496,1.216,0.91731,23.917,0.87689,0.62846,272.83,13308,63.732,122.71,1103.31,15.1945,7.7438,1.438,44.88,3.6537,8.0814,1.3316,33.627,2.7148,12.1762,628.79999,2549.5,3.151
2015-06-19,1.2914,3.068,1.2271,0.92477,24.083,0.88503,0.63138,276.88,13320,63.562,123.19,1106.09,15.324,7.8109,1.4508,45.037,3.6932,8.158,1.3373,33.69,2.7122,12.2673,632.38,2554.3999,3.1515
2015-06-22,1.2883,3.0929,1.2234,0.91979,23.981,0.88145,0.63191,273.98,13293,63.526,123.23,1100.94,15.3255,7.7056,1.453,44.978,3.669,8.1316,1.3346,33.652,2.6803,12.156,630.79999,2534.69995,3.165
2015-06-23,1.2976,3.0931,1.2339,0.93261,24.267,0.89254,0.63379,276.9,13280,63.615,123.81,1105.81,15.377,7.7878,1.4621,45.105,3.7216,8.2177,1.3393,33.755,2.6785,12.1844,632.59998,2545.0,3.1712
2015-06-24,1.2907,3.0716,1.2301,0.93186,24.263,0.89182,0.6348,277.45,13303,63.589,123.9,1109.71,15.383,7.8204,1.4534,45.049,3.7163,8.2153,1.3432,33.778,2.6721,12.125,632.25,2560.0,3.1648
2015-06-25,1.2919,3.0956,1.2384,0.93762,24.304,0.89238,0.63591,278.23,13313,63.582,123.61,1111.3,15.488,7.8168,1.4466,45.109,3.7236,8.2345,1.3414,33.759,2.6633,12.1029,630.79999,2558.0,3.1665
2015-06-26,1.3061,3.1385,1.2365,0.9326,24.308,0.8927,0.63587,279.11,13324,63.601,123.71,1123.45,15.5525,7.8316,1.4593,45.09,3.7276,8.27,1.348,33.805,2.6645,12.1775,634.90002,2559.0,3.167
2015-06-29,1.3048,3.1401,1.2374,0.932,24.473,0.89823,0.6364,282.39,13355,63.837,122.89,1122.5,15.6255,7.9103,1.4612,45.182,3.763,8.3039,1.3488,33.805,2.6862,12.2549,639.44,2584.0,3.1618
2015-06-30,1.3004,3.1012,1.2368,0.93065,24.357,0.89373,0.6358,281.46,13351,63.622,122.45,1118.3,15.67,7.8568,1.479,45.11,3.7457,8.2358,1.3467,33.78,2.677,12.192,639.08002,2582.0,3.1695
2015-07-01,1.3025,3.1037,1.2524,0.94207,24.546,0.9009,0.63878,283.18,13343,63.605,123.09,1123.31,15.72,7.877,1.4788,45.245,3.7749,8.3297,1.3497,33.817,2.68,12.1917,638.53998,2639.69995,3.1705
2015-07-02,1.3169,3.1493,1.2618,0.94948,24.639,0.90367,0.64188,284.52,13331,63.513,123.64,1125.13,15.822,7.9478,1.4998,45.172,3.7888,8.4475,1.3522,33.815,2.7042,12.3537,634.40002,2632.0,3.1715
2015-07-03,1.329,3.1168,1.2582,0.94322,24.464,0.90123,0.64005,284.32,13332,63.439,122.91,1123.66,15.703,7.9758,1.4943,45.05,3.7811,8.4468,1.3476,33.78,2.6922,12.289,636.76001,2602.0,3.1705
2015-07-06,1.3343,3.1485,1.264,0.94677,24.65,0.90843,0.64317,287.18,13354,63.445,122.74,1128.22,15.8555,8.0937,1.4935,45.104,3.8159,8.5119,1.3514,33.845,2.691,12.4211,641.25,2671.0,3.169
2015-07-07,1.3468,3.1605,1.2739,0.94987,24.792,0.91483,0.64742,289.25,13335,63.485,122.48,1132.94,15.83,8.2179,1.5083,45.274,3.8376,8.5343,1.3577,33.958,2.6829,12.479,649.3,2692.0,3.179
2015-07-08,1.3485,3.2052,1.2743,0.94911,24.597,0.90711,0.65067,288.34,13358,63.597,121.44,1133.43,15.825,8.2275,1.4953,45.19,3.8314,8.5202,1.3531,34.017,2.6843,12.5158,651.86,2681.9,3.1798
2015-07-09,1.3403,3.2275,1.2685,0.95024,24.525,0.90465,0.64918,284.96,13324,63.39,121.49,1130.17,15.76,8.1586,1.4835,45.164,3.8115,8.47,1.3507,33.924,2.6711,12.456,645.55,2672.2,3.176
2015-07-10,1.3388,3.1852,1.2706,0.93554,24.249,0.89405,0.64443,278.06,13287,63.4,122.38,1126.85,15.708,7.9575,1.4814,45.103,3.7332,8.4131,1.3478,33.93,2.6639,12.4118,647.1,2672.0,3.1555
2015-07-13,1.3462,3.1759,1.2721,0.94832,24.529,0.90506,0.64395,281.38,13299,63.542,123.36,1133.45,15.755,8.0582,1.4906,45.139,3.7532,8.4971,1.3535,34.029,2.6601,12.4885,642.9,2685.0,3.1615
2015-07-14,1.3442,3.1289,1.276,0.94479,24.549,0.90654,0.64219,281.84,13332,63.34,123.31,1141.63,15.69,8.152,1.4929,45.223,3.7621,8.5287,1.36,34.028,2.6368,12.401,641.25,2681.0,3.1682
2015-07-15,1.3401,3.1434,1.2744,0.94822,24.596,0.90835,0.63993,282.29,13336,63.423,123.49,1143.57,15.655,8.1211,1.4938,45.252,3.7506,8.4994,1.3624,34.076,2.6444,12.3523,642.6,2703.0,3.1705
2015-07-16,1.3539,3.1489,1.2947,0.95767,24.953,0.92022,0.6424,284.49,13387,63.511,124.14,1148.65,15.826,8.1513,1.5344,45.242,3.7806,8.5384,1.3669,34.22,2.6539,12.4172,643.0,2735.8,3.179
2015-07-17,1.3511,3.1642,1.2978,0.95794,24.845,0.91836,0.64129,283.63,13343,63.474,123.99,1147.05,15.8087,8.1555,1.5262,45.194,3.7701,8.5807,1.3656,34.153,2.6506,12.3235,645.25,2758.0,3.1663
2015-07-20,1.3549,3.1944,1.2985,0.96231,24.947,0.92149,0.64237,284.98,13418,63.655,124.24,1156.0,15.9075,8.1971,1.5192,45.319,3.794,8.6107,1.3726,34.43,2.6897,12.411,649.7,2758.0,3.1775
2015-07-21,1.357,3.1913,1.2992,0.96071,24.912,0.92022,0.64296,284.35,13375,63.61,124.39,1153.0,15.977,8.2051,1.5147,45.2,3.7856,8.6209,1.3657,34.48,2.6891,12.395,650.6,2768.0,3.169
2015-07-22,1.3543,3.1935,1.2995,0.96147,24.828,0.91726,0.64043,282.82,13411,63.641,123.81,1153.46,16.068,8.1627,1.5192,45.184,3.7799,8.6072,1.3657,34.668,2.7206,12.3759,653.5,2782.0,3.185
2015-07-23,1.3496,3.2668,1.2975,0.95618,24.583,0.90917,0.64042,281.48,13418,63.768,123.78,1158.92,16.0775,8.1489,1.498,45.343,3.7484,8.5755,1.3664,34.744,2.7252,12.4286,657.1,2820.0,3.189
2015-07-24,1.3765,3.3336,1.3091,0.96097,24.721,0.91416,0.64622,284.48,13477,64.119,124.05,1174.12,16.279,8.2233,1.5239,45.561,3.7742,8.6171,1.3748,34.951,2.7503,12.633,660.4,2850.0,3.18
2015-07-27,1.3731,3.378,1.303,0.95813,24.443,0.90432,0.64451,280.36,13497,64.17,123.2,1169.64,16.328,8.1769,1.5139,45.538,3.7335,8.5486,1.3702,34.893,2.7744,12.6865,665.76,2860.0,3.1725
2015-07-28,1.3686,3.3484,1.3014,0.9668,24.511,0.90703,0.64163,281.07,13446,63.915,123.77,1164.47,16.2305,8.1828,1.5007,45.499,3.7384,8.5748,1.3672,34.9,2.7497,12.5615,665.2,2842.0,3.187
2015-07-29,1.3691,3.3693,1.2955,0.96301,24.539,0.90662,0.63944,280.41,13464,63.905,123.75,1157.87,16.2915,8.1573,1.4987,45.509,3.7527,8.5917,1.3667,34.952,2.7592,12.5401,666.3,2847.0,3.1749
2015-07-30,1.3752,3.3533,1.298,0.97061,24.695,0.91283,0.63989,282.0,13491,64.041,124.37,1173.17,16.3815,8.1634,1.5132,45.733,3.7815,8.6457,1.3741,35.085,2.7816,12.6848,671.58,2875.7,3.1735
2015-07-31,1.3805,3.3714,1.3048,0.96334,24.648,0.91183,0.64202,281.12,13555,64.136,124.32,1173.89,16.1825,8.2078,1.529,45.724,3.7782,8.6279,1.3752,35.17,2.7797,12.6935,674.0,2874.0,3.1888
2015-08-03,1.3762,3.4539,1.3153,0.96777,24.693,0.91316,0.64177,281.15,13506,64.043,124.25,1170.64,16.1535,8.2189,1.5175,45.729,3.7894,8.6627,1.3777,35.083,2.7787,12.7182,679.8,2887.0,3.1818
2015-08-04,1.3516,3.4373,1.313,0.96965,24.656,0.91133,0.64044,280.78,13479,63.753,124.0,1161.74,16.1105,8.2033,1.5155,45.634,3.7818,8.6075,1.3765,35.039,2.7732,12.6561,681.6,2910.0,3.1935
2015-08-05,1.3558,3.466,1.3171,0.97933,24.843,0.91886,0.63981,284.2,13514,63.755,124.26,1169.93,16.291,8.2656,1.5291,45.721,3.8314,8.7086,1.3835,35.235,2.7793,12.7707,681.4,2950.0,3.1935
2015-08-06,1.3642,3.5161,1.3168,0.9842,24.831,0.9187,0.64437,285.21,13528,63.765,124.89,1167.13,16.3845,8.2921,1.531,45.779,3.8444,8.7611,1.3854,35.17,2.7851,12.7611,678.59,2955.0,3.2045
2015-08-07,1.3535,3.5261,1.3082,0.98145,24.7,0.91399,0.64446,283.66,13535,63.815,124.7,1163.02,16.2855,8.2634,1.5215,45.736,3.8253,8.7509,1.3834,35.152,2.7888,12.6998,678.0,2936.7,3.193
2015-08-10,1.358,3.5182,1.3131,0.9854,24.666,0.91241,0.64516,284.01,13526,63.871,124.7,1163.4,16.2065,8.2354,1.5208,45.815,3.8292,8.7553,1.386,35.14,2.7911,12.7258,672.5,2908.0,3.1945
2015-08-11,1.3652,3.4705,1.3075,0.98227,24.447,0.90457,0.64116,282.45,13635,64.205,124.82,1179.92,16.268,8.2166,1.5256,46.065,3.7967,8.6706,1.3989,35.29,2.7676,12.7209,681.4,2939.0,3.212
2015-08-12,1.3562,3.4601,1.2969,0.97391,24.223,0.89646,0.64088,278.99,13747,64.719,124.11,1174.66,16.2165,8.1363,1.5103,46.163,3.7552,8.5894,1.4031,35.25,2.7759,12.7452,683.43,2931.0,3.204
2015-08-13,1.3611,3.492,1.3012,0.9766,24.326,0.90017,0.63966,279.66,13835,65.229,124.43,1178.45,16.2915,8.1686,1.5208,46.19,3.7701,8.5084,1.3988,35.278,2.7899,12.8009,685.8,2931.0,3.214
2015-08-14,1.3537,3.5001,1.3044,0.9735,24.195,0.89518,0.6396,278.12,13775,65.008,124.16,1176.96,16.405,8.1797,1.5248,46.153,3.7474,8.4422,1.4025,35.2,2.8334,12.7945,684.31,2988.0,3.229
2015-08-17,1.36,3.5001,1.3136,0.97667,24.343,0.9009,0.64009,279.29,13868,65.315,124.52,1185.62,16.4775,8.2509,1.525,46.309,3.7575,8.509,1.4094,35.373,2.8581,12.9135,691.15,2989.0,3.232
2015-08-18,1.3621,3.4868,1.3105,0.97631,24.431,0.90416,0.63671,279.39,13814,65.315,124.27,1182.59,16.443,8.278,1.519,46.258,3.7637,8.5246,1.4027,35.541,2.8892,12.9156,693.59,3005.0,3.2345
2015-08-19,1.3609,3.4783,1.307,0.9741,24.474,0.90572,0.63844,280.61,13842,65.274,124.36,1185.39,16.419,8.3036,1.5206,46.316,3.7796,8.5684,1.4043,35.595,2.9203,12.9008,693.17,3009.0,3.2442
2015-08-20,1.367,3.5044,1.3126,0.96325,24.164,0.89421,0.63829,279.33,13910,65.55,123.85,1191.57,16.74,8.2558,1.511,46.627,3.7471,8.4963,1.4041,35.638,2.9603,12.946,688.35,3051.0,3.2515
2015-08-21,1.3637,3.4714,1.3108,0.95426,23.953,0.88645,0.63806,277.25,13939,65.903,122.68,1193.52,16.84,8.2213,1.5013,46.674,3.7264,8.4491,1.4052,35.627,2.9287,12.9413,697.73,3105.1,3.2595
2015-08-24,1.3832,3.5605,1.3252,0.93737,23.544,0.86979,0.63512,274.18,14049,66.772,119.86,1208.36,17.124,8.1491,1.5245,46.853,3.6904,8.2661,1.4156,35.767,2.9547,13.2672,704.31,3234.4,3.282
2015-08-25,1.3851,3.5304,1.3194,0.9416,23.561,0.86911,0.63358,271.43,14033,66.096,119.8,1179.34,16.9775,8.1597,1.5293,46.605,3.6713,8.3133,1.3979,35.536,2.9207,13.055,706.06,3234.0,3.275
2015-08-26,1.4,3.5918,1.3265,0.94527,23.755,0.87704,0.64147,276.74,14108,66.195,119.68,1187.13,17.013,8.3336,1.5399,46.665,3.7108,8.4684,1.4038,35.67,2.9267,13.0675,704.34,3219.0,3.2795
2015-08-27,1.3993,3.5834,1.3226,0.95454,24.015,0.88621,0.648,279.29,13999,66.045,120.19,1179.43,16.9785,8.3326,1.5481,46.675,3.7537,8.4811,1.3996,35.645,2.921,13.117,694.01,3207.0,3.299
2015-08-28,1.4012,3.5651,1.3271,0.95909,24.004,0.88747,0.64972,279.38,14018,66.163,120.84,1177.85,16.9297,8.289,1.551,46.708,3.7633,8.4268,1.4061,35.888,2.9216,13.2362,691.07,3072.0,3.299
2015-08-31,1.4046,3.6265,1.3253,0.96523,24.094,0.89166,0.64871,280.61,14061,66.402,121.33,1183.2,16.864,8.3446,1.5636,46.801,3.7708,8.4737,1.4126,35.845,2.9185,13.3345,692.57,3054.2,3.2122
2015-09-01,1.4201,3.6549,1.3222,0.96342,24.049,0.89,0.65219,279.9,14112,66.31,120.03,1176.11,16.865,8.3268,1.5797,46.738,3.7714,8.4509,1.4123,35.747,2.9232,13.3858,692.45,3114.0,3.236
2015-09-02,1.427,3.731,1.3255,0.96553,24.01,0.88849,0.65473,278.94,14145,66.194,120.13,1184.15,16.899,8.2643,1.5785,46.777,3.7636,8.4378,1.4161,35.762,2.9432,13.4589,689.2,3081.0,3.2435
2015-09-03,1.428,3.8002,1.3263,0.97097,24.064,0.89055,0.65411,279.81,14205,66.243,120.21,1191.58,16.9035,8.2581,1.5744,46.824,3.7697,8.3629,1.4161,35.885,2.97,13.615,688.8,3163.0,3.2445
2015-09-04,1.4319,3.7768,1.323,0.97315,24.268,0.89783,0.65676,281.51,14175,66.495,119.25,1188.66,16.8635,8.2748,1.5692,46.755,3.7961,8.4528,1.4186,35.84,2.9778,13.624,692.2,3138.5,3.1915
2015-09-07,1.4411,3.8398,1.328,0.97533,24.247,0.89718,0.65526,281.74,14309,66.857,119.41,1201.91,16.9466,8.312,1.5971,46.982,3.7949,8.4512,1.4266,36.114,3.025,13.9155,693.55,3141.0,3.22
2015-09-08,1.4313,3.7938,1.3221,0.97832,24.231,0.8959,0.64899,281.51,14276,66.502,119.89,1195.19,16.8533,8.2642,1.5899,46.887,3.7868,8.4383,1.4197,36.091,3.0132,13.8156,690.53,3127.0,3.2065
2015-09-09,1.4238,3.8011,1.3248,0.97792,24.29,0.89775,0.65096,281.15,14246,66.412,120.88,1189.94,16.7784,8.2593,1.5676,46.914,3.7766,8.441,1.4168,36.083,3.0194,13.6705,690.46,3111.7,3.2132
2015-09-10,1.4154,3.8882,1.3252,0.97658,24.173,0.89405,0.64958,281.19,14299,66.434,121.04,1186.5,16.9122,8.2038,1.5892,46.838,3.7662,8.4042,1.4159,36.108,3.0458,13.8566,685.11,3113.0,3.2105
2015-09-11,1.416,3.8403,1.3263,0.97897,24.027,0.88747,0.64838,279.32,14301,66.469,120.71,1183.22,16.7485,8.2277,1.5898,46.818,3.7345,8.3164,1.4153,36.15,3.0442,13.5682,687.73,2985.0,3.2075
2015-09-14,1.4042,3.8636,1.3253,0.97116,23.986,0.88456,0.64874,277.16,14341,66.362,120.34,1181.57,16.784,8.1884,1.5838,46.784,3.7238,8.2574,1.4081,36.04,3.069,13.582,687.85,3044.0,3.2145
2015-09-15,1.4033,3.8415,1.3237,0.96917,23.929,0.88339,0.64894,276.04,14422,66.364,119.65,1179.81,16.7365,8.1771,1.5792,46.72,3.7112,8.24,1.4001,35.95,3.0299,13.4777,683.2,3010.0,3.2
2015-09-16,1.3962,3.8416,1.325,0.97462,24.105,0.89063,0.64718,277.72,14432,66.46,120.64,1174.81,16.644,8.2281,1.5765,46.63,3.738,8.3052,1.4006,35.97,3.002,13.3595,676.2,3025.0,3.2075
2015-09-17,1.3946,3.8628,1.3194,0.968,23.967,0.88402,0.64414,274.92,14479,66.25,120.9,1162.91,16.575,8.1475,1.5754,46.453,3.7161,8.2494,1.3983,35.747,3.0179,13.3857,673.75,2965.0,3.1914
2015-09-18,1.3757,3.8856,1.3027,0.95569,23.707,0.87573,0.63911,271.31,14362,65.674,119.37,1163.85,16.46,8.0891,1.5503,46.307,3.6807,8.166,1.3912,35.551,2.9996,13.2202,678.25,2985.0,3.181
2015-09-21,1.3949,3.9581,1.3183,0.96942,24.047,0.88889,0.64382,275.66,14471,65.716,120.44,1178.19,16.5975,8.196,1.573,46.466,3.7214,8.2933,1.4083,35.795,2.9877,13.3396,684.43,2985.0,3.191
2015-09-22,1.4103,4.0169,1.3271,0.97355,24.255,0.89646,0.64751,278.4,14574,65.896,119.9,1185.25,16.786,8.2604,1.5881,46.653,3.7624,8.374,1.4179,36.005,3.0373,13.6748,698.5,3071.0,3.1905
2015-09-23,1.4182,4.0174,1.3265,0.97596,24.296,0.89686,0.65444,278.84,14616,65.981,120.21,1191.25,16.86,8.2843,1.5885,46.793,3.77,8.4124,1.4215,36.131,3.0251,13.658,703.0,3077.0,3.21
2015-09-24,1.4364,4.2082,1.3379,0.97216,24.163,0.8896,0.65715,279.52,14753,66.239,119.63,1195.85,17.2635,8.4183,1.5886,47.006,3.763,8.3882,1.4282,36.34,3.0576,13.998,696.5,3159.0,3.2125
2015-09-25,1.4254,3.8905,1.3313,0.97946,24.386,0.89678,0.65891,282.9,14655,66.156,120.99,1189.96,16.745,8.5311,1.5764,46.746,3.786,8.4223,1.4223,36.16,3.0282,13.7372,700.2,3103.0,3.1975
2015-09-28,1.4295,4.0096,1.3358,0.9795,24.369,0.89526,0.65819,282.39,14700,66.105,120.08,1194.37,17.0775,8.5783,1.5743,46.796,3.7908,8.4626,1.4288,36.35,3.0561,14.0312,705.6,3089.0,3.2128
2015-09-29,1.4289,4.0909,1.3388,0.97296,24.284,0.89254,0.65968,280.03,14675,65.995,119.94,1194.78,16.9725,8.4988,1.5723,46.84,3.7804,8.4311,1.4284,36.444,3.0373,13.9068,703.4,3105.8,3.2265
2015-09-30,1.4227,3.9996,1.342,0.97429,24.268,0.89262,0.6592,279.79,14593,65.59,120.23,1185.64,16.939,8.5017,1.5682,46.726,3.789,8.398,1.4211,36.34,3.0262,13.8342,695.65,3086.5,3.225
2015-10-01,1.4146,3.9472,1.3269,0.97758,24.364,0.89662,0.66054,280.46,14669,65.512,119.75,1178.48,16.8605,8.4789,1.554,46.756,3.807,8.4062,1.4271,36.43,3.0302,13.8523,695.6,3061.2,3.223
2015-10-02,1.422,4.0036,1.3239,0.97876,24.34,0.89606,0.65932,280.44,14651,65.513,120.29,1181.77,16.8555,8.4341,1.5599,46.732,3.8039,8.3703,1.4333,36.6,3.0263,13.8979,688.4,3015.5,3.2245
2015-10-05,1.4109,3.9212,1.3114,0.97348,24.138,0.89,0.65878,277.59,14422,65.3,120.21,1161.32,16.656,8.3544,1.5372,46.452,3.7779,8.3226,1.4226,36.36,2.9947,13.59,682.6,2958.0,3.2135
2015-10-06,1.406,3.9388,1.3098,0.97434,24.153,0.89095,0.65921,279.38,14228,65.382,120.34,1168.31,16.8075,8.354,1.5407,46.41,3.7854,8.2966,1.4243,36.322,2.9914,13.6856,680.3,2913.0,3.2085
2015-10-07,1.3835,3.8379,1.3003,0.96592,24.054,0.88763,0.65312,277.09,13751,64.898,120.1,1153.66,16.57,8.2176,1.5059,46.005,3.7547,8.2482,1.4087,35.861,2.9289,13.3756,678.79,2898.0,3.2098
2015-10-08,1.3919,3.8719,1.3047,0.97165,24.095,0.88857,0.65452,277.39,13879,65.096,119.89,1160.02,16.61,8.1913,1.515,46.137,3.7605,8.2451,1.4119,35.987,2.9334,13.4669,677.3,2868.7,3.215
2015-10-09,1.3644,3.7494,1.2936,0.96101,23.859,0.88013,0.65191,274.24,13507,64.8,120.27,1142.45,16.3942,8.0879,1.493,45.718,3.7115,8.1573,1.3954,35.55,2.902,13.2612,675.6,2857.0,3.207
2015-10-12,1.3566,3.7649,1.2927,0.96087,23.835,0.87928,0.65075,273.33,13440,64.752,120.12,1141.55,16.425,8.0524,1.4864,45.728,3.7146,8.1788,1.3978,35.35,2.9172,13.2726,675.7,2866.5,3.202
2015-10-13,1.3702,3.8044,1.3047,0.95921,23.854,0.8792,0.65764,273.9,13638,65.185,119.71,1150.81,16.596,8.1493,1.4924,46.056,3.727,8.1379,1.4005,35.636,2.9541,13.457,683.3,2910.7,3.2188
2015-10-14,1.3779,3.8736,1.2985,0.95539,23.762,0.87642,0.65013,272.6,13614,64.983,119.61,1147.2,16.558,8.0982,1.4845,45.966,3.7141,8.1259,1.3861,35.524,2.936,13.4175,679.5,2926.0,3.232
2015-10-15,1.3648,3.7962,1.29,0.95052,23.677,0.8742,0.64665,270.47,13453,64.825,118.22,1121.51,16.398,8.0575,1.4584,45.757,3.6971,8.154,1.377,35.158,2.8827,13.1093,673.5,2895.0,3.2215
2015-10-16,1.378,3.8549,1.2927,0.9515,23.839,0.88028,0.64754,272.61,13521,64.867,119.06,1130.99,16.474,8.099,1.4733,45.995,3.7309,8.2357,1.3833,35.306,2.9025,13.146,674.55,2876.0,3.2215
2015-10-19,1.3748,3.8988,1.2945,0.95597,23.897,0.88238,0.64564,273.11,13624,64.805,119.38,1129.95,16.444,8.1047,1.4707,46.098,3.7384,8.2891,1.384,35.36,2.8985,13.1924,679.5,2918.0,3.251
2015-10-20,1.3727,3.8598,1.3003,0.95164,23.811,0.87928,0.64644,272.87,13686,65.058,119.72,1128.93,16.505,8.1205,1.4652,46.374,3.7339,8.2859,1.3885,35.407,2.8912,13.1996,687.6,2930.0,3.227
2015-10-21,1.3834,3.9261,1.3003,0.95684,23.85,0.88075,0.64726,274.13,13748,65.126,120.05,1138.5,16.65,8.1579,1.4857,46.442,3.7658,8.2983,1.3929,35.56,2.9055,13.4265,692.6,2961.1,3.244
2015-10-22,1.3871,3.9593,1.3124,0.96226,23.927,0.88394,0.64651,275.01,13614,65.126,119.76,1135.8,16.59,8.1976,1.4765,46.533,3.7876,8.3273,1.3917,35.594,2.889,13.5249,688.6,2902.8,3.2425
2015-10-23,1.3759,3.8946,1.3067,0.97375,24.426,0.9022,0.64918,279.64,13585,64.829,120.71,1127.15,16.4225,8.3476,1.4711,46.522,3.837,8.4878,1.3901,35.415,2.8751,13.4434,685.8,2915.5,3.2455
2015-10-26,1.3788,3.8581,1.3152,0.98293,24.601,0.90818,0.65244,281.69,13614,64.906,121.02,1132.85,16.519,8.3789,1.4753,46.597,3.8759,8.52,1.3938,35.45,2.8857,13.571,687.5,2927.0,3.2615
2015-10-27,1.3831,3.9216,1.3219,0.98364,24.499,0.90408,0.6522,282.84,13651,64.963,120.3,1136.82,16.59,8.4649,1.4701,46.821,3.8802,8.5042,1.3943,35.503,2.9098,13.7429,687.5,2947.8,3.2612
2015-10-28,1.4018,3.8847,1.321,0.98322,24.478,0.90212,0.65386,281.26,13535,65.001,120.32,1131.98,16.514,8.498,1.4889,46.818,3.8733,8.422,1.3936,35.47,2.891,13.5797,687.4,2947.0,3.2685
2015-10-29,1.4132,3.9361,1.3185,0.99277,24.806,0.91491,0.65572,284.95,13681,65.364,121.04,1145.25,16.646,8.57,1.4968,47.045,3.9066,8.5612,1.4066,35.673,2.9369,13.8378,688.5,2920.8,3.275
2015-10-30,1.4109,3.878,1.3175,0.98938,24.589,0.90769,0.6519,281.29,13680,65.368,120.61,1138.22,16.565,8.5259,1.4858,46.739,3.8707,8.5201,1.4019,35.576,2.9162,13.817,691.2,2890.0,3.2754
2015-11-02,1.4011,3.8727,1.3098,0.98668,24.562,0.90645,0.64648,282.99,13653,65.585,120.58,1137.26,16.5075,8.4636,1.4826,46.875,3.8553,8.5064,1.4019,35.602,2.8055,13.7646,691.2,2895.0,3.27
2015-11-03,1.394,3.8095,1.3125,0.99025,24.69,0.91108,0.64974,285.6,13609,65.728,120.85,1134.74,16.485,8.5104,1.4909,46.916,3.8757,8.5582,1.3997,35.576,2.8446,13.8978,688.4,2798.0,3.2805
2015-11-04,1.3909,3.7526,1.307,0.98884,24.759,0.91449,0.64874,287.98,13483,65.486,121.12,1131.12,16.3875,8.5299,1.5075,46.795,3.8754,8.5654,1.3979,35.46,2.8397,13.8162,692.05,2835.0,3.288
2015-11-05,1.3997,3.8008,1.3158,0.99541,24.85,0.91886,0.65478,288.5,13555,65.892,121.89,1140.0,16.537,8.5514,1.5115,46.905,3.8952,8.6296,1.4068,35.562,2.8682,13.8862,694.77,2857.0,3.293
2015-11-06,1.3995,3.7929,1.3201,0.99687,24.877,0.92047,0.66058,289.05,13549,65.9,121.88,1144.39,16.6535,8.5341,1.5107,46.927,3.9161,8.6376,1.4096,35.585,2.8805,13.9483,697.3,2894.8,3.3155
2015-11-09,1.4164,3.7951,1.3256,1.0036,25.095,0.92799,0.66268,291.8,13651,66.423,123.5,1161.17,16.8655,8.6187,1.5279,47.159,3.956,8.6654,1.4245,35.935,2.9185,14.253,701.15,2929.0,3.3025
2015-11-10,1.4181,3.793,1.3261,1.005,25.249,0.93362,0.66138,291.93,13632,66.27,123.22,1159.61,16.7855,8.6607,1.5274,47.241,3.9615,8.6922,1.4223,35.93,2.9148,14.3512,699.95,2941.0,3.309
2015-11-11,1.4169,3.7339,1.3263,1.0063,25.216,0.93318,0.65883,290.87,13579,66.236,123.09,1155.76,16.705,8.6068,1.5252,47.102,3.9394,8.7057,1.4218,35.877,2.8862,14.185,698.45,2946.0,3.313
2015-11-12,1.4053,3.8032,1.3326,1.004,25.201,0.93231,0.65859,291.12,13627,66.314,122.99,1161.54,16.782,8.6929,1.5334,47.059,3.9409,8.6714,1.4214,35.92,2.8844,14.2578,701.61,2995.0,3.3165
2015-11-13,1.4007,3.7948,1.3305,1.002,25.113,0.92902,0.65687,290.07,13716,66.146,122.67,1167.85,16.78,8.6696,1.5313,47.122,3.9418,8.676,1.4219,35.9,2.8763,14.3496,705.1,3075.0,3.319
2015-11-16,1.4091,3.837,1.3329,1.0063,25.208,0.93257,0.65821,290.87,13780,65.99,123.11,1172.79,16.7356,8.6776,1.5438,47.229,3.9549,8.6922,1.4225,35.965,2.8837,14.3896,712.1,3073.4,3.3272
2015-11-17,1.4021,3.8129,1.3308,1.0127,25.334,0.93721,0.65764,292.07,13726,66.009,123.23,1168.76,16.7648,8.657,1.5414,47.178,3.9808,8.7388,1.4222,35.956,2.8672,14.2376,711.65,3075.0,3.3375
2015-11-18,1.409,3.803,1.3335,1.0161,25.341,0.93756,0.65713,291.52,13825,66.22,123.43,1169.98,16.7548,8.6569,1.5474,47.198,3.9884,8.7211,1.4237,35.995,2.8642,14.2075,714.65,3103.0,3.3568
2015-11-19,1.3966,3.7573,1.329,1.0193,25.288,0.93572,0.65481,290.32,13768,66.23,123.14,1161.73,16.675,8.6606,1.5349,47.028,3.9768,8.7105,1.4156,35.86,2.8477,14.2047,710.6,3071.5,3.343
2015-11-20,1.3871,3.7107,1.3313,1.0146,25.291,0.93563,0.65588,290.01,13595,66.195,122.83,1155.0,16.587,8.6111,1.5247,46.998,3.9681,8.6823,1.4121,35.74,2.8223,13.928,713.2,3047.0,3.3445
2015-11-23,1.3915,3.73,1.3378,1.0204,25.421,0.94065,0.6608,292.66,13680,66.381,123.15,1158.89,16.5855,8.6309,1.5353,47.154,3.9886,8.7006,1.4185,35.87,2.8471,14.0209,714.7,3092.3,3.356
2015-11-24,1.3861,3.7133,1.3359,1.017,25.381,0.93888,0.66304,292.83,13725,66.339,122.54,1154.31,16.5375,8.6461,1.5368,47.08,4.0003,8.6961,1.4153,35.81,2.88,14.0652,710.85,3067.7,3.3755
2015-11-25,1.3793,3.7682,1.3327,1.0221,25.529,0.94464,0.6629,294.83,13689,66.301,122.75,1144.8,16.5505,8.6728,1.5265,47.075,4.0245,8.7585,1.4064,35.716,2.8785,14.0901,713.0,3086.5,3.3645
2015-11-26,1.3838,3.7632,1.3305,1.0241,25.473,0.94233,0.66227,294.26,13766,66.566,122.56,1148.99,16.54,8.6628,1.5213,47.129,4.026,8.7407,1.4082,35.76,2.909,14.225,713.1,3085.8,3.3645
2015-11-27,1.3884,3.7201,1.3347,1.0302,25.543,0.94518,0.66437,294.97,13827,66.772,122.64,1154.78,16.55,8.6848,1.5302,47.184,4.0294,8.7353,1.4109,35.89,2.9173,14.3185,715.5,3093.0,3.3645
2015-11-30,1.3868,3.8481,1.3369,1.0306,25.551,0.94527,0.66623,294.53,13843,66.668,123.09,1157.21,16.596,8.6903,1.5238,47.189,4.0383,8.7031,1.4122,35.85,2.9104,14.4526,710.3,3144.0,3.3588
2015-12-01,1.3717,3.892,1.3319,1.0291,25.493,0.9434,0.66377,292.92,13813,66.521,123.18,1159.43,16.517,8.6807,1.5033,47.178,4.0263,8.6904,1.4101,35.805,2.8892,14.468,703.45,3145.0,3.3604
2015-12-02,1.3653,3.8526,1.3385,1.0253,25.466,0.94233,0.66519,293.28,13801,66.544,123.16,1163.74,16.524,8.6134,1.5025,47.149,4.0264,8.6819,1.4097,35.812,2.884,14.336,703.85,3160.0,3.37
2015-12-03,1.3635,3.7931,1.3319,1.0158,25.336,0.93712,0.66742,291.38,13807,66.661,123.31,1162.25,16.555,8.5971,1.503,47.108,4.0164,8.6449,1.4066,35.857,2.8833,14.3132,700.6,3147.0,3.3615
2015-12-04,1.3666,3.7773,1.3337,0.99817,24.798,0.91726,0.66052,287.2,13846,66.779,122.99,1163.36,16.74,8.4842,1.4969,47.08,3.9562,8.5052,1.3957,35.848,2.912,14.4263,700.4,3192.0,3.354
2015-12-07,1.3738,3.7399,1.3461,1.0019,25.0,0.92515,0.66398,288.51,13845,66.733,123.42,1169.4,16.7665,8.6285,1.5023,47.072,3.9905,8.5288,1.4054,35.86,2.9003,14.4873,705.95,3307.5,3.371
2015-12-08,1.3884,3.7974,1.3603,0.99494,24.848,0.91954,0.6686,289.22,14068,66.839,122.89,1183.47,17.057,8.7977,1.5108,47.208,3.9869,8.4815,1.4127,35.969,2.923,14.6683,705.75,3307.5,3.363
2015-12-09,1.3876,3.7699,1.357,0.98985,24.697,0.91399,0.66274,287.63,14041,66.84,122.51,1181.94,16.974,8.7168,1.5096,47.2,3.9671,8.4624,1.406,35.95,2.9192,14.577,703.98,3282.0,3.363
2015-12-10,1.3707,3.7629,1.354,0.98748,24.692,0.91383,0.66115,289.33,13947,66.748,121.51,1176.43,17.064,8.6238,1.4796,47.234,3.965,8.4767,1.4016,36.025,2.9188,15.274,704.33,3254.0,3.373
2015-12-11,1.3863,3.853,1.3664,0.98804,24.679,0.91324,0.65973,289.19,14101,67.006,121.48,1188.06,17.3504,8.711,1.4847,47.452,3.9686,8.4938,1.4097,36.09,2.9604,15.8862,708.8,3298.0,3.366
2015-12-14,1.3868,3.9045,1.3754,0.9807,24.605,0.9105,0.66102,288.74,14136,67.145,120.68,1187.95,17.41,8.713,1.4814,47.462,3.9751,8.525,1.4104,36.123,2.9898,15.3005,711.65,3351.4,3.3585
2015-12-15,1.3831,3.8771,1.3712,0.98553,24.588,0.90992,0.65987,287.99,14034,66.894,120.99,1175.92,17.2565,8.6392,1.4728,47.368,3.9615,8.4516,1.4065,35.875,2.9639,14.942,710.55,3315.0,3.3728
2015-12-16,1.389,3.9369,1.3766,0.99003,24.723,0.91466,0.66615,289.41,13988,66.711,121.81,1175.42,17.125,8.7401,1.4814,47.337,3.9501,8.5055,1.4092,36.066,2.965,15.0652,705.49,3330.3,3.3615
2015-12-17,1.3926,3.877,1.3832,0.99686,24.934,0.92242,0.67023,291.45,14025,66.267,122.52,1186.1,16.9402,8.7732,1.4831,47.444,3.9626,8.5806,1.416,36.09,2.9217,14.9986,707.15,3345.0,3.363
2015-12-18,1.4033,3.9004,1.3956,0.99372,24.945,0.92285,0.6706,290.01,13931,66.404,121.45,1181.4,17.02,8.7671,1.4913,47.299,3.9504,8.5511,1.412,36.153,2.9145,15.0423,698.35,3328.0,3.3628
2015-12-21,1.3954,3.976,1.3955,0.99393,24.865,0.91996,0.67144,289.01,13814,66.316,121.37,1177.6,17.1175,8.7935,1.4824,47.275,3.9008,8.5492,1.4082,36.12,2.911,15.098,692.49,3329.0,3.3775
2015-12-22,1.3796,3.9827,1.3917,0.98776,24.679,0.91308,0.67221,286.68,13662,66.241,120.91,1171.75,17.1115,8.7135,1.4642,47.287,3.8693,8.4569,1.4042,36.07,2.9474,15.134,696.81,3313.0,3.3825
2015-12-23,1.3847,3.9677,1.3903,0.99047,24.765,0.91609,0.67149,288.43,13663,66.21,120.85,1174.29,17.196,8.7276,1.4765,47.267,3.8905,8.4362,1.4077,36.06,2.9331,15.2629,698.1,3215.0,3.3938
2015-12-24,1.377,3.941,1.387,0.98712,24.69,0.91349,0.67069,288.58,13632,66.21,120.43,1168.72,17.275,8.6891,1.4663,47.049,3.8743,8.395,1.4064,36.03,2.9223,15.187,699.7,3171.0,3.385
2015-12-28,1.3765,3.9257,1.3872,0.98869,24.651,0.91224,0.67082,286.56,13654,66.103,120.46,1168.43,17.273,8.701,1.4613,47.041,3.8729,8.3801,1.4081,36.128,2.9122,15.2493,707.3,3186.0,3.397
2015-12-29,1.3747,3.852,1.3916,0.99032,24.679,0.91308,0.67572,286.94,13724,66.331,120.42,1170.72,17.205,8.6847,1.4563,47.036,3.8682,8.3608,1.4123,36.083,2.9107,15.303,708.35,3165.0,3.404
2015-12-30,1.372,3.898,1.3885,0.98975,24.738,0.91525,0.67544,286.61,13803,66.388,120.5,1175.9,17.286,8.801,1.4606,46.935,3.8807,8.4091,1.414,36.0,2.9139,15.4537,708.2,3173.7,3.4
2015-12-31,1.3683,3.9604,1.3884,0.99522,24.821,0.91853,0.67415,290.24,13815,66.154,120.39,1176.43,17.3735,8.8206,1.4626,46.844,3.9165,8.4408,1.4161,36.05,2.9177,15.5718,708.1,3169.5,3.4
2016-01-04,1.3904,4.0395,1.3922,0.99936,24.796,0.9176,0.67728,289.4,13943,66.633,119.09,1190.92,17.375,8.8525,1.4816,47.158,3.9415,8.414,1.4253,36.16,2.954,15.5586,716.85,3216.1,3.4095
2016-01-05,1.3942,4.0036,1.3936,1.0094,25.146,0.93058,0.68151,293.32,13846,66.587,119.0,1188.37,17.29,8.9224,1.489,46.874,4.0093,8.5832,1.4247,36.121,2.9787,15.6005,713.0,3209.3,3.416
2016-01-06,1.4138,4.0338,1.4091,1.0097,25.159,0.93093,0.68367,293.06,13954,66.863,118.4,1200.15,17.453,8.9578,1.5049,47.094,4.0378,8.5952,1.4345,36.229,3.0083,15.8287,714.6,3254.0,3.417
2016-01-07,1.4308,4.0487,1.4133,1.0006,24.871,0.92013,0.68591,290.57,13930,66.895,117.54,1202.49,17.6827,8.923,1.5149,47.135,4.0037,8.537,1.4365,36.292,3.0172,16.1011,721.4,3270.3,3.415
2016-01-08,1.4267,4.0222,1.4106,0.99991,24.88,0.92073,0.68612,290.52,13913,66.68,118.32,1201.34,17.7913,8.9135,1.5146,47.145,4.0073,8.5296,1.4369,36.265,2.9915,16.0087,726.9,3262.6,3.422
2016-01-11,1.4251,4.0215,1.4085,0.9977,24.817,0.91844,0.68612,291.44,13846,66.808,117.86,1202.35,17.8345,8.8878,1.5225,47.14,4.0086,8.5158,1.4334,36.27,3.0191,16.5755,731.4,3276.5,3.4245
2016-01-12,1.4267,4.0332,1.4184,1.0018,24.936,0.92285,0.69288,293.24,13811,66.87,117.93,1207.89,17.79,8.8952,1.527,47.339,4.0207,8.5348,1.4369,36.331,3.0308,16.587,729.3,3278.9,3.419
2016-01-13,1.425,3.9954,1.4221,1.0102,24.982,0.92456,0.6936,291.63,13820,66.865,118.1,1203.01,17.8235,8.8376,1.5273,47.414,4.0179,8.5484,1.4323,36.245,3.0165,16.4897,727.1,3252.7,3.4188
2016-01-14,1.4408,4.0145,1.4364,1.0052,24.806,0.91802,0.69497,290.07,13913,67.43,117.75,1212.49,17.95,8.8195,1.5517,47.807,4.0145,8.5238,1.4385,36.31,3.0318,16.568,720.8,3243.0,3.427
2016-01-15,1.4564,4.0443,1.4522,1.0034,24.758,0.91625,0.69773,288.02,13989,67.79,117.1,1217.67,18.1305,8.8038,1.5671,47.903,4.0433,8.5646,1.4417,36.38,3.0427,16.6991,730.3,3300.2,3.432
2016-01-18,1.4515,4.0331,1.4506,1.005,24.823,0.91811,0.70017,289.59,13921,67.689,117.32,1209.55,18.243,8.8944,1.5481,47.775,4.0953,8.5761,1.439,36.28,3.0391,16.7905,729.89,3296.8,3.424
2016-01-19,1.4421,4.0263,1.4492,1.005,24.865,0.92013,0.70365,289.44,13811,67.615,117.89,1202.51,18.1185,8.8525,1.5424,47.608,4.0839,8.5785,1.4347,36.279,3.0392,16.665,727.0,3308.4,3.429
2016-01-20,1.4592,4.0854,1.4637,1.0023,24.793,0.91684,0.70597,288.59,13962,67.996,116.7,1216.15,18.3763,8.8613,1.5709,47.877,4.0985,8.5662,1.4392,36.29,3.0537,16.7687,727.3,3389.6,3.44
2016-01-21,1.4463,4.1522,1.4459,1.0051,24.845,0.91802,0.70855,288.64,13908,67.996,116.98,1213.29,18.555,8.9078,1.5551,47.889,4.1259,8.586,1.4385,36.265,3.0385,16.6578,725.2,3315.6,3.44
2016-01-22,1.423,4.1219,1.4171,1.0131,25.006,0.92524,0.69818,288.86,13835,67.63,118.22,1196.18,18.5196,8.7606,1.5365,47.724,4.1254,8.5805,1.4268,36.011,3.0137,16.4825,715.2,3309.0,3.447
2016-01-25,1.4328,4.0939,1.4194,1.0153,24.985,0.92464,0.70171,289.14,13856,67.773,118.42,1196.05,18.4901,8.7457,1.5467,47.98,4.1322,8.5768,1.4303,35.94,3.0199,16.5123,721.79,3395.0,3.449
2016-01-26,1.4349,4.1031,1.4221,1.0158,24.934,0.92276,0.70218,288.58,13846,67.897,118.32,1203.12,18.5716,8.7532,1.5481,48.031,4.1471,8.5489,1.4301,35.863,3.0173,16.5065,717.69,3409.4,3.466
2016-01-27,1.42,4.0377,1.4081,1.0165,24.821,0.91844,0.69769,288.25,13860,68.05,118.4,1202.19,18.3725,8.68,1.5374,47.908,4.1064,8.5039,1.4274,35.785,2.9904,16.3302,714.49,3352.0,3.459
2016-01-28,1.4142,4.1047,1.4085,1.0138,24.783,0.91718,0.69915,287.42,13864,68.225,118.88,1207.34,18.3405,8.6641,1.5476,47.8,4.0846,8.534,1.4268,35.831,2.9795,16.3061,710.59,3278.0,3.4635
2016-01-29,1.4092,4.0562,1.4069,1.0205,24.749,0.91575,0.69973,285.74,13707,67.861,121.11,1207.51,18.3196,8.6854,1.5374,47.694,4.0658,8.5607,1.424,35.69,2.9638,16.019,712.8,3281.0,3.467
2016-02-01,1.4128,3.9977,1.4014,1.0195,24.826,0.91878,0.69919,286.53,13640,67.907,121.27,1204.0,18.2664,8.6512,1.5454,47.714,4.0382,8.5295,1.4241,35.612,2.9648,16.0804,710.7,3322.8,3.4735
2016-02-02,1.4173,3.9898,1.4005,1.0209,24.751,0.91583,0.69475,285.42,13687,67.984,120.74,1211.26,18.3405,8.7209,1.5422,47.858,4.0347,8.5573,1.4274,35.75,2.9524,16.0993,713.79,3390.0,3.4817
2016-02-03,1.4163,3.9587,1.3934,1.0166,24.719,0.91466,0.68901,284.05,13756,68.042,119.44,1216.38,18.3939,8.7019,1.5147,47.901,4.0229,8.5594,1.4297,35.854,2.9395,16.1849,703.99,3372.0,3.49
2016-02-04,1.3873,3.8806,1.3712,0.9967,24.113,0.89238,0.68352,277.07,13627,67.696,117.34,1192.89,18.1242,8.5111,1.4883,47.623,3.94,8.3916,1.4028,35.652,2.9002,15.8549,696.1,3314.0,3.48
2016-02-05,1.3911,3.8791,1.3751,0.99098,24.136,0.8927,0.68715,276.69,13548,67.654,116.68,1190.76,18.2101,8.54,1.4868,47.555,3.9398,8.4204,1.3958,35.51,2.9011,15.8529,706.07,3331.0,3.476
2016-02-08,1.4166,3.8956,1.3951,0.9955,24.378,0.90082,0.69579,279.88,13674,68.034,116.3,1210.17,18.6596,8.6375,1.5136,47.819,3.9953,8.4954,1.4089,35.545,2.9476,16.2044,713.4,3359.0,3.482
2016-02-09,1.4314,3.8929,1.3904,0.97873,24.082,0.89,0.69371,277.28,13623,68.045,114.87,1207.05,18.8608,8.6067,1.5206,47.74,3.9632,8.4676,1.4033,35.448,2.9507,16.1944,713.45,3392.0,3.49
2016-02-10,1.4078,3.8872,1.3859,0.97362,24.013,0.88834,0.68693,276.82,13447,67.855,114.97,1190.7,18.7128,8.5453,1.5027,47.426,3.9344,8.4536,1.3924,35.35,2.9266,15.8461,712.5,3389.2,3.504
2016-02-11,1.4117,3.9514,1.3961,0.9718,23.856,0.88129,0.69393,274.94,13471,68.437,112.19,1201.05,19.0412,8.556,1.4958,47.548,3.9204,8.3888,1.3901,35.247,2.9274,15.8524,712.49,3436.8,3.512
2016-02-12,1.4103,3.9988,1.3923,0.97463,24.003,0.88692,0.68945,275.06,13492,68.241,112.7,1206.19,19.2328,8.583,1.5047,47.504,3.9121,8.3858,1.3974,35.6,2.9295,15.893,704.0,3382.0,3.507
2016-02-15,1.3975,3.9863,1.3823,0.9847,24.183,0.89445,0.69052,276.6,13370,68.072,114.13,1209.44,18.8649,8.6148,1.5002,47.406,3.9307,8.485,1.3992,35.615,2.9435,15.7526,703.7,3378.0,3.504
2016-02-16,1.3975,4.0151,1.3819,0.98675,24.207,0.89558,0.69479,278.3,13432,68.42,113.76,1216.82,18.8483,8.6019,1.5163,47.51,3.9461,8.4849,1.4021,35.635,2.9575,15.7325,708.32,3413.0,3.499
2016-02-17,1.4035,4.0289,1.3817,0.99084,24.285,0.89799,0.69895,278.33,13487,68.499,114.13,1228.66,18.7374,8.6166,1.5178,47.628,3.9493,8.506,1.4101,35.63,2.9599,15.6537,700.15,3352.9,3.5065
2016-02-18,1.3981,4.0172,1.3685,0.99495,24.387,0.9022,0.69599,279.22,13489,68.519,113.83,1228.98,18.2344,8.5921,1.5092,47.542,3.9532,8.482,1.4042,35.567,2.9668,15.3967,702.65,3349.9,3.501
2016-02-19,1.4064,4.0424,1.3765,0.99288,24.354,0.90123,0.70039,278.58,13508,68.468,113.01,1233.5,18.2886,8.5939,1.5105,47.623,3.9453,8.4569,1.4074,35.75,2.9653,15.4452,698.7,3348.0,3.49
2016-02-22,1.3896,3.9683,1.372,0.99837,24.508,0.90695,0.70962,279.19,13445,68.561,113.23,1225.46,18.08,8.6096,1.4984,47.63,3.9585,8.4865,1.403,35.75,2.9487,15.2808,691.75,3305.0,3.512
2016-02-23,1.3817,3.9602,1.3739,0.99264,24.566,0.90893,0.70883,279.61,13395,68.538,111.91,1230.19,18.0853,8.5975,1.4954,47.625,3.9691,8.4994,1.4074,35.74,2.9356,15.1246,695.4,3324.0,3.513
2016-02-24,1.395,3.9881,1.3839,0.9939,24.631,0.91066,0.71883,282.81,13447,68.562,111.88,1238.12,18.288,8.7294,1.5135,47.67,3.9778,8.5271,1.4095,35.71,2.9447,15.5409,693.1,3344.0,3.528
2016-02-25,1.3868,3.9473,1.3626,0.99166,24.533,0.90686,0.7157,281.91,13411,68.875,112.46,1239.45,18.1382,8.6527,1.4951,47.639,3.9522,8.5071,1.4023,35.66,2.9245,15.567,690.05,3310.5,3.526
2016-02-26,1.3879,3.9393,1.3546,0.993,24.59,0.9086,0.71547,282.14,13370,68.691,113.05,1236.0,18.1022,8.6539,1.4853,47.498,3.9643,8.5144,1.4018,35.65,2.939,15.6758,692.7,3328.0,3.523
2016-02-29,1.4015,3.9855,1.3563,1.0024,24.85,0.91844,0.72171,285.87,13372,68.316,113.1,1237.64,18.1856,8.7292,1.5207,47.405,3.9992,8.5616,1.4075,35.66,2.9641,16.0326,696.19,3330.5,3.523
2016-03-01,1.3977,4.0029,1.352,0.9989,24.886,0.91979,0.7156,285.27,13337,67.853,113.08,1232.58,18.0162,8.6525,1.5154,47.223,3.9982,8.6139,1.4016,35.604,2.9515,15.8227,688.9,3228.0,3.5154
2016-03-02,1.3826,3.917,1.3444,0.99899,24.913,0.92115,0.71306,285.52,13306,67.531,114.29,1229.08,17.89,8.6791,1.5111,47.28,3.9883,8.6022,1.4025,35.57,2.9387,15.6685,684.3,3200.0,3.516
2016-03-03,1.3624,3.8482,1.3434,0.9944,24.821,0.91735,0.71035,283.41,13235,67.275,113.96,1213.29,17.8995,8.6455,1.4913,46.978,3.9757,8.5882,1.3905,35.48,2.9282,15.7091,685.5,3193.0,3.4835
2016-03-04,1.3545,3.7223,1.3416,0.99344,24.665,0.91158,0.70632,281.96,13135,67.084,113.74,1203.08,17.8316,8.5533,1.4789,46.787,3.9483,8.5091,1.381,35.39,2.9195,15.613,681.3,3164.0,3.4585
2016-03-07,1.349,3.7641,1.3377,1.0008,24.702,0.91299,0.707,282.69,13090,67.088,113.62,1204.23,17.8284,8.5441,1.481,46.912,3.9513,8.519,1.3821,35.41,2.9229,15.3709,678.8,3124.0,3.45
2016-03-08,1.3415,3.7804,1.3325,0.99311,24.536,0.90678,0.70374,281.27,13143,67.307,112.99,1205.9,17.8126,8.5496,1.4782,46.947,3.9241,8.4991,1.3837,35.39,2.918,15.3686,683.4,3182.0,3.45
2016-03-09,1.3351,3.7127,1.3401,1.0005,24.649,0.91133,0.70295,282.17,13171,67.15,112.67,1211.73,17.8175,8.5632,1.4756,46.858,3.9323,8.4681,1.3826,35.29,2.9073,15.3785,677.4,3199.0,3.45
2016-03-10,1.3376,3.6585,1.3285,1.0077,24.903,0.92106,0.70671,285.54,13050,66.928,114.09,1200.05,17.6685,8.5591,1.4992,46.588,3.9533,8.507,1.3828,35.29,2.8822,15.0723,682.35,3220.0,3.436
2016-03-11,1.3315,3.643,1.3253,0.9872,24.399,0.90171,0.69968,279.78,13061,67.013,113.77,1190.16,17.7504,8.5086,1.4949,46.497,3.8863,8.394,1.377,35.11,2.8754,15.241,682.4,3170.0,3.413
2016-03-14,1.327,3.6209,1.3254,0.98651,24.328,0.89936,0.69636,278.9,13044,67.061,113.64,1186.05,17.7757,8.4666,1.4921,46.573,3.8526,8.347,1.3743,35.04,2.8824,15.4009,682.35,3187.8,3.3535
2016-03-15,1.3392,3.7079,1.3351,0.98605,24.343,0.90017,0.70536,279.53,13178,67.358,112.85,1194.35,17.8661,8.5336,1.5041,46.732,3.8607,8.3195,1.3794,35.11,2.8921,15.8535,685.9,3153.7,3.3275
2016-03-16,1.3477,3.8163,1.3375,0.9906,24.449,0.90383,0.71159,281.48,13267,67.235,113.59,1194.85,17.9406,8.5882,1.5193,46.775,3.8886,8.3365,1.3842,35.069,2.925,16.2125,680.65,3159.0,3.3485
2016-03-17,1.3109,3.6635,1.2997,0.96888,23.909,0.8841,0.69152,274.11,13040,66.642,111.64,1160.68,17.5213,8.3784,1.4636,46.313,3.7923,8.2163,1.3539,34.79,2.8615,15.3955,669.6,3084.0,3.378
2016-03-18,1.3125,3.6168,1.2968,0.96808,23.969,0.8866,0.69027,275.13,13081,66.284,111.53,1158.0,17.2607,8.3439,1.4673,46.415,3.7791,8.2253,1.3545,34.84,2.8565,15.2517,675.72,3072.0,3.3673
2016-03-21,1.3148,3.6285,1.3045,0.9685,23.986,0.88723,0.69473,275.48,13198,66.536,111.74,1160.54,17.3823,8.378,1.4768,46.399,3.7779,8.2103,1.3596,34.93,2.868,15.3002,676.4,3072.0,3.3785
2016-03-22,1.3156,3.6145,1.3092,0.97101,24.114,0.8919,0.70273,278.81,13176,66.679,111.6,1161.3,17.4527,8.4258,1.4829,46.309,3.8006,8.2336,1.361,34.93,2.8773,15.3362,672.5,3028.0,3.3977
2016-03-23,1.3231,3.6344,1.3138,0.9752,24.204,0.89518,0.70705,280.9,13214,66.796,112.8,1164.25,17.4507,8.4919,1.4928,46.413,3.8101,8.2638,1.3678,35.19,2.8745,15.35,681.3,3074.0,3.4032
2016-03-24,1.3321,3.7041,1.3288,0.97499,24.264,0.89654,0.70771,281.73,13253,66.863,112.44,1167.48,17.6686,8.5117,1.4923,46.41,3.8361,8.3098,1.3688,35.33,2.8788,15.497,680.16,3068.0,3.37
2016-03-29,1.3312,3.6444,1.3169,0.97508,24.185,0.89334,0.70082,280.67,13362,66.53,113.57,1167.29,17.4923,8.4723,1.4827,46.336,3.7965,8.2803,1.3678,35.44,2.8684,15.4686,679.6,3056.0,3.3578
2016-03-30,1.304,3.6449,1.303,0.96371,23.909,0.88308,0.69392,277.54,13250,66.386,112.48,1142.41,17.2449,8.3274,1.4444,45.97,3.7564,8.1614,1.3521,35.23,2.8382,14.9354,672.0,3027.0,3.3518
2016-03-31,1.3006,3.6165,1.2945,0.96012,23.76,0.87835,0.69526,275.91,13197,66.254,112.34,1137.36,17.2071,8.2692,1.4415,45.924,3.7397,8.103,1.3442,35.15,2.8211,14.7445,670.4,2999.0,3.3695
2016-04-01,1.302,3.6123,1.3028,0.95749,23.644,0.87474,0.69883,274.06,13128,66.351,112.03,1150.96,17.4069,8.2576,1.4449,46.024,3.7124,8.0837,1.3461,35.09,2.8241,14.7619,670.2,3034.0,3.316
2016-04-04,1.3108,3.5518,1.3033,0.95949,23.766,0.87873,0.70069,274.42,13148,66.105,111.57,1149.55,17.331,8.2917,1.4591,46.188,3.7206,8.1277,1.3509,35.22,2.8077,14.6573,672.1,3071.0,3.3379
2016-04-05,1.3271,3.6417,1.3168,0.95821,23.785,0.87974,0.7052,275.02,13228,66.459,110.68,1158.77,17.5915,8.3571,1.4762,46.268,3.7343,8.1429,1.3574,35.28,2.8297,14.972,675.0,3084.0,3.3442
2016-04-06,1.3258,3.705,1.3155,0.96039,23.844,0.88215,0.71284,275.52,13254,66.671,110.38,1162.98,17.7735,8.3592,1.4736,46.274,3.7611,8.1711,1.3561,35.295,2.8531,15.2439,674.4,3085.0,3.3655
2016-04-07,1.3281,3.6622,1.3117,0.95776,23.781,0.87997,0.71038,274.8,13160,66.626,108.37,1159.89,17.7561,8.3198,1.4723,46.268,3.7692,8.1463,1.3524,35.22,2.853,15.2385,684.7,3110.0,3.384
2016-04-08,1.3281,3.657,1.3078,0.95697,23.781,0.88005,0.71046,275.17,13145,66.599,108.56,1153.24,17.7867,8.2886,1.4747,46.175,3.7801,8.1781,1.3496,35.1,2.8527,15.0684,683.48,3094.0,3.3872
2016-04-11,1.3222,3.5687,1.2989,0.95496,23.728,0.87796,0.7029,273.99,13131,66.467,108.24,1147.1,17.7278,8.2361,1.4635,46.139,3.7571,8.1488,1.3469,35.08,2.8306,14.7458,679.1,3060.0,3.366
2016-04-12,1.3059,3.513,1.2876,0.95419,23.719,0.8775,0.7006,273.24,13091,66.399,108.32,1143.28,17.572,8.2059,1.4514,46.084,3.7665,8.0851,1.3473,35.05,2.832,14.689,672.5,3015.0,3.2827
2016-04-13,1.3071,3.513,1.2804,0.96362,23.93,0.88511,0.70267,275.03,13159,66.604,109.28,1149.0,17.5463,8.2415,1.446,46.083,3.7944,8.1218,1.3511,35.06,2.8553,14.7231,668.76,3002.8,3.2539
2016-04-14,1.2984,3.5181,1.2828,0.96676,24.021,0.88873,0.70707,276.62,13192,66.535,109.39,1154.04,17.4773,8.2332,1.4571,46.198,3.8208,8.139,1.3638,35.11,2.862,14.5697,663.2,2994.2,3.2645
2016-04-15,1.2981,3.4905,1.2881,0.96765,23.95,0.88621,0.7052,275.2,13172,66.592,108.92,1147.75,17.5405,8.2457,1.4475,46.128,3.8078,8.1445,1.3586,35.08,2.8547,14.5714,666.03,2995.8,3.2685
2016-04-18,1.2989,3.5031,1.2924,0.96551,23.901,0.88449,0.70564,274.48,13171,66.579,108.19,1149.5,17.6051,8.2545,1.442,46.217,3.8085,8.1327,1.3557,35.03,2.8526,14.5994,663.5,3002.0,3.2645
2016-04-19,1.2825,3.5624,1.2711,0.96288,23.822,0.8816,0.69624,273.75,13099,66.552,109.41,1126.05,17.2747,8.1617,1.4218,46.099,3.7933,8.0907,1.3398,34.9,2.8331,14.2849,659.3,2896.0,3.2647
2016-04-20,1.2792,3.5471,1.2673,0.96133,23.746,0.87881,0.69514,271.6,13159,66.198,109.15,1129.31,17.3179,8.1146,1.4264,46.248,3.7679,8.0537,1.3398,34.85,2.8132,14.2036,658.15,2898.2,3.2394
2016-04-21,1.2766,3.5265,1.2634,0.96777,23.799,0.88067,0.69303,273.62,13125,66.279,109.64,1132.86,17.2815,8.1035,1.4321,46.519,3.7944,8.0885,1.3432,35.0,2.8148,14.1787,665.82,2937.0,3.2388
2016-04-22,1.2936,3.5708,1.2734,0.97585,24.013,0.88786,0.69551,275.33,13203,66.538,110.86,1143.04,17.4752,8.2077,1.4529,46.753,3.8627,8.1134,1.3505,35.01,2.831,14.3697,667.73,2947.0,3.2553
2016-04-25,1.295,3.5661,1.2683,0.97417,24.012,0.88778,0.68928,276.37,13196,66.601,110.93,1146.54,17.5813,8.2329,1.4559,46.882,3.8983,8.1294,1.3508,35.067,2.8475,14.4834,669.1,2967.0,3.2685
2016-04-26,1.2935,3.5389,1.2648,0.97457,23.945,0.88598,0.68648,276.6,13217,66.57,111.15,1151.01,17.5325,8.1756,1.4545,46.836,3.8805,8.1107,1.3538,35.18,2.8308,14.485,668.8,2955.0,3.2805
2016-04-27,1.3169,3.5235,1.2583,0.97302,23.918,0.88472,0.68544,276.14,13196,66.466,111.29,1149.72,17.3917,8.1406,1.4601,46.866,3.8855,8.1052,1.3493,35.13,2.823,14.4661,664.4,2932.0,3.273
2016-04-28,1.3124,3.5136,1.2557,0.96619,23.811,0.88044,0.68531,273.55,13186,66.5,108.15,1140.64,17.3193,8.1405,1.434,46.935,3.8634,8.0792,1.3447,35.045,2.8141,14.38,661.44,2879.0,3.278
2016-04-29,1.3109,3.4849,1.2528,0.96326,23.711,0.87696,0.68425,273.81,13185,66.384,107.29,1141.39,17.1507,8.0812,1.4344,46.921,3.8556,8.0408,1.3427,34.92,2.8005,14.1688,660.75,2846.5,3.267
2016-05-02,1.3073,3.457,1.2519,0.95702,23.534,0.87009,0.68083,270.46,13160,66.404,106.56,1137.95,17.1257,8.0336,1.4242,47.044,3.8139,7.9877,1.3408,34.87,2.7913,14.1849,660.66,2834.0,3.2625
2016-05-03,1.3228,3.5457,1.2584,0.94883,23.37,0.86438,0.68375,269.56,13205,66.396,105.91,1144.22,17.4138,8.0465,1.4324,47.044,3.7898,7.9786,1.3462,34.94,2.8281,14.4624,668.8,2832.0,3.2965
2016-05-04,1.3367,3.5716,1.2751,0.9555,23.495,0.86919,0.68913,271.69,13316,66.589,106.58,1163.09,17.781,8.1191,1.4488,47.242,3.8189,8.0513,1.3564,35.095,2.859,14.7824,670.9,2951.0,3.327
2016-05-05,1.3346,3.5215,1.282,0.9632,23.628,0.8742,0.6894,273.49,13341,66.504,107.1,1166.14,17.6729,8.1288,1.4492,47.356,3.8669,8.0929,1.3577,35.135,2.8994,14.9271,667.9,2948.9,3.326
2016-05-06,1.3565,3.5574,1.2879,0.96876,23.647,0.87512,0.69003,274.51,13369,66.633,106.97,1172.35,17.9557,8.1835,1.4616,47.155,3.8679,8.117,1.3587,35.17,2.9197,14.961,664.15,2971.0,3.3262
2016-05-09,1.3641,3.5078,1.2938,0.96999,23.714,0.87758,0.69327,276.48,13283,66.605,108.28,1173.64,17.9307,8.1904,1.4696,47.242,3.8738,8.1378,1.3666,35.155,2.9351,15.1055,677.03,2957.0,3.3095
2016-05-10,1.3614,3.4855,1.2962,0.97398,23.756,0.87912,0.6924,276.48,13308,66.676,109.12,1173.62,18.1301,8.2215,1.4843,46.704,3.8858,8.1563,1.3694,35.23,2.9407,15.2277,678.3,2974.0,3.3225
2016-05-11,1.3563,3.4637,1.2872,0.97283,23.685,0.8765,0.69207,276.36,13283,66.609,108.77,1168.19,17.9954,8.1931,1.4693,46.503,3.878,8.1444,1.3682,35.26,2.9627,15.1404,679.4,2951.0,3.325
2016-05-12,1.3646,3.4611,1.2814,0.97138,23.727,0.87804,0.69267,276.5,13286,66.669,109.32,1169.17,17.9015,8.1061,1.4684,46.549,3.8803,8.1609,1.3715,35.355,2.9475,14.991,684.4,2939.0,3.3168
2016-05-13,1.3728,3.486,1.2882,0.97145,23.811,0.88121,0.69403,277.73,13318,66.78,108.88,1172.81,18.0499,8.1669,1.4709,46.645,3.8711,8.2204,1.3705,35.43,2.9643,15.1685,691.26,2991.0,3.325
2016-05-16,1.3711,3.5322,1.2923,0.9766,23.863,0.88308,0.69587,278.61,13308,66.844,108.86,1179.71,18.2073,8.157,1.4709,46.496,3.8606,8.2453,1.3697,35.38,2.9813,15.5696,693.66,3024.0,3.325
2016-05-17,1.3657,3.4857,1.2927,0.97897,23.875,0.88355,0.69049,278.54,13319,66.821,109.5,1176.59,18.3142,8.1779,1.4712,46.458,3.8541,8.2623,1.3696,35.49,2.9665,15.6,688.5,3016.0,3.3288
2016-05-18,1.3761,3.5367,1.2977,0.98289,23.958,0.8866,0.68698,280.21,13389,66.979,109.39,1188.32,18.4307,8.2263,1.4776,46.657,3.8909,8.292,1.3777,35.61,2.9842,15.884,695.5,3023.0,3.3075
2016-05-19,1.3899,3.5854,1.311,0.99035,24.134,0.8931,0.68398,282.77,13615,67.466,110.0,1190.94,18.4674,8.3588,1.4838,46.84,3.9232,8.3691,1.3798,35.7,2.9943,15.8483,693.95,3055.3,3.3336
2016-05-20,1.3833,3.5473,1.3106,0.99144,24.089,0.89135,0.68641,282.36,13625,67.473,110.36,1187.29,18.4098,8.3212,1.4777,46.775,3.94,8.3419,1.3815,35.73,2.9839,15.7473,691.2,3047.3,3.332
2016-05-23,1.3858,3.5517,1.3148,0.99019,24.104,0.89166,0.69053,282.7,13583,67.522,109.41,1185.72,18.37,8.3511,1.4746,46.795,3.956,8.3317,1.3801,35.66,2.9866,15.6195,693.6,3060.0,3.3288
2016-05-24,1.3966,3.5493,1.3148,0.99203,24.199,0.89542,0.68511,282.95,13680,67.674,109.74,1190.29,18.4321,8.3592,1.4867,46.801,3.9719,8.3327,1.383,35.74,2.958,15.6251,694.6,3059.0,3.3404
2016-05-25,1.3884,3.5601,1.3106,0.9913,24.249,0.89718,0.68119,281.98,13641,67.378,110.17,1181.73,18.394,8.3389,1.4793,46.751,3.966,8.3125,1.3791,35.679,2.9503,15.6782,691.5,3059.9,3.3403
2016-05-26,1.3862,3.582,1.2932,0.99167,24.197,0.89542,0.68025,281.51,13603,67.081,110.07,1180.04,18.3686,8.2799,1.4856,46.679,3.9495,8.3157,1.3772,35.6,2.9319,15.595,686.8,3051.8,3.337
2016-05-27,1.3864,3.6094,1.3037,0.99105,24.201,0.89542,0.68271,281.35,13572,67.037,109.65,1179.24,18.5002,8.3112,1.4851,46.648,3.9319,8.2981,1.3754,35.683,2.9484,15.6254,687.7,3069.5,3.3406
2016-05-30,1.3919,3.6043,1.3039,0.99273,24.258,0.89775,0.68341,281.72,13645,67.139,111.19,1190.94,18.4729,8.3513,1.4924,46.73,3.9447,8.3338,1.3811,35.73,2.9565,15.771,688.2,3048.5,3.3406
2016-05-31,1.3776,3.5727,1.3027,0.99014,24.226,0.89654,0.68303,281.61,13609,67.197,111.02,1188.91,18.3952,8.3557,1.4807,46.754,3.9327,8.3297,1.3777,35.66,2.952,15.7668,692.07,3090.0,3.364
2016-06-01,1.3755,3.5986,1.3054,0.98935,24.187,0.89493,0.6923,281.11,13669,67.458,109.24,1191.63,18.4831,8.3303,1.4653,46.635,3.9357,8.3046,1.376,35.66,2.9477,15.6957,690.7,3117.0,3.3719
2016-06-02,1.3868,3.5963,1.3105,0.98874,24.159,0.89381,0.69123,279.78,13648,67.302,109.01,1188.19,18.5717,8.3447,1.4725,46.574,3.9241,8.3076,1.3764,35.6,2.9472,15.593,689.4,3082.2,3.3572
2016-06-03,1.3804,3.5837,1.3084,0.99068,24.229,0.89654,0.69289,280.11,13579,67.25,108.9,1185.59,18.7197,8.3246,1.4602,46.46,3.9323,8.3024,1.3763,35.61,2.9498,15.5799,681.8,3019.0,3.337
2016-06-06,1.3584,3.5187,1.2922,0.97374,23.811,0.88113,0.69363,274.43,13360,66.966,107.13,1165.74,18.5593,8.1888,1.4431,46.17,3.8573,8.147,1.3591,35.27,2.909,14.985,679.12,3019.0,3.3234
2016-06-07,1.3447,3.5062,1.2782,0.96748,23.811,0.88121,0.68629,273.6,13247,66.743,107.65,1155.87,18.568,8.127,1.4381,46.025,3.832,8.1281,1.3537,35.24,2.8989,14.8656,678.7,2946.0,3.3125
2016-06-08,1.3384,3.4089,1.2682,0.96168,23.748,0.87889,0.68596,272.53,13206,66.55,107.02,1152.56,18.1772,8.0906,1.4261,45.898,3.7993,8.1107,1.348,35.15,2.8827,14.7312,673.5,2941.2,3.299
2016-06-09,1.3444,3.3834,1.2747,0.96236,23.822,0.8816,0.69151,274.57,13288,66.73,106.43,1160.68,18.2289,8.1538,1.4049,46.009,3.8192,8.1489,1.352,35.22,2.8961,14.825,677.4,2941.0,3.2922
2016-06-10,1.3512,3.4202,1.2748,0.96293,23.908,0.88464,0.69427,275.47,13295,66.808,106.86,1164.31,18.4032,8.2028,1.411,45.982,3.8562,8.2478,1.3541,35.2,2.9188,15.0906,683.65,2937.2,3.3085
2016-06-13,1.3514,3.4398,1.2771,0.96628,23.993,0.88747,0.70567,277.22,13322,67.103,106.06,1173.79,18.6963,8.277,1.4154,46.15,3.8946,8.277,1.3553,35.205,2.9232,15.1757,684.04,2993.7,3.3285
2016-06-14,1.361,3.4987,1.2872,0.96499,24.096,0.89087,0.70804,279.7,13356,67.31,106.0,1179.74,18.9906,8.3434,1.4273,46.313,3.9494,8.3015,1.3567,35.274,2.9297,15.3557,689.2,3000.0,3.3279
2016-06-15,1.3524,3.4679,1.2857,0.96322,24.108,0.89047,0.70488,279.48,13367,67.112,106.22,1171.93,18.8771,8.3183,1.4224,46.333,3.9287,8.3295,1.3549,35.264,2.9301,15.2285,686.7,2984.0,3.3335
2016-06-16,1.3614,3.4851,1.3003,0.9676,24.223,0.89493,0.70729,282.04,13398,67.3,104.39,1177.55,18.9583,8.3943,1.4229,46.446,3.9816,8.4048,1.3528,35.31,2.9357,15.4144,688.0,3015.0,3.3085
2016-06-17,1.3537,3.4603,1.2901,0.96126,24.053,0.88857,0.69993,279.24,13326,67.085,104.27,1171.33,18.8795,8.3801,1.4181,46.435,3.9509,8.3361,1.3495,35.28,2.9312,15.214,684.0,2987.0,3.3285
2016-06-20,1.3403,3.3786,1.2813,0.96047,23.882,0.88246,0.6828,276.14,13258,67.356,104.63,1158.04,18.6101,8.2576,1.4063,46.271,3.8762,8.2367,1.3435,35.19,2.8963,14.8201,677.3,2976.0,3.3085
2016-06-21,1.3322,3.3675,1.2773,0.95899,23.921,0.88386,0.67841,277.6,13262,67.57,104.64,1152.6,18.5646,8.2834,1.3969,46.296,3.8882,8.2411,1.3407,35.21,2.8983,14.676,675.6,2974.2,3.2863
2016-06-22,1.3324,3.3995,1.2762,0.95985,23.993,0.88629,0.68061,278.67,13284,67.495,104.59,1150.07,18.6165,8.2917,1.3943,46.472,3.8806,8.284,1.3394,35.2,2.9026,14.692,674.2,2915.1,3.285
2016-06-23,1.3223,3.3517,1.2747,0.95496,23.762,0.87804,0.67253,275.95,13137,67.303,105.7,1145.38,18.2896,8.1652,1.3841,46.43,3.8257,8.1684,1.3392,35.21,2.8705,14.457,669.1,2908.0,3.2848
2016-06-24,1.3474,3.4396,1.3006,0.97669,24.492,0.90367,0.72971,287.28,13409,68.005,102.32,1171.96,18.8695,8.5126,1.4109,46.943,4.0258,8.5496,1.3531,35.32,2.933,15.12,678.61,2965.0,3.278
2016-06-27,1.3509,3.4033,1.3048,0.97618,24.687,0.90926,0.75832,289.46,13397,67.954,101.65,1184.68,19.0616,8.5511,1.4156,47.267,4.057,8.5516,1.3598,35.315,2.9447,15.3256,680.9,3057.8,3.308
2016-06-28,1.3532,3.358,1.3039,0.97941,24.481,0.9031,0.74704,286.89,13182,67.919,102.41,1168.78,18.9497,8.4697,1.4152,47.097,4.0109,8.5275,1.3552,35.277,2.9081,15.2471,666.3,3003.0,3.3185
2016-06-29,1.3445,3.2656,1.2991,0.97872,24.449,0.90171,0.74436,285.8,13144,67.601,102.66,1157.03,18.6952,8.3918,1.4035,46.985,3.9911,8.5041,1.3482,35.192,2.8996,14.9699,661.07,2909.0,3.297
2016-06-30,1.3447,3.2335,1.2956,0.97883,24.438,0.90074,0.74446,285.59,13153,67.519,102.73,1151.58,18.5867,8.3776,1.4066,47.055,3.9959,8.4887,1.3472,35.135,2.8878,14.8136,661.4,2919.2,3.2874
2016-07-01,1.3367,3.2184,1.2923,0.97306,24.331,0.89807,0.75285,284.26,13110,67.328,102.64,1145.72,18.1239,8.3498,1.3927,47.0,3.9485,8.4329,1.3434,35.054,2.8807,14.5745,660.47,2932.0,3.2834
2016-07-04,1.3281,3.2439,1.2864,0.97315,24.327,0.89783,0.75332,284.55,13097,67.253,102.61,1148.17,18.3372,8.3083,1.3873,46.845,3.9777,8.4315,1.3458,35.04,2.8985,14.4924,656.5,2931.9,3.2834
2016-07-05,1.337,3.2886,1.2936,0.97228,24.288,0.89718,0.76258,283.81,13128,67.471,101.83,1157.26,18.6677,8.3615,1.3926,47.0,3.9886,8.463,1.3494,35.136,2.9203,14.7515,661.9,2975.0,3.285
2016-07-06,1.3382,3.3234,1.3026,0.9776,24.463,0.90342,0.77062,286.02,13206,67.421,100.71,1164.6,18.8834,8.4486,1.4054,47.116,4.0258,8.5528,1.3523,35.19,2.9477,14.8898,661.6,2997.8,3.2745
2016-07-07,1.3301,3.3298,1.2931,0.97653,24.412,0.90253,0.76792,284.77,13180,67.422,100.99,1155.8,18.7067,8.4641,1.3843,47.073,3.9959,8.5552,1.3478,35.18,2.9303,14.66,663.6,2983.3,3.273
2016-07-08,1.3307,3.3371,1.3014,0.98058,24.42,0.90334,0.77004,283.72,13193,67.311,100.42,1157.1,18.7859,8.4851,1.375,47.201,3.9998,8.5533,1.3463,35.266,2.927,14.6962,658.9,2928.0,3.2705
2016-07-11,1.3229,3.3171,1.3066,0.98353,24.47,0.90506,0.77018,283.35,13103,67.143,102.48,1148.32,18.4433,8.5131,1.3802,47.343,4.0013,8.5763,1.3494,35.132,2.8986,14.4423,660.84,2935.0,3.272
2016-07-12,1.3101,3.2829,1.3029,0.98305,24.373,0.90155,0.75978,283.03,13122,67.095,103.94,1146.14,18.2898,8.4294,1.3689,47.362,3.9822,8.5169,1.3468,35.17,2.8875,14.3037,659.6,2912.6,3.2784
2016-07-13,1.3111,3.2981,1.3053,0.98528,24.416,0.90318,0.75323,283.05,13046,67.03,104.61,1143.05,18.3165,8.4127,1.3687,47.13,3.979,8.5231,1.346,35.18,2.8944,14.333,657.4,2938.0,3.28
2016-07-14,1.3075,3.2303,1.2926,0.97697,24.244,0.8963,0.74672,281.11,13052,66.858,105.66,1131.35,18.2415,8.3577,1.3869,46.998,3.954,8.4622,1.3425,35.059,2.8881,14.212,650.2,2916.0,3.2755
2016-07-15,1.3064,3.2559,1.2866,0.97942,24.299,0.89863,0.74834,283.02,13088,67.025,105.71,1132.33,18.3699,8.3737,1.3959,46.684,3.9629,8.4971,1.3444,34.955,2.8869,14.3483,654.6,2919.1,3.278
2016-07-18,1.317,3.2537,1.2951,0.98335,24.449,0.90473,0.75429,285.0,13091,67.2,105.69,1137.79,18.4882,8.4707,1.4073,46.729,3.9632,8.5659,1.3481,34.965,2.9567,14.2663,647.9,2923.0,3.277
2016-07-19,1.3346,3.2694,1.3017,0.98568,24.48,0.90621,0.76076,285.21,13088,67.134,106.21,1139.65,18.4604,8.472,1.4213,46.883,3.9628,8.6019,1.3522,34.993,2.9794,14.327,651.9,2933.0,3.285
2016-07-20,1.3359,3.2472,1.3059,0.9881,24.536,0.90802,0.75915,286.07,13106,67.204,106.54,1141.43,18.4945,8.4947,1.4218,47.142,3.9733,8.5975,1.3586,35.034,3.0385,14.2828,651.8,2927.9,3.2984
2016-07-21,1.3355,3.2505,1.3051,0.98702,24.535,0.90785,0.75892,285.62,13117,67.215,106.26,1138.07,18.65,8.4921,1.4334,47.186,3.9666,8.6006,1.3555,35.01,3.0723,14.2926,650.4,2927.9,3.3194
2016-07-22,1.3362,3.2811,1.3107,0.98602,24.535,0.90794,0.76365,284.49,13115,67.076,106.1,1136.0,18.6045,8.5207,1.4298,47.064,3.9544,8.6235,1.3559,34.922,3.047,14.2473,650.2,2940.5,3.326
2016-07-25,1.3355,3.2561,1.3172,0.98698,24.608,0.91058,0.76188,284.68,13137,67.348,106.21,1138.65,18.5813,8.5687,1.4304,47.123,3.9681,8.6569,1.3608,35.041,3.0301,14.2738,658.8,3013.0,3.3215
2016-07-26,1.3275,3.2809,1.3234,0.98845,24.571,0.90934,0.76121,284.77,13175,67.329,104.27,1135.96,18.7988,8.5814,1.415,47.154,3.9674,8.65,1.3572,35.004,3.047,14.4287,660.2,3061.0,3.3655
2016-07-27,1.3388,3.2805,1.319,0.99427,24.597,0.90984,0.76312,285.29,13144,67.21,105.75,1134.72,18.8218,8.5877,1.4222,47.195,3.979,8.6771,1.358,34.984,3.0409,14.2918,664.3,3081.4,3.348
2016-07-28,1.3287,3.2738,1.3161,0.98215,24.387,0.90171,0.75942,281.47,13103,67.046,104.72,1128.2,18.8206,8.5126,1.4108,47.107,3.9347,8.6111,1.3505,34.875,3.0199,14.2442,664.4,3095.0,3.3413
2016-07-29,1.3302,3.2825,1.3176,0.9739,24.324,0.89985,0.75947,280.92,13102,66.955,103.33,1121.96,18.9229,8.5568,1.4051,47.18,3.926,8.6091,1.3511,34.835,3.0166,14.1547,654.84,3070.0,3.365
2016-08-01,1.3213,3.257,1.3066,0.96802,24.211,0.89574,0.75726,278.58,13033,66.7,102.36,1107.32,18.7487,8.4607,1.3924,47.003,3.8973,8.5841,1.3406,34.76,2.9939,13.8948,658.1,3087.9,3.3488
2016-08-02,1.3148,3.2653,1.3051,0.96578,24.151,0.89342,0.75324,277.94,13069,66.714,101.6,1106.96,18.8555,8.4305,1.3845,47.017,3.8632,8.5354,1.3389,34.76,2.994,13.9702,655.3,3102.0,3.3369
2016-08-03,1.317,3.2684,1.31,0.9683,24.138,0.89286,0.7492,277.68,13160,66.895,101.09,1117.27,18.9107,8.4139,1.3908,47.087,3.8509,8.4952,1.3411,34.935,3.0127,13.9804,656.2,3091.0,3.3494
2016-08-04,1.3114,3.2232,1.3053,0.97288,24.27,0.89799,0.75973,279.44,13155,66.877,101.17,1115.19,18.8299,8.4517,1.39,47.07,3.856,8.5403,1.3427,34.919,3.023,13.739,655.1,3069.0,3.34
2016-08-05,1.3058,3.1822,1.3023,0.97275,24.222,0.89638,0.76022,278.43,13103,66.773,101.05,1109.47,18.849,8.4279,1.387,46.881,3.8402,8.5195,1.3404,34.823,3.0003,13.673,655.99,3045.0,3.3225
2016-08-08,1.3096,3.1784,1.3144,0.9816,24.377,0.90196,0.76626,280.53,13126,66.835,102.45,1108.85,18.62,8.4843,1.4024,46.905,3.8591,8.5911,1.3479,34.99,2.9839,13.6452,654.4,2997.0,3.3275
2016-08-09,1.3056,3.1635,1.3149,0.98384,24.397,0.90269,0.77089,280.17,13132,66.888,102.25,1105.49,18.507,8.4465,1.4012,46.889,3.8517,8.5643,1.3478,34.968,2.9802,13.5468,652.2,2981.0,3.3204
2016-08-10,1.292,3.1215,1.3016,0.97666,24.164,0.89413,0.76485,277.55,13079,66.641,101.12,1094.0,18.3226,8.2771,1.3786,46.611,3.8165,8.4774,1.3383,34.745,2.9533,13.2763,648.5,2940.6,3.307
2016-08-11,1.2965,3.1522,1.3054,0.97364,24.227,0.89662,0.77143,278.19,13100,66.848,101.36,1100.13,18.4282,8.2752,1.3799,46.7,3.82,8.456,1.3439,34.74,2.9633,13.3668,642.0,2888.1,3.306
2016-08-12,1.3027,3.1625,1.2975,0.9758,24.214,0.89622,0.7712,277.85,13106,66.864,101.96,1106.1,18.2721,8.2125,1.3889,46.57,3.8231,8.4512,1.3464,34.787,2.9573,13.506,650.7,2926.6,3.2924
2016-08-15,1.3038,3.172,1.2921,0.97433,24.171,0.89445,0.77529,276.82,13096,66.886,101.05,1099.34,18.1369,8.2068,1.3862,46.382,3.8189,8.4616,1.3439,34.616,2.9523,13.3583,648.69,2928.0,3.308
2016-08-16,1.2928,3.1643,1.2817,0.96051,23.922,0.88535,0.77078,274.38,13081,66.764,99.81,1091.11,17.9531,8.1541,1.3712,46.164,3.7801,8.3694,1.3363,34.558,2.9256,13.2381,651.29,2894.0,3.3075
2016-08-17,1.3107,3.2137,1.2885,0.96337,23.965,0.88684,0.76836,275.48,13150,66.868,100.68,1111.17,18.1518,8.2309,1.3831,46.426,3.8052,8.4206,1.3444,34.679,2.9342,13.4541,656.89,2911.0,3.3065
2016-08-18,1.3043,3.2227,1.2829,0.95866,23.871,0.88331,0.7603,274.2,13136,66.808,100.34,1110.39,18.1556,8.1609,1.376,46.265,3.7916,8.3702,1.3421,34.605,2.933,13.3581,657.49,2878.5,3.301
2016-08-19,1.3135,3.2367,1.2844,0.95815,23.858,0.88292,0.76406,273.95,13192,67.177,100.24,1120.56,18.3242,8.2154,1.3779,46.379,3.7959,8.3821,1.348,34.647,2.9368,13.5104,661.99,2865.0,3.2925
2016-08-22,1.314,3.2141,1.2915,0.96285,23.902,0.88449,0.76278,274.32,13228,67.214,100.59,1123.51,18.3,8.2506,1.3802,46.56,3.805,8.3871,1.3511,34.667,2.9423,13.5879,668.19,2873.0,3.328
2016-08-23,1.3073,3.1878,1.2898,0.96093,23.832,0.88191,0.7584,273.82,13221,67.069,100.08,1116.22,18.2423,8.1908,1.3654,46.419,3.8033,8.3493,1.3491,34.599,2.9321,13.475,671.99,2914.0,3.3435
2016-08-24,1.3119,3.236,1.294,0.96654,23.981,0.88747,0.7555,275.11,13285,67.117,100.24,1122.61,18.5428,8.2055,1.3667,46.5,3.8196,8.3906,1.354,34.623,2.9544,14.1445,670.0,2937.0,3.3595
2016-08-25,1.3144,3.221,1.2929,0.9659,23.938,0.88574,0.75793,274.4,13263,67.048,100.49,1116.32,18.457,8.2171,1.3687,46.366,3.8196,8.4106,1.3531,34.572,2.9423,14.13,662.3,2906.0,3.3439
2016-08-26,1.3083,3.2277,1.2884,0.96838,23.936,0.88574,0.75686,273.25,13203,67.004,100.38,1114.28,18.3525,8.1932,1.3656,46.315,3.8303,8.4059,1.3524,34.547,2.9371,14.0498,671.89,2898.0,3.3382
2016-08-29,1.3241,3.2865,1.3013,0.97914,24.192,0.89526,0.76523,276.42,13267,67.175,102.27,1123.28,18.5891,8.3018,1.3821,46.4,3.8777,8.4996,1.3619,34.599,2.9586,14.53,671.19,2919.4,3.3515
2016-08-30,1.3241,3.2227,1.3039,0.98057,24.199,0.89542,0.76263,276.66,13265,67.04,102.32,1114.32,18.5835,8.316,1.3814,46.38,3.8893,8.5072,1.3607,34.57,2.9528,14.3747,673.2,2940.0,3.3735
2016-08-31,1.33,3.2354,1.31,0.98428,24.278,0.89831,0.76182,278.78,13283,66.974,103.31,1117.19,18.8124,8.3332,1.3792,46.69,3.9106,8.5482,1.3637,34.629,2.9582,14.5285,680.09,2962.6,3.3885
2016-09-01,1.3279,3.2322,1.3129,0.98493,24.246,0.89718,0.75408,278.17,13283,66.959,103.71,1121.79,18.8005,8.3483,1.3778,46.743,3.9158,8.5672,1.3635,34.64,2.961,14.67,680.1,2987.6,3.3827
2016-09-02,1.3231,3.2653,1.3082,0.97909,24.142,0.89342,0.75279,277.07,13247,66.794,103.48,1115.8,18.7742,8.324,1.3695,46.675,3.9233,8.5754,1.3576,34.61,2.9594,14.524,671.55,2987.5,3.393
2016-09-05,1.3173,3.2501,1.294,0.97929,24.221,0.89638,0.74976,277.28,13139,66.458,103.3,1106.45,18.5093,8.2877,1.3672,46.528,3.9029,8.5584,1.3567,34.7,2.9466,14.3525,673.15,2935.0,3.3369
2016-09-06,1.3106,3.266,1.2909,0.97885,24.215,0.89614,0.74859,277.62,13117,66.492,103.41,1105.62,18.5232,8.2546,1.3626,46.588,3.8882,8.5456,1.3559,34.66,2.9412,14.2049,662.49,2862.0,3.3969
2016-09-07,1.3026,3.1987,1.2854,0.96921,24.046,0.88992,0.74725,274.67,13060,66.358,101.66,1090.1,18.3519,8.1822,1.3397,46.7,3.8432,8.4598,1.346,34.63,2.9313,14.0275,662.09,2829.0,3.3618
2016-09-08,1.2953,3.1854,1.2877,0.96645,23.921,0.88527,0.74858,272.72,13031,66.38,101.63,1089.65,18.3375,8.14,1.3419,46.871,3.8158,8.4052,1.3457,34.72,2.9372,13.9038,664.6,2849.0,3.3538
2016-09-09,1.3166,3.2439,1.2957,0.97346,23.981,0.88747,0.75043,273.88,13132,66.74,102.81,1104.17,18.8028,8.2064,1.3577,47.335,3.8467,8.4327,1.3561,34.79,2.9677,14.3241,671.65,2894.0,3.3538
2016-09-12,1.3299,3.2898,1.3114,0.97408,24.073,0.89079,0.75249,276.13,13100,66.907,101.89,1115.56,19.0985,8.2588,1.3674,47.553,3.8744,8.5148,1.3609,34.87,2.9817,14.4809,667.49,2934.6,3.3985
2016-09-13,1.3282,3.2728,1.3109,0.97137,24.025,0.88913,0.75365,275.45,13186,66.895,102.23,1123.35,19.0095,8.208,1.365,47.715,3.8657,8.4805,1.362,34.91,2.979,14.2981,676.19,2976.0,3.408
2016-09-14,1.3391,3.3069,1.3192,0.97566,24.089,0.89142,0.75841,276.3,13234,66.92,102.84,1125.99,19.1478,8.2678,1.3764,47.599,3.8706,8.4991,1.3663,34.89,2.9836,14.332,674.39,2950.0,3.3965
2016-09-15,1.3361,3.3267,1.3178,0.97219,24.012,0.88857,0.75705,275.68,13175,66.918,102.17,1126.61,19.2323,8.2325,1.3721,47.637,3.8434,8.4859,1.3654,34.89,2.9753,14.217,671.4,2946.0,3.389
2016-09-16,1.3316,3.2953,1.3199,0.97461,24.073,0.89079,0.75898,275.38,13158,67.02,101.86,1125.64,19.3889,8.2509,1.3689,47.872,3.8453,8.5133,1.3645,34.91,2.9738,14.135,674.34,2928.0,3.3835
2016-09-19,1.3249,3.2638,1.3152,0.98119,24.202,0.89566,0.76579,275.65,13167,66.981,101.79,1119.71,19.6014,8.2853,1.3674,47.97,3.8446,8.5704,1.3632,34.828,2.9774,14.0293,674.9,2924.0,3.3896
2016-09-20,1.3244,3.2612,1.3226,0.97845,24.161,0.89413,0.77086,276.39,13142,67.026,101.87,1119.81,19.6397,8.284,1.3609,47.86,3.8425,8.5625,1.3624,34.79,2.9752,13.872,670.69,2909.5,3.3873
2016-09-21,1.3152,3.241,1.3142,0.97605,24.235,0.89686,0.76855,276.73,13135,66.978,100.89,1112.65,19.7363,8.2796,1.3605,47.804,3.8489,8.5828,1.3585,34.72,2.9747,13.712,662.19,2890.9,3.3874
2016-09-22,1.3057,3.1981,1.3012,0.96699,24.044,0.88984,0.76459,272.62,13073,66.624,100.72,1101.9,19.6218,8.104,1.3651,47.879,3.8131,8.5276,1.3544,34.66,2.9501,13.487,659.09,2872.0,3.366
2016-09-23,1.3095,3.2041,1.3042,0.97084,24.097,0.89174,0.77078,272.44,13077,66.623,100.78,1102.0,19.6264,8.1174,1.3764,48.048,3.8228,8.5447,1.3582,34.63,2.948,13.5875,660.25,2916.0,3.3354
2016-09-26,1.3098,3.2429,1.3164,0.9683,23.993,0.88794,0.77331,272.17,13030,66.649,100.44,1106.47,19.8544,8.1085,1.3775,48.273,3.8221,8.5309,1.36,34.6,2.9802,13.673,662.09,2916.8,3.355
2016-09-27,1.3067,3.2277,1.3256,0.9697,24.086,0.89127,0.77017,273.57,12934,66.471,100.29,1098.65,19.541,8.1201,1.3715,48.338,3.8224,8.5751,1.3596,34.59,2.979,13.55,661.99,2884.0,3.3655
2016-09-28,1.304,3.2418,1.3211,0.97024,24.074,0.89087,0.768,274.34,12948,66.452,100.61,1097.34,19.437,8.0969,1.3772,48.275,3.8212,8.567,1.3604,34.6,2.9789,13.585,658.49,2911.0,3.3627
2016-09-29,1.3049,3.235,1.3085,0.96925,24.082,0.89119,0.76765,275.06,12975,66.866,101.49,1100.78,19.4243,8.0566,1.377,48.33,3.8379,8.5748,1.3624,34.65,2.9998,13.7902,659.39,2882.0,3.3626
2016-09-30,1.3132,3.2443,1.3162,0.97446,24.21,0.89598,0.77146,277.56,13051,66.63,101.33,1101.84,19.4776,8.0517,1.377,48.396,3.8699,8.6202,1.365,34.67,3.0083,13.909,657.55,2868.0,3.3875
2016-10-03,1.3028,3.2404,1.3085,0.9717,24.049,0.89,0.77713,274.28,12982,66.541,101.37,1101.11,19.2373,7.9766,1.3754,48.219,3.821,8.5377,1.364,34.63,3.0136,13.585,659.79,2932.0,3.3815
2016-10-04,1.3049,3.209,1.3168,0.98101,24.21,0.89598,0.78434,275.44,12998,66.485,102.59,1109.36,19.3379,7.9899,1.3733,48.254,3.847,8.6018,1.3699,34.7,3.0358,13.604,663.19,2975.3,3.384
2016-10-05,1.3132,3.2445,1.3216,0.97752,24.108,0.89198,0.78633,272.81,13034,66.573,103.16,1115.25,19.2784,8.0164,1.3926,48.216,3.8303,8.5862,1.3705,34.805,3.0537,13.7442,663.1,2970.0,3.39
2016-10-06,1.3198,3.237,1.3204,0.97827,24.158,0.89405,0.78966,272.75,13018,66.736,103.71,1116.87,19.2848,8.0409,1.3989,48.375,3.838,8.6115,1.3737,34.855,3.0524,13.8198,665.99,2936.0,3.4
2016-10-07,1.3192,3.2394,1.3271,0.98259,24.256,0.89767,0.81107,272.76,12986,66.706,103.63,1115.83,19.3537,8.0799,1.3995,48.369,3.8432,8.6477,1.3752,34.91,3.0507,13.8805,668.99,2924.0,3.4078
2016-10-10,1.3163,3.2156,1.3253,0.98208,24.212,0.89606,0.80708,272.98,12978,66.516,103.4,1111.65,18.9418,8.1047,1.4021,48.411,3.837,8.6575,1.3743,35.1,3.0706,13.8486,669.35,2925.5,3.4018
2016-10-11,1.3249,3.2164,1.3226,0.98727,24.389,0.90261,0.81445,274.78,13044,66.591,103.71,1123.85,18.8726,8.1591,1.4132,48.576,3.8552,8.784,1.3789,35.39,3.0814,14.263,666.79,2920.6,3.3925
2016-10-12,1.3206,3.1993,1.3247,0.98966,24.524,0.90744,0.81661,277.72,13030,66.797,103.9,1124.92,18.9256,8.1933,1.4175,48.6,3.8996,8.831,1.3829,35.75,3.0888,14.394,665.69,2903.0,3.4029
2016-10-13,1.3231,3.2014,1.3245,0.98786,24.48,0.90596,0.81926,277.66,13078,66.894,103.72,1134.14,18.9826,8.2232,1.4154,48.414,3.8974,8.8209,1.3839,35.58,3.098,14.2963,671.23,2904.5,3.4005
2016-10-14,1.3108,3.1807,1.3166,0.98973,24.567,0.90893,0.81722,277.5,13051,66.75,104.31,1132.58,18.9466,8.2029,1.4096,48.379,3.9102,8.8228,1.3873,35.27,3.0875,14.2068,670.23,2919.0,3.4015
2016-10-17,1.3131,3.1969,1.3128,0.9889,24.581,0.90959,0.82304,279.18,13058,66.815,104.11,1139.88,18.9376,8.2149,1.4038,48.533,3.9368,8.8255,1.3889,35.27,3.0941,14.238,669.7,2919.0,3.4
2016-10-18,1.3037,3.1905,1.3083,0.99027,24.58,0.90967,0.81475,279.2,13030,66.71,104.04,1126.42,18.7128,8.1475,1.39,48.152,3.9283,8.8261,1.3865,35.06,3.1,14.0465,667.69,2904.0,3.3958
2016-10-19,1.3023,3.1936,1.308,0.98861,24.612,0.91083,0.81372,279.7,12995,66.663,103.37,1123.85,18.6583,8.1597,1.3874,47.993,3.933,8.8332,1.387,34.9,3.0717,13.9038,664.79,2915.2,3.3775
2016-10-20,1.3036,3.1538,1.3169,0.98834,24.609,0.91075,0.81574,280.09,13007,66.798,103.61,1126.93,18.5619,8.1626,1.383,48.021,3.9419,8.8379,1.3886,34.98,3.0607,13.9107,666.4,2925.0,3.373
2016-10-21,1.3107,3.1545,1.3229,0.9944,24.822,0.91861,0.8205,283.21,13074,66.898,103.77,1137.82,18.6552,8.2251,1.3954,48.295,3.9731,8.9025,1.3944,35.135,3.0798,14.0319,666.02,2941.6,3.3762
2016-10-24,1.3114,3.1402,1.3357,0.99357,24.81,0.91819,0.81733,283.29,13019,66.842,104.02,1133.31,18.5713,8.2504,1.397,48.262,3.9635,8.911,1.3919,35.0,3.076,13.88,658.29,2932.0,3.3575
2016-10-25,1.3088,3.1155,1.3317,0.99779,24.854,0.91979,0.8186,283.44,13006,66.811,104.53,1131.93,18.4897,8.266,1.3988,48.214,3.959,8.9386,1.3919,34.95,3.0728,13.834,652.79,2931.9,3.361
2016-10-26,1.3016,3.1181,1.3366,0.99204,24.733,0.91533,0.8189,282.92,13011,66.843,104.32,1135.85,18.6243,8.2769,1.3955,48.458,3.9584,8.9124,1.3896,35.0,3.0849,13.75,653.69,2967.8,3.35
2016-10-27,1.3123,3.1354,1.3366,0.99186,24.73,0.91516,0.81594,283.0,13033,66.82,104.69,1143.19,18.7252,8.2235,1.3998,48.49,3.9619,8.9823,1.3921,35.09,3.0974,13.8575,650.39,2962.5,3.3577
2016-10-28,1.3206,3.19,1.3389,0.99387,24.741,0.91558,0.82316,283.34,13051,66.799,105.38,1145.4,18.8226,8.281,1.4005,48.521,3.9651,9.0295,1.3943,35.05,3.1183,13.8812,653.6,2985.0,3.364
2016-10-31,1.3153,3.1825,1.3398,0.98849,24.688,0.91358,0.82267,281.78,13040,66.777,105.03,1146.44,18.9247,8.2537,1.399,48.477,3.9538,9.0124,1.3933,35.015,3.103,13.565,652.4,2999.0,3.362
2016-11-01,1.3008,3.1963,1.3361,0.98168,24.512,0.90703,0.8179,279.12,13048,66.705,104.83,1141.44,18.8825,8.1826,1.3916,48.279,3.9079,8.9615,1.3885,35.02,3.1016,13.4957,650.45,3044.0,3.3625
2016-11-02,1.305,3.2417,1.3375,0.97224,24.355,0.90131,0.81174,277.66,13052,66.671,103.31,1143.27,19.3736,8.178,1.3729,48.345,3.8986,8.9148,1.3844,34.955,3.1167,13.3775,649.0,3067.4,3.3635
2016-11-03,1.3046,3.2285,1.3389,0.97496,24.422,0.90383,0.80132,278.27,13068,66.744,103.26,1144.29,19.2905,8.1865,1.3679,48.406,3.9033,8.9541,1.3858,34.97,3.112,13.4621,651.3,3066.0,3.3835
2016-11-04,1.3015,3.2449,1.3433,0.97124,24.359,0.90147,0.80058,275.97,13088,66.745,102.98,1144.33,19.1364,8.2122,1.3674,48.532,3.8933,8.9813,1.3844,34.98,3.1488,13.5329,655.6,3060.0,3.3782
2016-11-07,1.3015,3.2042,1.3391,0.97532,24.427,0.904,0.80492,276.67,13088,66.755,104.32,1143.27,18.6576,8.2295,1.3665,48.718,3.9144,9.0249,1.39,35.01,3.1701,13.4555,652.64,3052.4,3.3799
2016-11-08,1.2984,3.2038,1.3368,0.97645,24.48,0.90596,0.8071,276.83,13097,66.595,104.78,1135.85,18.5622,8.2219,1.3644,48.636,3.9213,8.9858,1.3904,34.96,3.1702,13.3464,646.8,2962.0,3.37
2016-11-09,1.3007,3.2267,1.3426,0.97922,24.521,0.90728,0.80775,276.67,13191,66.572,103.92,1152.83,19.8258,8.2737,1.3668,48.793,3.9365,9.075,1.394,34.945,3.195,13.455,648.85,3002.5,3.383
2016-11-10,1.3158,3.2873,1.3482,0.98779,24.802,0.91785,0.80574,282.06,13285,66.735,106.84,1160.97,20.227,8.3279,1.3889,48.975,4.0007,9.095,1.4087,35.16,3.2382,13.8645,659.55,3111.0,3.3665
2016-11-11,1.3149,3.4123,1.3491,0.98423,24.811,0.91709,0.78992,283.61,13405,67.251,106.35,1164.89,20.824,8.3591,1.3906,49.04,4.0426,9.0435,1.4086,35.3,3.253,14.2217,667.0,3116.1,3.39
2016-11-14,1.3247,3.4474,1.3538,0.99647,25.077,0.9279,0.79786,287.77,13357,67.811,107.89,1172.86,20.88,8.4764,1.4098,49.172,4.0883,9.1023,1.4159,35.47,3.292,14.3882,670.29,3117.0,3.405
2016-11-15,1.3228,3.4376,1.3525,0.99935,25.109,0.92894,0.80481,287.94,13368,67.755,108.27,1165.95,20.467,8.4392,1.4068,49.13,4.1101,9.151,1.4122,35.395,3.2798,14.183,671.39,3105.0,3.419
2016-11-16,1.3393,3.4378,1.3479,1.0034,25.263,0.9344,0.80462,290.22,13471,68.069,109.56,1175.82,20.47,8.4769,1.4183,49.365,4.1518,9.1878,1.4179,35.51,3.321,14.3335,674.57,3120.0,3.415
2016-11-17,1.3398,3.4105,1.3426,1.0019,25.24,0.9331,0.80298,288.66,13372,67.869,109.28,1176.79,20.295,8.4798,1.413,49.575,4.1474,9.1787,1.4164,35.44,3.3323,14.27,676.19,3156.0,3.4005
2016-11-18,1.3525,3.3916,1.3515,1.0077,25.435,0.94082,0.81116,291.18,13427,67.943,110.03,1176.16,20.413,8.5651,1.4181,49.569,4.18,9.2429,1.4213,35.51,3.368,14.3748,677.72,3181.0,3.399
2016-11-21,1.3568,3.355,1.3459,1.009,25.428,0.94065,0.80637,290.78,13391,68.149,110.61,1177.08,20.483,8.5451,1.4186,49.745,4.1677,9.232,1.4227,35.47,3.3635,14.22,675.4,3145.0,3.4
2016-11-22,1.3518,3.3434,1.3403,1.0106,25.472,0.94189,0.80459,290.94,13426,68.295,110.9,1174.44,20.33,8.53,1.4159,49.805,4.1636,9.2279,1.4247,35.465,3.3641,14.0569,676.53,3138.0,3.41
2016-11-23,1.3482,3.3824,1.345,1.0122,25.492,0.94322,0.80544,292.44,13536,68.736,111.34,1177.33,20.594,8.5531,1.4185,49.895,4.1647,9.2306,1.4277,35.6,3.3903,14.14,676.79,3169.0,3.428
2016-11-24,1.3532,3.4043,1.3493,1.017,25.63,0.94805,0.80394,294.33,13550,68.756,113.23,1181.71,20.748,8.6138,1.4312,49.984,4.1941,9.2584,1.4322,35.68,3.4259,14.2288,677.0,3172.0,3.428
2016-11-25,1.3435,3.436,1.3491,1.0136,25.528,0.94411,0.80421,292.04,13518,68.535,113.04,1177.33,20.65,8.5621,1.4199,49.85,4.172,9.2372,1.4286,35.65,3.4482,14.135,678.39,3166.0,3.41
2016-11-28,1.3406,3.3915,1.3451,1.0154,25.542,0.94447,0.80566,293.4,13530,68.72,112.63,1174.52,20.549,8.5803,1.4158,49.854,4.174,9.2367,1.4275,35.57,3.4267,13.885,675.3,3137.0,3.4155
2016-11-29,1.3436,3.4048,1.3457,1.0166,25.572,0.94554,0.80196,294.52,13572,68.699,112.97,1173.77,20.685,8.5822,1.41,49.796,4.1886,9.2349,1.429,35.7,3.4292,13.99,672.2,3160.0,3.4205
2016-11-30,1.3438,3.3961,1.3383,1.0158,25.444,0.94029,0.8016,292.91,13552,68.509,113.29,1172.89,20.572,8.4805,1.4021,49.754,4.1827,9.1714,1.4273,35.655,3.42,14.0005,675.49,3074.0,3.4128
2016-12-01,1.353,3.4438,1.34,1.0129,25.464,0.941,0.79136,295.44,13545,68.351,114.23,1168.38,20.64,8.434,1.4123,49.716,4.204,9.2157,1.428,35.665,3.4847,14.075,673.4,3071.0,3.4095
2016-12-02,1.3468,3.4682,1.3303,1.0102,25.426,0.93967,0.79217,294.99,13520,68.256,113.89,1172.11,20.782,8.4439,1.4086,49.669,4.2184,9.2072,1.4227,35.62,3.547,14.0813,670.58,3084.0,3.413
2016-12-05,1.3447,3.4614,1.3306,1.0089,25.282,0.9344,0.78647,293.38,13432,68.165,114.3,1172.19,20.636,8.3947,1.4114,49.699,4.2053,9.1586,1.4231,35.645,3.5315,13.8409,664.69,3034.0,3.4146
2016-12-06,1.3411,3.4318,1.3268,1.0092,25.196,0.93162,0.78452,292.05,13383,67.801,113.92,1169.38,20.375,8.3662,1.4029,49.554,4.1718,9.1327,1.4187,35.6,3.4658,13.613,657.7,3001.0,3.4146
2016-12-07,1.3428,3.3977,1.3273,1.0097,25.197,0.93197,0.79306,291.69,13325,67.645,114.09,1162.69,20.325,8.3791,1.4,49.636,4.1267,9.1086,1.4183,35.63,3.4187,13.563,654.82,3002.4,3.403
2016-12-08,1.3386,3.4008,1.3215,1.0085,25.124,0.9292,0.78977,292.04,13287,67.372,113.93,1161.52,20.342,8.3762,1.3913,49.679,4.1386,9.0344,1.4191,35.62,3.4079,13.6742,654.29,3001.0,3.4015
2016-12-09,1.3392,3.3919,1.3177,1.0187,25.596,0.94706,0.79491,297.8,13328,67.564,115.05,1171.51,20.439,8.5051,1.3964,49.83,4.2101,9.178,1.4281,35.67,3.4764,13.775,651.61,3006.6,3.4175
2016-12-12,1.3377,3.3931,1.3135,1.0166,25.507,0.94375,0.79181,296.36,13328,67.429,115.79,1168.11,20.241,8.4464,1.3961,49.755,4.2025,9.1964,1.4293,35.64,3.5173,13.726,648.9,2988.0,3.3975
2016-12-13,1.3341,3.3294,1.3121,1.0124,25.468,0.94251,0.78688,296.24,13313,67.539,115.24,1166.71,20.244,8.435,1.3877,49.806,4.1887,9.1593,1.4268,35.6,3.4828,13.6871,650.5,2968.0,3.3935
2016-12-14,1.3319,3.311,1.3116,1.0097,25.388,0.9395,0.78883,295.84,13288,67.478,114.98,1166.01,20.262,8.4764,1.3849,49.716,4.1716,9.1651,1.424,35.59,3.4879,13.6704,658.67,2961.3,3.3845
2016-12-15,1.3542,3.3878,1.3343,1.0301,25.934,0.95979,0.80236,300.58,13425,67.801,118.08,1186.13,20.655,8.6374,1.4159,49.935,4.2662,9.3759,1.4404,35.79,3.5358,14.04,664.58,3000.5,3.4002
2016-12-16,1.364,3.3606,1.3373,1.0299,25.885,0.95795,0.80362,299.31,13390,67.8,118.19,1187.4,20.359,8.6812,1.4266,49.998,4.2341,9.3773,1.4431,35.84,3.5062,13.9741,673.3,3006.0,3.4005
2016-12-19,1.377,3.3766,1.3382,1.0275,25.927,0.95951,0.80733,299.17,13398,67.858,117.24,1188.79,20.426,8.6821,1.4415,50.053,4.2324,9.384,1.4491,35.885,3.5053,14.075,677.59,3004.4,3.4141
2016-12-20,1.3817,3.3579,1.3408,1.0312,26.072,0.96488,0.81029,300.06,13469,68.07,118.13,1194.95,20.373,8.717,1.4501,50.028,4.2546,9.3849,1.4475,36.03,3.519,14.0685,676.7,2996.0,3.398
2016-12-21,1.3763,3.3326,1.3369,1.0257,25.929,0.9596,0.80837,297.74,13435,67.88,117.37,1193.62,20.444,8.6614,1.4444,49.901,4.2301,9.2491,1.4429,35.995,3.5128,13.9493,674.1,2994.0,3.3905
2016-12-22,1.3855,3.3283,1.3468,1.0251,25.872,0.95749,0.81047,297.03,13473,67.982,117.64,1203.76,20.69,8.7107,1.4469,50.017,4.2221,9.1926,1.4493,36.023,3.5123,14.057,676.7,2996.0,3.3895
2016-12-23,1.3944,3.2688,1.3514,1.0254,25.869,0.9573,0.81637,296.46,13435,67.804,117.37,1203.9,20.692,8.7046,1.4546,49.782,4.2215,9.2342,1.4469,35.96,3.5108,14.0104,673.19,2998.0,3.3785
2016-12-27,1.3913,3.2797,1.3534,1.0296,25.87,0.9574,0.81666,295.96,13449,68.016,117.39,1207.26,20.617,8.7198,1.4522,49.745,4.2212,9.2473,1.4485,36.01,3.521,13.9581,673.54,2992.0,3.3735
2016-12-28,1.3933,3.2714,1.3575,1.0301,25.999,0.96145,0.81846,297.12,13443,68.232,117.67,1213.32,20.738,8.7277,1.447,49.846,4.2331,9.209,1.4525,36.03,3.546,13.8963,673.3,3024.1,3.3524
2016-12-29,1.3876,3.2644,1.3541,1.025,25.85,0.95666,0.81603,296.65,13462,68.014,116.75,1209.46,20.695,8.6825,1.4388,49.662,4.2228,9.1443,1.4499,35.94,3.5326,13.6728,667.5,3000.0,3.356
2016-12-30,1.3847,3.2544,1.346,1.0188,25.634,0.94868,0.81224,293.93,13446,67.92,117.07,1204.21,20.655,8.62,1.438,49.585,4.1839,9.0622,1.4452,35.79,3.5169,13.715,669.29,3000.5,3.3545
2017-01-02,1.3926,3.2742,1.3445,1.0235,25.82,0.95557,0.81357,295.7,13528,68.14,117.46,1207.69,20.742,8.652,1.4432,49.476,4.2162,9.1197,1.4506,35.82,3.5436,13.7286,669.9,3000.5,3.3675
2017-01-03,1.3854,3.2659,1.3444,1.0305,26.018,0.96293,0.8143,297.49,13479,68.369,118.2,1206.96,20.697,8.6676,1.4459,49.846,4.2305,9.1813,1.4503,35.905,3.588,13.7545,673.2,2978.1,3.3933
2017-01-04,1.3771,3.2369,1.3312,1.0259,25.89,0.95813,0.81388,295.44,13384,68.065,117.51,1199.48,21.147,8.6141,1.4395,49.642,4.1945,9.125,1.4417,35.81,3.5822,13.6446,670.63,2968.0,3.3801
2017-01-05,1.3714,3.2132,1.33,1.0193,25.732,0.95229,0.81364,293.57,13361,67.935,116.54,1191.11,21.279,8.5911,1.4367,49.512,4.1596,9.0792,1.4357,35.805,3.6206,13.641,662.4,2928.5,3.3601
2017-01-06,1.363,3.2019,1.3258,1.0128,25.518,0.94438,0.80884,290.15,13365,67.989,116.0,1191.2,21.276,8.4869,1.4235,49.35,4.1129,9.0202,1.4325,35.66,3.6174,13.6159,667.0,2926.0,3.3735
2017-01-09,1.3653,3.2122,1.3269,1.0195,25.695,0.95093,0.82408,293.09,13345,68.17,116.64,1204.19,21.295,8.5767,1.4328,49.627,4.1629,9.0845,1.4392,35.73,3.7286,13.7055,670.34,2923.3,3.3801
2017-01-10,1.3627,3.1932,1.3241,1.0161,25.571,0.94634,0.82275,292.14,13290,68.218,116.25,1200.98,21.425,8.5881,1.4351,49.573,4.1375,9.0466,1.4378,35.62,3.777,13.7005,671.3,2950.0,3.3827
2017-01-11,1.3559,3.2168,1.3252,1.0208,25.727,0.95211,0.82572,294.63,13329,68.392,116.29,1200.22,21.864,8.6292,1.4307,49.681,4.161,9.1112,1.4388,35.585,3.8796,13.781,670.4,2967.0,3.3795
2017-01-12,1.3302,3.1574,1.3057,1.0059,25.303,0.93642,0.81321,287.62,13251,67.98,113.95,1175.58,21.603,8.4863,1.4028,49.573,4.0982,8.9044,1.4225,35.34,3.7755,13.4353,661.6,2922.6,3.3595
2017-01-13,1.3343,3.1983,1.3141,1.0063,25.346,0.938,0.8212,288.43,13332,68.162,114.35,1173.86,21.655,8.4964,1.4025,49.678,4.1027,8.8993,1.4263,35.4,3.7883,13.5149,659.2,2943.0,3.3595
2017-01-16,1.3377,3.2216,1.3146,1.0109,25.506,0.94393,0.82885,290.15,13366,68.121,114.13,1183.36,21.595,8.548,1.408,49.958,4.1277,8.9513,1.4295,35.42,3.781,13.6126,662.1,2936.8,3.368
2017-01-17,1.3255,3.2109,1.306,1.0026,25.291,0.93598,0.81234,288.08,13329,67.984,113.35,1168.86,21.579,8.4575,1.3925,49.826,4.0896,8.8949,1.4197,35.315,3.7963,13.4752,656.3,2913.7,3.3392
2017-01-18,1.3248,3.2227,1.3115,1.0039,25.339,0.93773,0.81426,288.75,13342,68.113,113.51,1171.6,21.694,8.4706,1.3914,49.908,4.0954,8.9392,1.4231,35.31,3.7857,13.5626,660.7,2934.0,3.3342
2017-01-19,1.3229,3.208,1.3282,1.0057,25.329,0.93738,0.81135,289.09,13373,68.136,114.58,1177.26,21.976,8.4545,1.3927,50.061,4.099,8.9499,1.4263,35.395,3.8196,13.5973,660.45,2937.7,3.3135
2017-01-20,1.3276,3.1957,1.3372,1.0089,25.415,0.94056,0.81448,290.72,13410,68.173,115.19,1176.32,21.981,8.4641,1.4006,50.053,4.1101,8.9422,1.4295,35.44,3.8248,13.624,656.0,2919.0,3.2945
2017-01-23,1.3212,3.1613,1.3314,1.0011,25.224,0.93327,0.80399,289.15,13364,68.16,113.6,1168.15,21.413,8.3938,1.3899,49.943,4.0802,8.8766,1.4213,35.3,3.7867,13.5565,653.15,2924.2,3.2892
2017-01-24,1.321,3.1634,1.3274,0.99907,25.14,0.93041,0.80341,288.68,13322,68.095,113.37,1165.12,21.293,8.3344,1.3818,49.786,4.0682,8.8375,1.4185,35.21,3.7649,13.3646,652.1,2925.4,3.2787
2017-01-25,1.323,3.1702,1.3097,0.99898,25.153,0.93084,0.79422,288.3,13330,68.08,113.37,1164.9,21.472,8.3266,1.3766,49.638,4.0623,8.8274,1.4184,35.23,3.8241,13.2725,648.08,2925.4,3.2883
2017-01-26,1.3276,3.1863,1.3129,0.99935,25.253,0.93458,0.79573,290.64,13379,68.184,114.39,1166.49,21.006,8.3379,1.3825,49.881,4.0593,8.8467,1.4232,35.305,3.8655,13.374,650.9,2938.0,3.298
2017-01-27,1.3266,3.1677,1.3119,1.0007,25.298,0.93624,0.7974,291.76,13367,68.068,115.17,1174.01,21.108,8.3503,1.3787,49.828,4.0633,8.8501,1.4278,35.28,3.8775,13.526,649.6,2928.6,3.2875
2017-01-30,1.3273,3.1343,1.3154,1.0037,25.421,0.94073,0.79901,292.38,13333,67.951,114.54,1178.05,20.776,8.3498,1.3799,49.764,4.0743,8.8796,1.4278,35.27,3.8157,13.5945,647.69,2926.1,3.2829
2017-01-31,1.3201,3.1181,1.3069,0.99191,25.124,0.9298,0.8006,288.83,13356,67.689,113.38,1157.38,20.722,8.2641,1.3676,49.734,4.0204,8.7871,1.4134,35.14,3.778,13.43,648.45,2910.4,3.2667
2017-02-01,1.3184,3.1435,1.3065,0.98981,25.043,0.92678,0.79164,287.1,13368,67.427,113.3,1156.5,20.704,8.2326,1.3732,49.78,4.0024,8.7352,1.4124,35.12,3.761,13.4233,646.1,2904.0,3.2685
2017-02-02,1.3009,3.1143,1.3,0.98908,25.002,0.92524,0.79634,285.76,13352,67.232,112.32,1141.95,20.598,8.1953,1.3659,49.69,3.9851,8.7142,1.4093,35.06,3.7368,13.3921,642.35,2869.9,3.246
2017-02-03,1.3087,3.132,1.3056,0.99572,25.157,0.93101,0.80079,288.11,13345,67.321,113.11,1147.24,20.497,8.2458,1.3761,49.773,4.0007,8.7906,1.4138,35.055,3.735,13.4263,640.25,2848.0,3.2575
2017-02-06,1.3075,3.1187,1.3057,0.99608,25.225,0.93353,0.80237,288.61,13295,67.163,112.29,1136.3,20.372,8.258,1.3697,49.645,3.9924,8.8317,1.4102,35.02,3.6785,13.2959,640.8,2847.9,3.2865
2017-02-07,1.3128,3.1267,1.3182,0.99841,25.312,0.93677,0.80871,290.13,13328,67.422,112.36,1147.08,20.64,8.3221,1.3706,49.75,4.0314,8.8815,1.4185,35.05,3.7269,13.4373,646.52,2850.5,3.2902
2017-02-08,1.309,3.1252,1.3146,0.99737,25.336,0.93765,0.79995,290.03,13325,67.145,111.95,1144.53,20.544,8.3296,1.369,49.914,4.0429,8.8629,1.417,35.03,3.7233,13.4235,647.1,2874.0,3.285
2017-02-09,1.3061,3.1172,1.3109,0.99813,25.272,0.93528,0.79583,288.77,13255,66.741,112.27,1144.01,20.443,8.3109,1.3845,49.915,4.0307,8.8697,1.4146,35.01,3.693,13.41,645.4,2857.3,3.2655
2017-02-10,1.3082,3.1113,1.3139,1.0038,25.422,0.94082,0.80243,290.2,13298,66.934,113.51,1150.21,20.277,8.3794,1.3922,49.954,4.0411,8.9259,1.4218,35.095,3.6855,13.3471,639.58,2848.6,3.2492
2017-02-13,1.3046,3.1197,1.3093,1.0041,25.422,0.94082,0.79866,289.79,13321,66.975,113.75,1150.92,20.346,8.375,1.3932,49.919,4.0584,8.9171,1.4219,35.07,3.6859,13.3417,641.9,2861.2,3.252
2017-02-14,1.3003,3.0953,1.303,1.0034,25.436,0.94135,0.80107,290.06,13309,66.814,113.37,1136.81,20.237,8.3583,1.3913,49.847,4.049,8.9102,1.4162,34.975,3.6506,13.098,640.88,2868.1,3.2532
2017-02-15,1.3037,3.0796,1.3083,1.0092,25.6,0.94742,0.80529,292.2,13322,66.888,114.5,1141.97,20.349,8.3868,1.3932,49.947,4.0753,8.9539,1.4223,35.03,3.6629,13.046,638.44,2868.1,3.2499
2017-02-16,1.2963,3.0419,1.3016,0.99953,25.367,0.93879,0.799,289.37,13320,66.997,113.55,1139.45,20.276,8.3261,1.3842,49.921,4.0533,8.8949,1.4179,35.0,3.6647,12.94,638.6,2870.0,3.2465
2017-02-17,1.3044,3.0918,1.3079,0.99878,25.372,0.93897,0.80488,289.5,13332,67.1,112.75,1150.01,20.474,8.3235,1.3905,50.055,4.0662,8.8712,1.4165,34.995,3.673,13.0852,644.0,2885.0,3.2575
2017-02-20,1.3032,3.0976,1.311,1.0032,25.453,0.94197,0.80204,290.37,13359,66.939,113.14,1147.65,20.466,8.3429,1.3915,50.36,4.0737,8.9285,1.4183,35.02,3.6248,13.11,640.57,2879.6,3.2455
2017-02-21,1.3061,3.096,1.3135,1.0097,25.644,0.94904,0.80535,291.26,13373,66.936,113.67,1147.1,20.431,8.3646,1.4005,50.289,4.0869,8.9864,1.4225,35.035,3.6266,13.1599,642.56,2895.8,3.2413
2017-02-22,1.3021,3.084,1.3168,1.0123,25.702,0.9512,0.80329,292.52,13356,66.987,112.99,1142.66,20.03,8.3851,1.3956,50.288,4.0889,9.0079,1.4178,35.01,3.6023,13.105,642.55,2888.8,3.2395
2017-02-23,1.2949,3.0655,1.3116,1.0085,25.557,0.94581,0.80042,291.51,13327,66.723,112.83,1135.24,19.8761,8.3297,1.3844,50.173,4.0745,8.9828,1.4117,34.985,3.5711,12.88,641.38,2862.7,3.2381
2017-02-24,1.3023,3.0889,1.3109,1.0038,25.47,0.9426,0.79652,290.88,13317,66.608,112.21,1129.43,19.6937,8.3292,1.3867,50.198,4.0632,8.9724,1.4037,34.882,3.581,12.9151,646.7,2888.0,3.2515
2017-02-27,1.3031,3.1091,1.3119,1.0073,25.523,0.94455,0.80552,290.63,13363,66.697,112.28,1133.51,19.7922,8.3483,1.3886,50.244,4.0756,9.025,1.4053,34.855,3.5988,12.955,646.35,2885.1,3.2495
2017-02-28,1.3029,3.0962,1.3196,1.0048,25.499,0.94366,0.80499,290.88,13336,66.65,112.14,1126.96,19.8924,8.3696,1.3878,50.258,4.0717,9.0285,1.3995,34.87,3.6228,13.0141,650.2,2917.0,3.263
2017-03-01,1.3056,3.111,1.3333,1.0108,25.654,0.9494,0.81221,292.37,13362,66.834,113.78,1143.96,20.042,8.4134,1.4044,50.332,4.0784,9.0447,1.4091,35.005,3.6493,13.082,649.25,2928.0,3.258
2017-03-02,1.3163,3.1089,1.3381,1.013,25.7,0.95111,0.81377,293.26,13358,66.768,114.36,1145.42,19.9258,8.4487,1.4098,50.406,4.0842,9.0541,1.4115,35.005,3.7067,13.1062,655.65,2971.4,3.2825
2017-03-03,1.321,3.1311,1.3404,1.0104,25.576,0.94652,0.81737,293.12,13383,66.817,114.37,1153.48,19.6536,8.4527,1.4208,50.352,4.0707,9.0274,1.4134,35.06,3.7282,13.0828,657.1,2968.8,3.278
2017-03-06,1.3158,3.1057,1.339,1.0096,25.511,0.94411,0.81477,292.25,13348,66.65,113.81,1154.42,19.5298,8.4661,1.4236,50.275,4.0683,9.0007,1.4101,35.03,3.713,12.9951,661.27,2965.2,3.2892
2017-03-07,1.3162,3.1178,1.3418,1.0146,25.549,0.94554,0.81988,292.66,13347,66.632,114.04,1149.5,19.4894,8.4572,1.4328,50.338,4.0729,9.0032,1.4107,35.09,3.6776,12.9575,658.17,2950.3,3.278
2017-03-08,1.3232,3.1405,1.3445,1.0138,25.598,0.94733,0.82184,294.33,13400,66.783,114.3,1152.29,19.622,8.4798,1.4417,50.396,4.0858,9.0207,1.416,35.275,3.7357,13.0644,663.1,2975.0,3.2785
2017-03-09,1.3311,3.169,1.3527,1.015,25.61,0.94778,0.82128,294.89,13398,66.724,114.63,1158.52,19.7868,8.5734,1.4479,50.343,4.0917,9.0536,1.4203,35.34,3.7535,13.2669,664.98,2995.0,3.2885
2017-03-10,1.329,3.1769,1.3504,1.0129,25.477,0.94286,0.82265,294.43,13375,66.634,115.43,1156.21,19.7699,8.6182,1.4471,50.237,4.0787,9.0305,1.4182,35.41,3.7527,13.2643,663.44,2978.0,3.2825
2017-03-13,1.3203,3.1519,1.3458,1.0081,25.341,0.93782,0.81833,293.0,13356,66.161,114.74,1146.92,19.638,8.5621,1.4428,50.343,4.0679,8.9698,1.4136,35.33,3.7468,13.139,665.98,2977.7,3.2775
2017-03-14,1.3238,3.1597,1.3487,1.0089,25.417,0.94065,0.82366,292.84,13370,65.767,114.88,1149.91,19.6096,8.6078,1.4476,50.307,4.0656,8.9331,1.4146,35.325,3.7415,13.16,669.1,2988.2,3.2775
2017-03-15,1.3173,3.1588,1.3454,1.0088,25.439,0.94144,0.81974,292.63,13360,65.664,114.64,1146.0,19.5829,8.6004,1.4382,50.264,4.0676,9.0005,1.4123,35.26,3.7184,13.053,666.25,2959.7,3.2535
2017-03-16,1.3001,3.0994,1.3311,0.99711,25.192,0.93231,0.80934,289.05,13317,65.374,113.32,1127.32,19.091,8.5389,1.4312,50.074,4.0065,8.8419,1.4017,34.995,3.6388,12.7046,661.31,2916.4,3.2474
2017-03-17,1.2983,3.1053,1.3315,0.99637,25.166,0.93136,0.80905,287.37,13345,65.429,113.15,1129.92,19.159,8.4775,1.4267,50.17,4.0032,8.8116,1.4022,34.85,3.6226,12.76,661.75,2912.5,3.2485
2017-03-20,1.2948,3.1079,1.3355,0.99702,25.131,0.93006,0.80723,287.05,13314,65.365,112.71,1115.66,19.1137,8.4894,1.4203,50.061,3.9825,8.8428,1.3979,34.725,3.6335,12.676,659.39,2906.4,3.2395
2017-03-21,1.2932,3.0712,1.3284,0.99519,25.015,0.92575,0.80312,285.4,13319,65.259,112.55,1118.32,18.9854,8.4478,1.4172,50.06,3.9463,8.7875,1.3968,34.655,3.6079,12.5738,658.7,2908.7,3.2405
2017-03-22,1.3034,3.0984,1.3378,0.99139,25.003,0.92533,0.80309,286.07,13329,65.421,111.1,1119.72,19.145,8.4633,1.4207,50.219,3.9619,8.8003,1.398,34.63,3.6232,12.595,660.97,2914.8,3.2408
2017-03-23,1.3102,3.1159,1.3339,0.99203,25.052,0.92713,0.79986,286.69,13317,65.464,110.66,1119.4,19.0951,8.4812,1.4188,50.351,3.9574,8.8165,1.3987,34.6,3.6193,12.51,662.29,2912.8,3.2403
2017-03-24,1.3125,3.1323,1.3372,0.99195,25.008,0.9255,0.80148,286.73,13326,65.388,111.14,1120.19,18.9061,8.4954,1.4254,50.212,3.9514,8.8267,1.3999,34.57,3.6257,12.4772,659.5,2896.9,3.2405
2017-03-27,1.3097,3.1206,1.3349,0.98384,24.815,0.91836,0.79349,284.88,13303,65.035,110.14,1109.33,18.819,8.4662,1.4157,50.065,3.916,8.7706,1.3912,34.35,3.6002,12.6375,664.4,2921.0,3.2371
2017-03-28,1.3151,3.1262,1.3395,0.98471,24.884,0.9209,0.79616,284.73,13300,65.056,110.36,1113.46,18.8719,8.5072,1.4232,50.177,3.911,8.7778,1.394,34.415,3.624,12.9402,665.1,2903.8,3.2339
2017-03-29,1.3082,3.1323,1.3379,0.99665,25.14,0.93041,0.80373,288.07,13309,64.904,110.88,1112.66,18.9356,8.5512,1.4255,50.273,3.9439,8.8858,1.3962,34.435,3.6515,13.1387,662.45,2878.0,3.24
2017-03-30,1.3028,3.1252,1.3337,0.99637,25.167,0.93136,0.80265,288.12,13316,64.907,111.19,1116.77,18.7417,8.5401,1.4254,50.168,3.9334,8.9059,1.3949,34.415,3.6434,12.8681,662.43,2884.7,3.2356
2017-03-31,1.3078,3.1615,1.3343,1.0005,25.283,0.93537,0.80023,287.74,13318,64.911,111.82,1117.33,18.7242,8.5757,1.432,50.19,3.9533,8.9161,1.3974,34.35,3.638,13.32,659.21,2873.0,3.2443
2017-04-03,1.3143,3.1248,1.3347,1.002,25.367,0.938,0.79974,289.54,13322,64.985,111.28,1117.24,18.7406,8.5797,1.4282,50.142,3.9658,8.9246,1.3975,34.385,3.6423,13.5546,657.74,2864.2,3.2385
2017-04-04,1.3247,3.1354,1.3445,1.0021,25.4,0.93888,0.8039,290.47,13328,65.182,110.37,1124.9,18.9006,8.618,1.4327,50.213,3.9969,9.0226,1.3992,34.445,3.6542,13.762,659.49,2860.2,3.2455
2017-04-05,1.3191,3.088,1.3384,1.0028,25.34,0.9365,0.80081,290.23,13324,64.893,110.97,1126.35,18.747,8.5845,1.4346,50.133,3.9628,8.9668,1.3999,34.52,3.6902,13.7036,657.94,2858.0,3.2455
2017-04-06,1.3222,3.1157,1.3428,1.0034,25.067,0.93756,0.80246,290.42,13320,64.518,110.85,1131.11,18.7877,8.5963,1.4317,50.149,3.9632,8.9907,1.4007,34.6,3.708,13.8036,655.78,2850.7,3.2455
2017-04-07,1.3286,3.1373,1.3411,1.0061,24.989,0.94073,0.80501,291.97,13322,64.325,110.67,1134.85,18.7652,8.6155,1.4345,49.877,3.9745,9.0276,1.4019,34.61,3.7372,13.8137,655.78,2857.3,3.2408
2017-04-10,1.3348,3.1362,1.3382,1.0098,25.078,0.94536,0.80672,294.34,13280,64.56,111.29,1142.16,18.679,8.6446,1.4406,49.624,3.9985,9.0847,1.4067,34.65,3.7336,13.889,652.1,2859.0,3.2825
2017-04-11,1.3317,3.1312,1.3319,1.0075,25.111,0.94197,0.80379,293.33,13282,64.483,110.55,1144.03,18.692,8.595,1.4398,49.577,3.9953,9.0349,1.4039,34.595,3.7106,13.8368,654.6,2871.0,3.25
2017-04-12,1.3355,3.1429,1.3309,1.0069,25.174,0.94295,0.8,294.17,13284,64.677,109.59,1140.27,18.8009,8.5842,1.4446,49.454,4.0061,9.0102,1.4021,34.47,3.6742,13.6902,652.7,2866.4,3.2502
2017-04-13,1.3196,3.1305,1.3235,1.0053,25.121,0.94073,0.79739,294.03,13257,64.433,109.13,1131.64,18.5946,8.5638,1.4278,49.468,3.9934,9.0141,1.3965,34.34,3.668,13.5282,649.87,2864.1,3.246
2017-04-18,1.3251,3.1075,1.3362,1.0004,25.051,0.93615,0.78988,292.62,13296,64.602,108.84,1143.09,18.5613,8.5277,1.4216,49.676,3.9658,8.9785,1.3983,34.35,3.6906,13.3871,648.02,2838.5,3.2463
2017-04-19,1.3291,3.1112,1.3441,0.99674,24.983,0.9324,0.7779,291.89,13327,64.562,109.01,1139.79,18.6657,8.5341,1.425,49.733,3.9495,8.9692,1.3974,34.39,3.6636,13.297,648.0,2867.0,3.246
2017-04-20,1.3288,3.1429,1.3489,0.99591,25.041,0.93067,0.78101,291.76,13323,64.624,109.04,1136.28,18.7976,8.5733,1.424,49.718,3.9635,8.9533,1.3968,34.37,3.6358,13.1486,649.27,2846.2,3.2393
2017-04-21,1.3291,3.1485,1.3473,0.99832,25.176,0.93475,0.78258,293.68,13320,64.608,109.1,1135.79,18.8316,8.6444,1.428,49.828,3.9939,9.0101,1.3973,34.39,3.6456,13.1414,653.25,2873.0,3.2405
2017-04-24,1.321,3.1253,1.3431,0.99613,24.699,0.92183,0.78199,287.12,13279,64.448,110.32,1128.52,18.5878,8.5223,1.4235,49.774,3.9104,8.8334,1.3929,34.36,3.5923,12.9645,654.76,2869.0,3.2368
2017-04-25,1.3272,3.1521,1.358,0.99403,24.581,0.91819,0.7798,286.2,13278,64.285,110.49,1127.79,18.8412,8.5537,1.4357,49.654,3.8815,8.8155,1.3929,34.42,3.5926,13.0448,661.9,2897.2,3.2445
2017-04-26,1.3365,3.1691,1.3579,0.99468,24.738,0.91802,0.77943,286.36,13296,64.123,111.4,1130.9,18.9351,8.5821,1.451,49.828,3.8778,8.7767,1.3959,34.47,3.5795,13.2358,664.73,2928.0,3.2475
2017-04-27,1.3396,3.1603,1.3586,0.99439,24.756,0.91903,0.77585,286.77,13314,64.117,111.45,1134.39,18.9891,8.5807,1.455,50.146,3.8798,8.8451,1.3974,34.62,3.5656,13.3592,662.7,2939.8,3.2415
2017-04-28,1.3384,3.1764,1.3645,0.99094,24.631,0.91491,0.77285,285.8,13329,64.284,111.4,1137.87,18.9844,8.5309,1.4544,50.103,3.8631,8.8123,1.396,34.57,3.5458,13.257,666.43,2938.3,3.2431
2017-05-02,1.3301,3.1686,1.3677,0.99423,24.639,0.91617,0.77435,286.03,13312,64.225,112.28,1130.23,18.7421,8.5918,1.4459,50.002,3.856,8.8218,1.3946,34.5,3.5383,13.274,667.35,2938.0,3.2375
2017-05-03,1.3385,3.1527,1.3728,0.9902,24.609,0.91583,0.77333,285.88,13305,64.158,112.16,1131.53,18.8076,8.5977,1.4441,49.989,3.8385,8.817,1.3947,34.485,3.5354,13.3465,668.41,2925.1,3.2453
2017-05-04,1.352,3.1868,1.3737,0.99231,24.496,0.91516,0.77574,285.58,13328,64.186,112.85,1135.87,18.9796,8.676,1.4574,49.953,3.8535,8.8257,1.3996,34.63,3.5609,13.5436,675.05,2980.7,3.2815
2017-05-05,1.3532,3.1856,1.3771,0.98887,24.433,0.91233,0.77283,284.16,13330,64.378,112.48,1141.44,19.0557,8.6692,1.4516,49.979,3.8476,8.8372,1.4052,34.71,3.563,13.5843,671.1,2942.0,3.2615
2017-05-08,1.3523,3.1903,1.3701,0.99451,24.421,0.91424,0.77222,284.55,13310,64.313,112.54,1133.01,19.0455,8.6364,1.4447,49.888,3.8408,8.8307,1.405,34.67,3.5642,13.576,678.34,2961.0,3.2818
2017-05-09,1.3601,3.1898,1.3704,1.0046,24.497,0.91844,0.77425,286.31,13350,64.657,113.92,1137.91,19.1743,8.646,1.45,49.972,3.8779,8.8812,1.4109,34.765,3.5955,13.665,677.87,2976.5,3.2854
2017-05-10,1.3545,3.1649,1.3697,1.0062,24.483,0.91895,0.77178,285.42,13358,64.546,113.8,1134.88,19.0746,8.6781,1.4401,49.912,3.8761,8.9129,1.4104,34.76,3.5891,13.49,673.0,2940.0,3.2925
2017-05-11,1.357,3.1642,1.3726,1.0085,24.492,0.92081,0.77795,285.98,13343,64.37,113.9,1128.51,18.9733,8.5939,1.4606,49.886,3.8897,8.8838,1.4081,34.751,3.5839,13.3662,672.1,2924.7,3.285
2017-05-12,1.3545,3.147,1.3738,1.008,24.435,0.91946,0.77775,285.25,13329,64.307,113.85,1127.73,18.8967,8.6121,1.4612,49.731,3.8773,8.8887,1.4081,34.735,3.5894,13.4549,671.95,2920.0,3.2695
2017-05-15,1.3435,3.1047,1.3608,0.99745,24.126,0.91141,0.77404,281.78,13299,64.047,113.43,1117.0,18.6857,8.5057,1.4469,49.638,3.836,8.8164,1.3983,34.545,3.5563,13.1989,668.34,2877.0,3.2665
2017-05-16,1.3491,3.103,1.3616,0.99087,23.89,0.90424,0.77645,279.9,13300,64.065,113.64,1116.52,18.7078,8.4924,1.4549,49.641,3.7964,8.7906,1.3977,34.53,3.5564,13.1374,665.98,2876.3,3.255
2017-05-17,1.3505,3.0985,1.3615,0.98255,23.779,0.89952,0.7713,278.33,13312,64.101,112.28,1119.72,18.6687,8.4293,1.4509,49.696,3.766,8.7769,1.3943,34.515,3.5506,13.091,670.94,2892.7,3.273
2017-05-18,1.344,3.1349,1.3643,0.97709,23.93,0.89855,0.76703,279.17,13466,65.047,110.57,1132.91,19.1167,8.4566,1.4428,50.003,3.7948,8.7748,1.3919,34.495,3.6356,13.5287,672.36,2921.0,3.2744
2017-05-19,1.3446,3.3301,1.3569,0.97692,23.708,0.89453,0.76848,276.95,13312,64.587,111.24,1119.54,18.7298,8.4017,1.4516,49.704,3.7575,8.7569,1.3873,34.37,3.6027,13.2636,668.4,2879.3,3.2645
2017-05-22,1.3385,3.2935,1.3496,0.97047,23.56,0.88944,0.76806,274.53,13276,64.535,111.34,1117.21,18.6463,8.3361,1.4338,49.687,3.7292,8.7072,1.3858,34.37,3.5602,13.1814,670.4,2903.9,3.2702
2017-05-23,1.3321,3.274,1.3468,0.97298,23.614,0.89166,0.77096,275.06,13300,64.895,111.12,1123.95,18.6135,8.3602,1.4203,49.783,3.7432,8.6851,1.3882,34.38,3.5641,13.2037,674.52,2903.0,3.2752
2017-05-24,1.3374,3.2558,1.3499,0.97641,23.642,0.89342,0.77137,275.27,13308,64.735,111.81,1122.76,18.5777,8.3841,1.4212,49.981,3.7405,8.7035,1.3883,34.355,3.5669,12.9525,671.52,2902.0,3.2618
2017-05-25,1.3396,3.2691,1.3432,0.97236,23.554,0.89174,0.77161,274.59,13297,64.602,111.76,1119.8,18.3984,8.3226,1.4218,49.87,3.7269,8.6744,1.3844,34.21,3.564,12.895,668.55,2917.0,3.2635
2017-05-26,1.3432,3.2698,1.3466,0.97249,23.61,0.89318,0.77876,274.56,13301,64.503,111.09,1118.1,18.4745,8.3975,1.4162,49.776,3.7362,8.6884,1.3825,34.05,3.5694,12.8714,671.9,2909.0,3.272
2017-05-29,1.3447,3.2658,1.3455,0.97426,23.628,0.89381,0.77845,275.15,13315,64.538,111.34,1121.06,18.5091,8.4077,1.4115,49.797,3.7359,8.6922,1.3844,34.115,3.5772,12.9475,674.5,2910.8,3.2825
2017-05-30,1.3418,3.2676,1.3468,0.97583,23.688,0.89501,0.77681,276.23,13323,64.658,110.95,1124.13,18.5581,8.4488,1.414,49.793,3.7376,8.7432,1.3858,34.13,3.5566,13.147,674.5,2916.0,3.2767
2017-05-31,1.3416,3.2515,1.3464,0.97104,23.547,0.89119,0.77858,273.77,13308,64.463,110.86,1118.45,18.7648,8.4117,1.4071,49.77,3.7173,8.6942,1.3829,34.07,3.5366,13.1338,672.18,2914.4,3.2652
2017-06-01,1.3532,3.2209,1.3508,0.97005,23.529,0.89135,0.77752,274.13,13310,64.466,111.0,1121.67,18.6469,8.4584,1.4146,49.716,3.7285,8.7138,1.3838,34.15,3.54,13.05,671.9,2890.8,3.2682
2017-06-02,1.3527,3.2369,1.3523,0.97112,23.5,0.8915,0.778,274.98,13311,64.443,111.46,1123.25,18.6306,8.462,1.4096,49.526,3.7376,8.6862,1.3865,34.15,3.5304,12.8704,669.63,2891.0,3.2671
2017-06-05,1.337,3.259,1.3489,0.96506,23.404,0.88897,0.77456,273.11,13286,64.363,110.5,1118.58,18.3945,8.4354,1.4018,49.413,3.7193,8.6628,1.3815,34.03,3.5169,12.7404,669.0,2899.0,3.2625
2017-06-06,1.3359,3.2969,1.3475,0.96385,23.393,0.88826,0.77483,273.28,13295,64.473,109.36,1120.16,18.3816,8.4525,1.394,49.516,3.73,8.6608,1.3815,33.95,3.5296,12.8487,668.7,2893.0,3.2655
2017-06-07,1.3234,3.2713,1.3448,0.96666,23.461,0.8915,0.77479,275.17,13301,64.347,109.46,1124.55,18.2214,8.4713,1.3907,49.544,3.7366,8.7325,1.3817,34.025,3.5435,12.865,669.0,2911.1,3.2652
2017-06-08,1.3264,3.2819,1.3514,0.96678,23.393,0.89055,0.7726,274.3,13298,64.241,110.22,1123.36,18.2296,8.481,1.387,49.536,3.7461,8.7172,1.3826,34.037,3.5502,12.8663,664.9,2917.8,3.2652
2017-06-09,1.3276,3.2638,1.3509,0.97199,23.464,0.89477,0.78416,274.98,13299,64.245,110.45,1124.32,18.2113,8.5199,1.3887,49.51,3.7494,8.7343,1.3841,34.07,3.5293,12.8849,663.0,2912.0,3.2665
2017-06-12,1.3256,3.2831,1.3437,0.96756,23.347,0.89119,0.7891,273.75,13298,64.44,109.88,1131.96,18.1588,8.4649,1.3887,49.571,3.734,8.7161,1.3841,34.06,3.5165,12.8114,661.3,2927.2,3.2752
2017-06-13,1.3266,3.3026,1.3276,0.96728,23.31,0.8915,0.78519,273.66,13287,64.36,110.04,1128.63,18.1145,8.4283,1.3843,49.487,3.7386,8.6871,1.3819,33.92,3.5231,12.775,661.0,2927.0,3.2735
2017-06-14,1.3191,3.3051,1.3207,0.97063,23.354,0.89262,0.78515,273.49,13282,64.3,110.31,1125.1,18.038,8.4031,1.3794,49.509,3.7461,8.6984,1.3797,33.94,3.5135,12.7374,661.0,2933.0,3.27
2017-06-15,1.3185,3.2741,1.3278,0.97385,23.476,0.89558,0.78488,275.65,13318,64.609,110.11,1131.17,18.0745,8.4827,1.3886,49.845,3.7723,8.712,1.3831,33.99,3.5166,12.8715,665.65,2951.2,3.2752
2017-06-16,1.3149,3.2848,1.3223,0.97475,23.492,0.8955,0.78314,275.73,13297,64.433,111.34,1133.12,17.9896,8.4727,1.3827,49.802,3.7776,8.7194,1.3842,33.96,3.5126,12.88,665.0,2971.0,3.2685
2017-06-19,1.3131,3.3,1.324,0.97062,23.37,0.89294,0.78148,274.21,13281,64.422,110.96,1133.82,17.9659,8.4399,1.3761,50.015,3.7615,8.701,1.3825,33.94,3.509,12.9787,661.52,2975.3,3.2655
2017-06-20,1.3153,3.3027,1.3277,0.97293,23.568,0.89638,0.7901,277.1,13293,64.512,111.38,1139.97,18.1158,8.5093,1.3817,50.109,3.7922,8.7464,1.3878,33.99,3.5362,13.102,663.65,3028.2,3.269
2017-06-21,1.3221,3.3218,1.328,0.97398,23.563,0.8971,0.78775,277.32,13308,64.502,111.43,1142.11,18.1717,8.5366,1.3817,50.285,3.8008,8.7744,1.3893,34.0,3.5266,13.0309,665.1,3056.2,3.2695
2017-06-22,1.3262,3.3274,1.3298,0.97296,23.52,0.89534,0.7894,276.86,13327,64.6,111.26,1142.41,18.161,8.4927,1.3784,50.348,3.7964,8.7459,1.3904,34.0,3.5166,13.0006,662.83,3022.6,3.2609
2017-06-23,1.3214,3.3378,1.3231,0.97118,23.536,0.89501,0.78587,276.68,13305,64.532,111.3,1137.71,18.0453,8.468,1.3734,50.226,3.7877,8.7443,1.3869,33.945,3.5116,12.9357,660.56,3018.9,3.2512
2017-06-26,1.3204,3.3306,1.324,0.97265,23.458,0.89389,0.78511,276.64,13303,64.448,111.67,1136.53,17.9145,8.473,1.374,50.193,3.764,8.726,1.3885,33.975,3.508,12.88,660.56,3015.6,3.2472
2017-06-27,1.314,3.2999,1.3207,0.96498,23.293,0.88668,0.78356,274.34,13307,64.51,111.86,1138.31,17.848,8.4412,1.3682,50.233,3.7375,8.6609,1.3855,33.95,3.5046,12.9076,663.15,3024.1,3.2488
2017-06-28,1.3175,3.3083,1.3088,0.95938,23.144,0.87912,0.77824,272.12,13327,64.557,112.11,1143.39,17.964,8.4413,1.3756,50.565,3.7253,8.596,1.3848,34.0,3.5234,13.018,663.1,3019.0,3.2408
2017-06-29,1.3027,3.2836,1.3026,0.95812,23.044,0.87619,0.77096,271.67,13333,64.587,112.67,1142.63,17.9357,8.3852,1.3713,50.562,3.7229,8.5179,1.3801,33.985,3.5173,12.9905,665.1,3042.4,3.2394
2017-06-30,1.3013,3.2948,1.2956,0.95776,22.956,0.87627,0.77053,270.74,13327,64.62,111.94,1143.15,18.0372,8.387,1.363,50.451,3.703,8.4471,1.3766,33.95,3.5168,13.074,664.43,3040.6,3.2462
2017-07-03,1.306,3.3193,1.2978,0.96253,22.992,0.87958,0.77144,272.01,13390,64.858,112.99,1148.66,18.2303,8.3618,1.3707,50.623,3.7255,8.4755,1.3817,33.98,3.5467,13.1873,661.8,3043.0,3.2557
2017-07-04,1.3144,3.3034,1.2975,0.96486,23.018,0.88082,0.77341,271.56,13366,64.738,113.25,1151.77,18.2119,8.3546,1.3736,50.509,3.737,8.5207,1.383,34.015,3.5565,13.2284,663.5,3043.8,3.2565
2017-07-05,1.3166,3.3141,1.296,0.96655,23.046,0.88269,0.77443,272.01,13381,64.797,113.55,1154.37,18.2761,8.3825,1.3748,50.683,3.7482,8.4953,1.3834,34.045,3.5847,13.3522,665.95,3082.0,3.2535
2017-07-06,1.3182,3.306,1.2936,0.96399,22.966,0.87835,0.77306,271.73,13388,64.762,113.32,1157.17,18.3794,8.3705,1.3787,50.71,3.731,8.4594,1.3833,34.08,3.6335,13.48,665.1,3094.0,3.2475
2017-07-07,1.3149,3.2936,1.2974,0.96241,22.852,0.87627,0.77539,270.22,13408,64.578,113.74,1155.01,18.1817,8.3783,1.373,50.636,3.7086,8.4258,1.3811,34.08,3.6335,13.3759,666.5,3089.0,3.2482
2017-07-10,1.3172,3.275,1.2912,0.96663,22.917,0.87819,0.7767,270.48,13399,64.495,114.15,1149.87,17.9924,8.3573,1.3755,50.874,3.7183,8.446,1.3861,34.12,3.6113,13.36,665.9,3060.8,3.2499
2017-07-11,1.3142,3.2668,1.2905,0.968,22.906,0.87681,0.77438,270.17,13391,64.59,114.3,1150.59,18.0149,8.3402,1.3843,50.691,3.7229,8.4516,1.3839,34.1,3.6327,13.555,665.84,3074.0,3.251
2017-07-12,1.3072,3.2315,1.2934,0.96314,22.805,0.87344,0.77671,268.43,13370,64.535,113.56,1145.84,17.8732,8.2704,1.3824,50.615,3.7072,8.4156,1.3813,34.035,3.597,13.395,662.7,3045.0,3.2495
2017-07-13,1.2937,3.2174,1.2756,0.96444,22.878,0.87589,0.77266,269.13,13348,64.45,113.14,1137.51,17.7989,8.2787,1.3645,50.556,3.7078,8.3586,1.3771,33.95,3.5704,13.2225,660.61,3041.8,3.2393
2017-07-14,1.2887,3.2062,1.2724,0.96811,22.843,0.87604,0.77077,268.52,13339,64.385,113.1,1134.56,17.6426,8.221,1.3688,50.611,3.6944,8.3516,1.374,33.855,3.5622,13.168,657.16,3022.1,3.2446
2017-07-17,1.277,3.1789,1.2652,0.96074,22.762,0.87245,0.76562,267.01,13313,64.345,112.42,1127.51,17.5537,8.1624,1.3631,50.678,3.6713,8.3232,1.3673,33.66,3.5344,12.9436,659.65,3029.0,3.2416
2017-07-18,1.2605,3.1695,1.259,0.95413,22.57,0.86543,0.76833,264.99,13300,64.333,112.04,1124.09,17.5067,8.0541,1.3598,50.711,3.6373,8.2785,1.3668,33.605,3.5266,12.935,654.64,3006.5,3.2376
2017-07-19,1.26,3.1589,1.2607,0.95326,22.574,0.86708,0.76723,265.69,13318,64.295,111.88,1122.23,17.4933,8.0654,1.3561,50.839,3.6527,8.2891,1.3676,33.6,3.5183,12.9104,653.4,3003.0,3.2368
2017-07-20,1.2634,3.149,1.2614,0.96117,22.673,0.8707,0.77247,266.23,13335,64.441,112.25,1124.53,17.5916,8.0975,1.361,50.873,3.6657,8.3307,1.3703,33.655,3.5396,12.9752,652.25,2995.1,3.2368
2017-07-21,1.2626,3.1116,1.2596,0.94924,22.348,0.85896,0.76971,262.3,13312,64.339,111.42,1118.63,17.5021,8.0154,1.3443,50.701,3.6389,8.2626,1.3633,33.45,3.5336,12.9341,651.12,3012.3,3.2485
2017-07-24,1.2587,3.1373,1.2521,0.94609,22.342,0.85852,0.76708,261.98,13321,64.397,110.83,1115.32,17.6837,8.0293,1.3442,50.653,3.6408,8.2317,1.3615,33.39,3.5524,12.9564,651.65,3026.0,3.2411
2017-07-25,1.2565,3.1431,1.2492,0.94604,22.245,0.85514,0.76445,261.24,13318,64.385,111.41,1116.69,17.7193,7.9558,1.3436,50.615,3.6404,8.1704,1.3597,33.43,3.5614,13.0119,649.65,3028.2,3.2467
2017-07-26,1.2639,3.1609,1.2518,0.95775,22.369,0.85881,0.7667,262.43,13318,64.358,111.87,1119.81,17.7465,7.9778,1.3464,50.625,3.6597,8.2193,1.3612,33.49,3.556,13.0538,644.0,3012.9,3.2403
2017-07-27,1.25,3.15,1.2488,0.96049,22.272,0.85514,0.76089,260.6,13320,64.155,111.44,1114.57,17.6287,7.9509,1.33,50.542,3.6378,8.1939,1.3588,33.31,3.532,12.9639,649.31,3010.6,3.2403
2017-07-28,1.256,3.1559,1.2543,0.96828,22.208,0.85259,0.76365,259.98,13334,64.162,111.15,1123.39,17.7415,7.9457,1.3381,50.479,3.6229,8.1298,1.3596,33.375,3.535,13.0285,653.11,2995.2,3.2341
2017-07-31,1.2546,3.135,1.2471,0.96862,22.238,0.85273,0.76251,259.76,13324,64.186,110.6,1122.17,17.7897,7.9347,1.3364,50.479,3.6235,8.137,1.3574,33.3,3.523,13.1079,649.1,2983.0,3.2395
2017-08-01,1.2541,3.1222,1.2476,0.96631,22.123,0.8466,0.7572,257.03,13324,64.099,110.51,1122.16,17.7802,7.9024,1.3387,50.379,3.6034,8.0903,1.3581,33.29,3.522,13.285,653.6,2966.4,3.2385
2017-08-02,1.2551,3.1275,1.2546,0.96872,22.088,0.84538,0.75598,256.88,13317,63.68,110.73,1123.87,17.9111,7.9047,1.3464,50.318,3.5962,8.1087,1.358,33.27,3.5325,13.281,650.65,2959.0,3.2355
2017-08-03,1.2599,3.1212,1.2606,0.96973,21.893,0.84317,0.76153,256.1,13325,63.677,110.38,1126.93,17.828,7.9062,1.3479,50.274,3.5857,8.1023,1.36,33.245,3.5406,13.2907,648.35,2953.3,3.2333
2017-08-04,1.2545,3.1101,1.2572,0.96849,21.965,0.8426,0.7607,256.45,13306,63.62,110.1,1124.13,17.8075,7.8883,1.3421,50.209,3.5735,8.0934,1.3563,33.245,3.5308,13.3356,650.7,2985.0,3.2445
2017-08-07,1.2638,3.126,1.268,0.97313,22.138,0.84767,0.76659,257.52,13321,63.83,110.86,1129.57,17.9317,7.9512,1.3591,50.459,3.6041,8.1525,1.3633,33.315,3.5316,13.3645,651.19,2978.1,3.2369
2017-08-08,1.2597,3.1249,1.2662,0.97156,22.135,0.84645,0.76755,257.74,13313,63.641,110.3,1125.63,17.905,7.8911,1.3574,50.476,3.602,8.1243,1.3604,33.245,3.5285,13.1651,648.55,2995.5,3.2368
2017-08-09,1.2683,3.1364,1.268,0.96266,22.3,0.85244,0.77008,259.65,13332,63.86,109.74,1138.68,17.9567,7.9616,1.3648,50.667,3.6374,8.2013,1.3629,33.25,3.5392,13.4815,647.87,3000.0,3.2438
2017-08-10,1.269,3.1558,1.272,0.96667,22.295,0.85237,0.76972,260.29,13357,64.105,109.75,1143.21,17.9466,7.9573,1.3759,50.773,3.6411,8.1555,1.3638,33.26,3.5341,13.36,648.4,2997.5,3.249
2017-08-11,1.2717,3.1771,1.2712,0.96218,22.231,0.84998,0.77046,259.59,13364,64.17,109.15,1144.47,17.9949,7.9877,1.3726,51.027,3.6454,8.1669,1.3644,33.24,3.5499,13.4926,646.07,2973.1,3.242
2017-08-14,1.2703,3.1802,1.2694,0.96821,22.14,0.84767,0.77083,258.03,13355,64.117,109.59,1139.65,17.7571,7.9239,1.3704,51.164,3.6294,8.1093,1.3616,33.26,3.5236,13.2713,648.25,2965.9,3.2376
2017-08-15,1.2755,3.1965,1.2738,0.97216,22.26,0.8515,0.7761,258.98,13364,64.12,110.41,1137.97,17.8338,7.9647,1.3727,51.396,3.6436,8.0752,1.366,33.285,3.5301,13.3259,648.25,2961.2,3.2435
2017-08-16,1.2727,3.1707,1.2731,0.97404,22.241,0.85397,0.77705,259.65,13370,64.19,110.84,1140.03,17.7771,7.9518,1.3792,51.363,3.6506,8.0974,1.3682,33.28,3.5285,13.2344,644.63,2964.3,3.237
2017-08-17,1.2615,3.162,1.2625,0.967,22.238,0.85492,0.77708,259.94,13354,64.17,110.12,1138.71,17.7139,7.9715,1.369,51.336,3.6398,8.1293,1.366,33.25,3.522,13.2021,646.22,2984.9,3.2358
2017-08-18,1.2632,3.1674,1.2657,0.96141,22.239,0.85179,0.77673,258.57,13364,64.145,109.05,1141.39,17.8842,7.9372,1.3658,51.56,3.6463,8.1235,1.3641,33.21,3.5244,13.2246,646.08,2984.9,3.2383
2017-08-21,1.261,3.1496,1.2597,0.96607,22.18,0.85027,0.77645,258.0,13352,64.143,108.98,1138.97,17.7128,7.8992,1.3666,51.419,3.6339,8.0923,1.3625,33.255,3.5068,13.205,642.16,2982.1,3.2353
2017-08-22,1.2647,3.152,1.2578,0.96542,22.159,0.84955,0.77914,258.01,13343,64.1,109.36,1134.26,17.6629,7.9027,1.3733,51.253,3.6376,8.1038,1.362,33.24,3.4976,13.2025,640.18,2982.9,3.2322
2017-08-23,1.2659,3.1625,1.2584,0.96551,22.141,0.84753,0.78085,257.1,13350,64.08,109.09,1131.61,17.8057,7.893,1.3844,51.229,3.6315,8.0901,1.3621,33.36,3.5035,13.265,639.9,2980.0,3.2335
2017-08-24,1.2664,3.1436,1.2522,0.96349,22.106,0.84703,0.77926,257.64,13340,64.032,109.32,1127.72,17.6605,7.8422,1.3852,51.08,3.6214,8.0568,1.3612,33.34,3.4797,13.2082,637.66,2958.3,3.2395
2017-08-25,1.2635,3.1373,1.2508,0.9646,22.09,0.84688,0.77984,258.03,13345,64.023,109.75,1123.86,17.6524,7.8149,1.3858,51.09,3.6076,8.0499,1.3597,33.31,3.479,13.168,634.12,2921.8,3.2333
2017-08-28,1.2585,3.1504,1.2466,0.95505,21.888,0.83857,0.77424,254.94,13336,63.904,109.3,1119.97,17.6587,7.7669,1.3801,51.02,3.5707,7.9795,1.3548,33.2,3.4434,13.045,628.15,2945.5,3.2365
2017-08-29,1.2542,3.1628,1.2481,0.94505,21.698,0.83001,0.77162,253.42,13351,64.022,108.62,1123.67,17.8619,7.7121,1.3724,51.033,3.5422,7.9153,1.3515,33.17,3.4421,12.975,625.5,2932.0,3.2375
2017-08-30,1.2602,3.1695,1.2555,0.95854,21.857,0.83921,0.77414,256.53,13347,64.025,110.15,1123.16,17.8642,7.7916,1.3828,51.225,3.5749,7.9804,1.3567,33.23,3.4605,13.055,631.65,2952.0,3.2294
2017-08-31,1.2699,3.1636,1.266,0.96795,22.073,0.84567,0.77778,259.31,13346,63.932,110.62,1125.77,17.83,7.8469,1.4014,51.236,3.601,8.0184,1.361,33.19,3.4726,13.0713,624.7,2946.1,3.2337
2017-09-01,1.2602,3.1395,1.2441,0.95982,21.877,0.83893,0.77244,255.95,13318,64.034,110.14,1120.27,17.8364,7.7647,1.3958,51.091,3.5576,7.9512,1.3545,33.17,3.438,12.935,624.75,2929.0,3.2375
2017-09-04,1.2566,3.1398,1.241,0.9575,21.892,0.83998,0.77157,257.05,13331,64.04,109.7,1129.84,17.858,7.8062,1.3934,51.199,3.562,7.9574,1.3566,33.15,3.4293,12.9439,623.93,2928.1,3.2348
2017-09-05,1.2533,3.1177,1.239,0.95938,21.932,0.84104,0.77157,257.69,13334,64.128,109.33,1130.06,17.8452,7.8039,1.3903,51.139,3.5627,7.9638,1.3553,33.18,3.4444,12.9433,623.0,2924.2,3.2325
2017-09-06,1.254,3.1133,1.2394,0.95541,21.886,0.83815,0.76631,256.62,13329,64.112,108.89,1134.81,17.8476,7.7751,1.3853,51.05,3.555,7.9633,1.3522,33.16,3.4402,12.9046,617.72,2911.7,3.2335
2017-09-07,1.2468,3.099,1.2185,0.9533,21.814,0.83535,0.76354,255.36,13301,64.015,108.88,1128.45,17.7354,7.7636,1.388,50.768,3.5446,7.9578,1.3442,33.065,3.416,12.8112,613.4,2900.3,3.2293
2017-09-08,1.2339,3.0892,1.2087,0.94569,21.641,0.82919,0.75678,254.11,13163,63.784,107.38,1130.61,17.6932,7.7192,1.3683,50.809,3.5269,7.9095,1.337,33.1,3.4155,12.8627,619.54,2902.1,3.2277
2017-09-11,1.2432,3.0889,1.2121,0.95057,21.736,0.83354,0.75665,255.3,13162,63.911,108.68,1131.75,17.6828,7.8111,1.3755,50.838,3.5376,7.9774,1.3444,33.13,3.3991,12.9313,622.45,2921.0,3.2295
2017-09-12,1.2442,3.1105,1.2132,0.95902,21.876,0.83801,0.75319,257.36,13200,64.056,109.72,1128.01,17.7072,7.8432,1.3696,50.922,3.5657,7.9909,1.347,33.12,3.4315,12.9724,622.16,2906.8,3.2281
2017-09-13,1.2446,3.1322,1.214,0.95968,21.789,0.83479,0.75334,257.13,13202,64.0,110.02,1126.94,17.7669,7.8456,1.3733,50.97,3.5728,7.9702,1.3455,33.09,3.442,13.1142,625.8,2909.3,3.2343
2017-09-14,1.2517,3.138,1.2201,0.96727,21.963,0.8414,0.74988,259.39,13267,64.123,110.69,1132.07,17.7728,7.9049,1.3861,51.317,3.6048,8.0223,1.3507,33.12,3.461,13.177,623.58,2893.7,3.2333
2017-09-15,1.2464,3.1227,1.2137,0.95963,21.801,0.83591,0.73596,258.22,13257,64.083,111.11,1131.01,17.6678,7.8031,1.3715,51.246,3.5744,7.946,1.3433,33.08,3.4389,13.175,623.5,2894.0,3.249
2017-09-18,1.251,3.1138,1.2204,0.95949,21.837,0.83696,0.73864,259.35,13255,64.138,111.39,1127.28,17.6825,7.818,1.3727,51.153,3.5892,7.9633,1.3461,33.09,3.46,13.215,624.95,2904.3,3.2398
2017-09-19,1.2503,3.1264,1.229,0.9635,21.803,0.83528,0.74024,257.98,13270,64.331,111.46,1128.94,17.7497,7.8032,1.3697,50.984,3.5738,7.957,1.3491,33.08,3.4885,13.3182,625.25,2896.6,3.2413
2017-09-20,1.2402,3.1298,1.2244,0.96044,21.73,0.83285,0.73857,256.8,13281,64.292,111.29,1127.21,17.7521,7.7821,1.3556,50.901,3.5624,7.94,1.3432,33.07,3.4681,13.2471,621.5,2888.0,3.2435
2017-09-21,1.2601,3.1376,1.2358,0.97312,21.909,0.83998,0.7412,260.91,13347,64.805,112.44,1133.53,17.8286,7.8139,1.3665,51.02,3.5955,7.9912,1.3524,33.13,3.5091,13.3464,624.2,2913.0,3.2465
2017-09-22,1.255,3.1318,1.2269,0.96882,21.776,0.83605,0.73702,258.95,13300,64.795,112.04,1130.99,17.7995,7.7914,1.3658,50.608,3.5676,7.9724,1.3455,33.09,3.495,13.2396,625.0,2901.1,3.2433
2017-09-25,1.257,3.1287,1.2328,0.9743,21.937,0.84267,0.74103,261.44,13317,65.108,112.24,1131.99,17.804,7.8137,1.3737,50.69,3.5966,8.0328,1.3509,33.11,3.5226,13.2754,628.77,2923.8,3.2555
2017-09-26,1.2678,3.1644,1.2391,0.97158,22.106,0.84839,0.74468,263.65,13392,65.491,111.98,1138.16,17.9706,7.8767,1.3887,50.919,3.6332,8.0999,1.3547,33.205,3.5411,13.3477,634.4,2919.0,3.27
2017-09-27,1.2737,3.1818,1.2396,0.9753,22.183,0.85172,0.74581,265.01,13440,65.712,112.94,1142.24,18.0939,7.9512,1.3887,51.009,3.6647,8.1667,1.3597,33.31,3.5689,13.5476,637.8,2934.8,3.2702
2017-09-28,1.2781,3.1825,1.2467,0.973,22.11,0.84904,0.74406,264.1,13493,65.474,112.55,1146.33,18.1661,7.9449,1.3893,50.941,3.6612,8.1338,1.3593,33.39,3.5655,13.5158,635.76,2941.4,3.2648
2017-09-29,1.2769,3.1878,1.244,0.97044,22.007,0.84703,0.74689,263.15,13458,65.28,112.5,1145.04,18.178,7.9726,1.3852,50.864,3.6458,8.173,1.3579,33.32,3.5586,13.505,639.5,2931.7,3.2604
2017-10-02,1.2803,3.1739,1.2511,0.97062,22.135,0.8515,0.75288,265.19,13567,65.307,112.82,1146.05,18.3183,7.9845,1.391,51.114,3.6727,8.1791,1.3627,33.44,3.582,13.636,638.4,2948.0,3.2708
2017-10-03,1.2796,3.156,1.2501,0.97413,22.064,0.85085,0.75549,265.51,13543,65.504,112.97,1144.34,18.2668,7.9882,1.3932,51.15,3.6673,8.1405,1.3627,33.42,3.5835,13.7159,632.58,2950.3,3.2582
2017-10-04,1.2714,3.133,1.2453,0.97192,21.961,0.84839,0.7531,264.02,13454,65.022,112.39,1139.11,18.1446,7.9353,1.3916,50.964,3.6456,8.0958,1.3594,33.32,3.5646,13.56,631.07,2932.2,3.2542
2017-10-05,1.2787,3.1317,1.2481,0.97701,22.004,0.85164,0.75927,265.22,13459,65.147,112.46,1139.2,18.2345,7.9629,1.3978,51.055,3.6621,8.1072,1.3625,33.35,3.5688,13.628,628.44,2925.0,3.2572
2017-10-06,1.2864,3.1605,1.2575,0.98001,22.052,0.85419,0.7648,265.96,13513,65.383,112.95,1142.15,18.4975,8.0055,1.4104,51.232,3.6763,8.1505,1.3664,33.46,3.6171,13.7264,632.62,2934.4,3.2637
2017-10-09,1.2891,3.1643,1.2541,0.9788,22.044,0.85135,0.75936,265.89,13534,65.352,112.69,1143.46,18.631,7.9847,1.4122,51.242,3.6674,8.1175,1.3633,33.385,3.715,13.7911,633.7,2946.3,3.2705
2017-10-10,1.2846,3.1684,1.2499,0.97669,21.955,0.84767,0.7579,263.33,13489,65.247,112.36,1132.7,18.5717,7.9465,1.4146,51.477,3.6391,8.0754,1.3564,33.26,3.6776,13.6886,629.25,2956.0,3.2625
2017-10-11,1.2837,3.1712,1.2509,0.97413,21.876,0.84531,0.75833,261.99,13523,65.145,112.19,1131.95,18.7802,7.9281,1.4136,51.448,3.6222,8.0569,1.3562,33.185,3.6633,13.5693,626.2,2950.2,3.2555
2017-10-12,1.2799,3.1759,1.247,0.97436,21.838,0.84345,0.76109,260.78,13509,65.03,112.28,1131.8,18.7331,7.8948,1.4065,51.536,3.6041,8.0873,1.3542,33.111,3.663,13.503,623.88,2938.8,3.2482
2017-10-13,1.2769,3.1767,1.2499,0.97655,21.857,0.84674,0.75343,261.34,13496,64.955,112.18,1129.45,18.9568,7.9077,1.4006,51.423,3.6033,8.1329,1.3559,33.12,3.66,13.3825,622.71,2929.3,3.2448
2017-10-16,1.2705,3.1606,1.2539,0.97551,21.833,0.84724,0.75195,260.55,13482,64.743,111.83,1126.91,19.057,7.8906,1.3912,51.257,3.5904,8.1238,1.3519,33.06,3.641,13.316,618.64,2930.1,3.2384
2017-10-17,1.2751,3.177,1.2536,0.97831,21.884,0.85041,0.75813,261.37,13505,65.031,112.2,1129.47,19.0773,7.9309,1.3926,51.338,3.5971,8.1481,1.3566,33.12,3.6611,13.4346,621.28,2947.0,3.24
2017-10-18,1.2775,3.1661,1.2529,0.98315,21.878,0.85114,0.75992,262.38,13516,65.052,112.88,1131.4,18.8365,7.9645,1.4034,51.476,3.5983,8.1662,1.3586,33.16,3.679,13.533,624.85,2921.0,3.2347
2017-10-19,1.2703,3.174,1.2458,0.97524,21.738,0.84502,0.75896,260.7,13515,65.028,112.54,1131.62,18.8203,7.9593,1.4248,51.431,3.5822,8.1498,1.3568,33.125,3.661,13.5442,624.65,2917.0,3.2293
2017-10-20,1.2739,3.1747,1.2494,0.9813,21.738,0.84617,0.75836,260.73,13510,65.01,113.17,1130.54,18.8932,7.9662,1.4288,51.502,3.5846,8.1609,1.3584,33.16,3.663,13.6841,628.1,2931.0,3.233
2017-10-23,1.2792,3.1936,1.2636,0.98646,21.841,0.85179,0.75886,262.4,13534,65.022,113.79,1129.81,18.9881,7.9968,1.4342,51.497,3.6002,8.2147,1.3625,33.19,3.6956,13.6892,633.2,2950.6,3.235
2017-10-24,1.2853,3.2329,1.2648,0.98742,21.752,0.85027,0.75931,262.33,13551,65.113,113.89,1128.99,19.1174,7.9826,1.4461,51.697,3.6054,8.203,1.3624,33.19,3.72,13.723,632.2,2976.0,3.231
2017-10-25,1.2967,3.2358,1.2697,0.99194,21.713,0.84854,0.7542,263.18,13572,64.925,114.05,1124.63,19.1795,8.0087,1.4529,51.794,3.594,8.2188,1.3616,33.18,3.731,13.8286,629.0,2996.5,3.2296
2017-10-26,1.2974,3.2358,1.2798,0.99362,21.772,0.85085,0.75734,264.03,13598,64.86,113.8,1123.47,19.0317,8.0716,1.4565,51.85,3.6033,8.2718,1.3622,33.16,3.7725,14.2423,634.16,3014.0,3.2369
2017-10-27,1.3094,3.2996,1.2892,1.0023,22.122,0.8617,0.76375,268.19,13631,65.06,114.19,1128.3,19.2598,8.2161,1.4627,51.852,3.6589,8.3921,1.37,33.3,3.8226,14.2055,634.81,3009.0,3.2411
2017-10-30,1.3045,3.2544,1.2847,0.99922,22.085,0.86118,0.75766,267.83,13575,64.895,113.53,1124.71,19.0975,8.1674,1.4592,51.739,3.6542,8.3612,1.3638,33.24,3.7764,14.0683,639.1,3021.0,3.2448
2017-10-31,1.3069,3.2702,1.2892,0.99863,22.056,0.85925,0.75488,267.78,13565,64.75,113.42,1118.32,19.1579,8.1834,1.4612,51.594,3.6467,8.3704,1.3628,33.21,3.7948,14.1212,635.95,3039.8,3.2485
2017-11-01,1.3035,3.2854,1.2906,1.0024,22.009,0.86118,0.75254,268.47,13584,64.6,114.19,1112.22,19.1836,8.1476,1.4525,51.677,3.6461,8.3995,1.3614,33.16,3.8231,14.1159,634.51,3063.0,3.2612
2017-11-02,1.2982,3.2672,1.2847,1.0002,21.928,0.85874,0.76161,266.98,13528,64.602,114.13,1112.01,19.0915,8.1441,1.4484,51.469,3.639,8.3826,1.3605,33.12,3.823,13.987,628.8,3026.0,3.2333
2017-11-03,1.3026,3.2609,1.2722,0.99811,22.006,0.85785,0.76283,266.18,13493,64.523,113.94,1114.13,18.9946,8.1361,1.4409,51.149,3.6358,8.3994,1.36,33.12,3.8541,14.1268,634.35,3035.0,3.2435
2017-11-06,1.3046,3.2937,1.2758,1.0003,22.098,0.86281,0.76264,268.46,13516,64.673,114.14,1112.04,19.1027,8.1432,1.4493,51.096,3.659,8.4282,1.3646,33.165,3.8667,14.2017,632.44,3035.2,3.2337
2017-11-07,1.307,3.2712,1.2767,0.99957,22.134,0.8649,0.76144,268.98,13528,64.995,114.19,1111.55,19.0893,8.177,1.4459,51.398,3.6668,8.4279,1.3641,33.13,3.8638,14.172,633.85,3033.0,3.2384
2017-11-08,1.3023,3.2495,1.2729,0.99922,22.053,0.86281,0.76277,269.07,13518,64.987,113.49,1113.31,19.0699,8.1734,1.443,51.241,3.6532,8.3941,1.362,33.11,3.887,14.1861,631.5,3017.0,3.2425
2017-11-09,1.3021,3.2469,1.2708,0.99647,21.95,0.85985,0.76211,268.34,13525,64.97,113.28,1117.72,19.1247,8.1285,1.4372,51.244,3.6411,8.371,1.3602,33.1,3.866,14.2138,629.93,3008.3,3.2404
2017-11-10,1.304,3.2679,1.267,0.99459,21.918,0.85807,0.75828,267.72,13545,65.162,113.33,1119.32,19.0698,8.114,1.4398,51.238,3.6303,8.3602,1.3604,33.13,3.8697,14.38,631.1,3006.0,3.2405
2017-11-13,1.3089,3.2912,1.2705,0.99442,21.935,0.85793,0.76371,267.71,13565,65.452,113.31,1119.6,19.173,8.1428,1.4479,51.239,3.6332,8.3824,1.3613,33.06,3.888,14.558,629.37,3006.0,3.2394
2017-11-14,1.3079,3.277,1.2714,0.99132,21.768,0.85143,0.76275,265.62,13554,65.402,113.49,1114.91,19.0949,8.1671,1.4553,51.145,3.6084,8.421,1.3604,33.06,3.872,14.3833,631.15,3011.9,3.2388
2017-11-15,1.316,3.2508,1.2756,0.98606,21.68,0.84459,0.75938,263.61,13535,65.215,112.71,1103.22,19.163,8.2356,1.4481,50.825,3.5872,8.423,1.3558,33.02,3.8834,14.376,632.31,3023.7,3.2519
2017-11-16,1.3174,3.2775,1.2764,0.99278,21.714,0.84955,0.75765,265.5,13524,65.322,113.09,1097.26,19.142,8.2026,1.4616,50.791,3.597,8.3993,1.3568,32.96,3.8625,14.2766,629.68,3010.5,3.2415
2017-11-17,1.3253,3.2775,1.2762,0.99161,21.694,0.84782,0.75782,264.16,13528,65.012,112.61,1096.3,19.042,8.2376,1.4728,50.828,3.5898,8.4309,1.3563,32.83,3.8869,14.0131,625.92,2996.3,3.2368
2017-11-20,1.3235,3.2585,1.2788,0.99109,21.703,0.84882,0.75494,265.21,13524,65.103,112.13,1095.92,18.9704,8.2589,1.4636,50.727,3.5915,8.453,1.3557,32.77,3.9225,14.055,636.5,3007.0,3.2338
2017-11-21,1.3198,3.2605,1.2806,0.99343,21.79,0.85339,0.75523,267.05,13527,64.917,112.54,1089.5,18.9478,8.2685,1.4662,50.636,3.609,8.4889,1.355,32.775,3.9515,14.08,634.15,2993.0,3.236
2017-11-22,1.3195,3.2588,1.2741,0.98808,21.678,0.85114,0.75589,266.87,13516,64.9,112.02,1089.6,18.8084,8.2324,1.4625,50.642,3.588,8.4108,1.352,32.74,3.9626,13.8812,633.25,2972.0,3.2323
2017-11-23,1.3109,3.2413,1.2681,0.98017,21.491,0.84402,0.75122,264.22,13482,64.578,111.23,1084.19,18.647,8.1358,1.4516,50.531,3.5554,8.3086,1.346,32.675,3.918,13.8763,634.6,2975.8,3.2365
2017-11-24,1.3122,3.2314,1.2708,0.98089,21.397,0.84196,0.75036,262.55,13519,64.68,111.34,1083.91,18.6158,8.134,1.4529,50.64,3.5454,8.305,1.346,32.67,3.9426,13.9937,633.44,2977.8,3.2336
2017-11-27,1.3099,3.2266,1.2681,0.98042,21.278,0.83668,0.74778,260.41,13502,64.502,111.02,1087.23,18.5132,8.1604,1.4479,50.248,3.5213,8.3049,1.344,32.62,3.912,13.7285,637.33,2999.9,3.2318
2017-11-28,1.3138,3.2206,1.2793,0.9825,21.419,0.84118,0.75318,261.6,13504,64.418,111.24,1080.44,18.5372,8.1973,1.4432,50.314,3.5388,8.3328,1.3445,32.57,3.927,13.7401,640.66,2991.2,3.2287
2017-11-29,1.3213,3.2076,1.2832,0.98622,21.539,0.84552,0.74654,263.46,13504,64.312,111.81,1077.93,18.5237,8.2362,1.4493,50.218,3.5517,8.3834,1.3465,32.54,3.9565,13.6769,643.46,3002.0,3.23
2017-11-30,1.3215,3.2634,1.2885,0.98734,21.513,0.84395,0.74255,263.96,13533,64.468,112.31,1086.39,18.5703,8.3043,1.4616,50.324,3.5408,8.3727,1.3491,32.613,3.936,13.6098,647.0,3011.0,3.229
2017-12-01,1.3204,3.2666,1.2874,0.98368,21.476,0.8414,0.7414,264.03,13532,64.497,112.49,1083.27,18.674,8.309,1.4597,50.377,3.5447,8.3708,1.3474,32.63,3.9308,13.7069,647.3,2996.3,3.2303
2017-12-04,1.3135,3.2497,1.2671,0.98314,21.54,0.84282,0.73936,263.87,13516,64.399,112.86,1085.48,18.6279,8.3159,1.4565,50.656,3.542,8.3974,1.3478,32.61,3.899,13.63,647.5,2987.0,3.228
2017-12-05,1.3094,3.2238,1.2633,0.98531,21.654,0.8441,0.74435,265.01,13513,64.406,112.58,1086.23,18.6376,8.2914,1.4513,50.627,3.5469,8.4139,1.3466,32.604,3.8679,13.512,652.88,2991.1,3.2328
2017-12-06,1.3172,3.232,1.2662,0.98824,21.694,0.84624,0.74752,266.1,13546,64.52,112.14,1092.92,18.789,8.2572,1.4505,50.682,3.5662,8.4002,1.3476,32.63,3.8495,13.5269,653.48,3005.0,3.2303
2017-12-07,1.3306,3.2941,1.2838,0.9927,21.73,0.84846,0.74723,267.13,13548,64.577,112.74,1092.78,18.936,8.2728,1.4638,50.608,3.5745,8.4471,1.3504,32.63,3.865,13.6515,655.0,3009.2,3.2333
2017-12-08,1.3303,3.2733,1.2836,0.99676,21.764,0.85164,0.7454,267.84,13550,64.451,113.49,1094.64,18.9235,8.3176,1.4612,50.533,3.5786,8.4968,1.3532,32.67,3.8464,13.6596,655.4,3008.0,3.2335
2017-12-11,1.3288,3.2769,1.2859,0.99008,21.703,0.84774,0.74813,266.15,13546,64.412,113.31,1089.87,18.9081,8.3778,1.4453,50.349,3.5633,8.491,1.351,32.63,3.822,13.6163,655.75,3012.0,3.2335
2017-12-12,1.3208,3.319,1.2832,0.99193,21.754,0.84991,0.7485,267.15,13602,64.397,113.5,1088.96,19.0864,8.3499,1.4411,50.465,3.5733,8.442,1.3514,32.61,3.828,13.6118,653.48,3024.2,3.2272
2017-12-13,1.321,3.3152,1.286,0.99242,21.856,0.85208,0.74902,267.86,13607,64.432,113.32,1090.72,19.2076,8.3719,1.4388,50.487,3.5912,8.4407,1.3526,32.58,3.855,13.622,645.76,3008.2,3.2288
2017-12-14,1.3045,3.3372,1.2829,0.98658,21.693,0.84424,0.74431,265.15,13573,64.37,112.61,1088.0,19.1,8.2552,1.4296,50.572,3.5644,8.3992,1.3466,32.507,3.8713,13.469,638.1,2991.0,3.2383
2017-12-15,1.3029,3.3179,1.2765,0.9884,21.75,0.84703,0.74753,265.48,13577,64.042,112.19,1088.2,19.1665,8.2863,1.4233,50.422,3.5717,8.4349,1.3465,32.505,3.8627,13.3668,636.0,2993.0,3.2921
2017-12-18,1.305,3.2839,1.2874,0.98788,21.776,0.84782,0.74784,265.93,13589,64.234,112.47,1087.1,19.0521,8.3572,1.4274,50.488,3.5668,8.4432,1.3484,32.64,3.8366,12.8581,621.5,2975.0,3.2762
2017-12-19,1.3031,3.287,1.2862,0.98478,21.705,0.84581,0.74854,264.82,13582,64.029,112.69,1083.72,19.0409,8.3629,1.4265,50.249,3.5518,8.4165,1.3465,32.695,3.831,12.7343,622.5,2965.0,3.2772
2017-12-20,1.3024,3.2886,1.285,0.98793,21.675,0.84424,0.74563,264.04,13578,64.118,113.26,1081.97,19.2461,8.3312,1.4327,50.234,3.5493,8.3688,1.3457,32.75,3.83,12.673,619.63,2955.0,3.2629
2017-12-21,1.3029,3.3067,1.2804,0.9887,21.684,0.84324,0.74849,263.39,13549,64.026,113.49,1080.88,19.3102,8.4103,1.4277,50.194,3.5414,8.4193,1.3451,32.75,3.821,12.721,620.18,2962.3,3.2632
2017-12-22,1.2957,3.3198,1.2703,0.99004,21.724,0.84367,0.74722,263.07,13559,64.039,113.36,1076.81,19.5107,8.3492,1.4261,50.099,3.5413,8.3799,1.3439,32.76,3.8176,12.7045,621.86,2956.0,3.2312
2017-12-27,1.2876,3.2952,1.2634,0.98966,21.723,0.84069,0.74479,261.45,13554,64.155,113.24,1074.17,19.7747,8.2896,1.4145,49.962,3.5211,8.2999,1.3398,32.81,3.823,12.4513,615.84,2973.3,3.2395
2017-12-28,1.2846,3.3095,1.261,0.98073,21.489,0.83794,0.74382,260.01,13562,64.08,112.9,1069.52,19.664,8.268,1.4124,49.909,3.5033,8.2497,1.338,32.62,3.8092,12.345,614.4,2982.0,3.2352
2017-12-29,1.2796,3.3127,1.254,0.97574,21.292,0.83382,0.73979,258.76,13540,63.876,112.57,1066.96,19.729,8.205,1.405,49.858,3.4829,8.208,1.3361,32.62,3.7909,12.345,614.65,2981.0,3.2365
2018-01-02,1.2775,3.2743,1.2539,0.97124,21.131,0.82884,0.73728,255.77,13482,63.489,112.18,1062.24,19.5218,8.1018,1.4053,49.84,3.4507,8.1461,1.3287,32.42,3.758,12.3498,605.9,2929.8,3.2283
2018-01-03,1.2758,3.2634,1.2515,0.97613,21.247,0.83174,0.73725,257.25,13455,63.5,112.26,1065.78,19.4494,8.1045,1.4091,49.894,3.4644,8.1718,1.3298,32.529,3.768,12.38,606.8,2900.8,3.2165
2018-01-04,1.2763,3.2375,1.2527,0.97497,21.148,0.82884,0.73852,255.72,13420,63.405,112.66,1063.52,19.3303,8.0941,1.4055,49.782,3.4443,8.1409,1.3297,32.22,3.7602,12.3063,604.95,2884.0,3.208
2018-01-05,1.2753,3.2426,1.251,0.97609,21.249,0.83022,0.73792,256.35,13420,63.37,113.28,1063.68,19.3665,8.0878,1.3978,49.867,3.4499,8.1626,1.3278,32.19,3.7465,12.3608,604.9,2905.3,3.2085
2018-01-08,1.277,3.2427,1.2428,0.97795,21.318,0.83521,0.73844,257.95,13434,63.508,113.04,1067.29,19.2784,8.0834,1.395,50.192,3.4797,8.1989,1.3327,32.21,3.749,12.4383,605.37,2906.3,3.2135
2018-01-09,1.2774,3.2326,1.2425,0.98282,21.4,0.83808,0.73978,259.27,13442,63.713,112.56,1068.4,19.2181,8.1055,1.3913,50.28,3.5028,8.2373,1.3352,32.25,3.7582,12.3483,607.74,2908.3,3.2166
2018-01-10,1.2749,3.2482,1.2451,0.97774,21.323,0.83389,0.73941,258.44,13431,63.595,111.42,1068.17,19.2879,8.0427,1.3888,50.554,3.4868,8.1813,1.3326,32.11,3.7982,12.4428,608.4,2881.5,3.2171
2018-01-11,1.2716,3.2336,1.256,0.97662,21.259,0.83215,0.74124,257.49,13399,63.688,111.67,1067.1,19.3934,8.0498,1.3858,50.419,3.4772,8.172,1.3319,32.005,3.7986,12.461,605.36,2852.1,3.2141
2018-01-12,1.2702,3.2099,1.2519,0.97116,21.027,0.82393,0.73315,254.38,13331,63.601,111.13,1062.49,19.1118,7.9583,1.3781,50.378,3.4376,8.1033,1.3268,31.97,3.756,12.3985,603.25,2854.0,3.2125
2018-01-15,1.2571,3.196,1.2432,0.96107,20.796,0.81453,0.72528,251.61,13307,63.517,110.62,1063.57,18.832,7.8772,1.3707,50.3,3.3955,8.0097,1.3214,31.925,3.7828,12.3022,602.6,2859.6,3.2095
2018-01-16,1.2575,3.2137,1.2424,0.96443,20.863,0.81766,0.72657,252.45,13338,64.047,110.71,1064.92,18.7727,7.8747,1.3743,50.645,3.4107,8.0317,1.3234,31.98,3.797,12.2625,605.15,2863.0,3.2058
2018-01-17,1.2549,3.2367,1.2444,0.96484,20.853,0.81947,0.72579,253.03,13359,63.928,110.8,1068.3,18.7978,7.8849,1.3767,50.821,3.4183,8.0656,1.3237,31.96,3.8232,12.335,606.54,2838.4,3.2055
2018-01-18,1.2514,3.2138,1.2447,0.9602,20.732,0.81733,0.72095,252.15,13343,63.85,111.21,1067.93,18.649,7.8474,1.3698,50.73,3.4054,8.0347,1.322,31.92,3.7903,12.2628,605.31,2843.0,3.2118
2018-01-19,1.2486,3.2078,1.2441,0.95945,20.753,0.81599,0.72105,252.31,13314,63.843,110.6,1066.44,18.6177,7.8534,1.3734,50.704,3.404,8.0239,1.3201,31.88,3.799,12.2034,607.39,2842.1,3.2111
2018-01-22,1.249,3.1933,1.2477,0.96119,20.753,0.81706,0.71971,253.0,13352,63.912,110.84,1070.33,18.6339,7.862,1.3692,50.893,3.4077,8.035,1.3196,31.86,3.8036,12.1,604.72,2849.4,3.2083
2018-01-23,1.2544,3.2209,1.2482,0.96163,20.739,0.81639,0.71704,253.19,13344,63.775,110.5,1075.88,18.8277,7.8684,1.3652,51.025,3.404,8.0368,1.3195,31.83,3.7795,12.1276,608.99,2854.0,3.2142
2018-01-24,1.2395,3.1928,1.2329,0.95005,20.542,0.80959,0.70582,250.17,13318,63.693,109.4,1064.87,18.5427,7.7943,1.3501,50.834,3.3649,7.9601,1.31,31.6,3.7454,11.9659,602.33,2810.7,3.2085
2018-01-25,1.2378,3.1485,1.2323,0.9414,20.457,0.806,0.70152,249.34,13293,63.565,108.91,1059.41,18.442,7.7261,1.3559,50.93,3.3424,7.9139,1.3059,31.42,3.7406,11.8976,599.78,2789.3,3.2098
2018-01-26,1.2367,3.148,1.2323,0.93535,20.39,0.80412,0.70228,249.12,13315,63.61,109.32,1064.39,18.5486,7.6918,1.3624,51.055,3.3308,7.8807,1.3074,31.39,3.75,11.8915,602.3,2812.0,3.2115
2018-01-29,1.2361,3.1674,1.2335,0.93408,20.435,0.80782,0.7104,249.89,13399,63.58,108.85,1070.15,18.6057,7.7186,1.3637,51.411,3.3473,7.9023,1.3103,31.44,3.777,11.9763,603.24,2835.9,3.2107
2018-01-30,1.2354,3.1624,1.2321,0.93302,20.393,0.80509,0.70791,249.88,13389,63.648,108.67,1070.16,18.6209,7.6989,1.3636,51.327,3.337,7.8758,1.3107,31.41,3.7705,11.9136,606.64,2851.3,3.212
2018-01-31,1.2328,3.1603,1.2274,0.93369,20.287,0.80276,0.70571,249.38,13376,63.563,108.85,1065.29,18.6449,7.676,1.3489,51.274,3.3317,7.8386,1.3075,31.31,3.7515,11.8664,602.15,2829.4,3.2135
2018-02-01,1.2495,3.1694,1.2319,0.93129,20.28,0.80263,0.70246,248.86,13418,64.023,109.66,1071.08,18.5657,7.6816,1.36,51.633,3.3344,7.8682,1.3125,31.36,3.7464,11.8986,597.25,2793.8,3.2068
2018-02-02,1.2512,3.2015,1.2317,0.92827,20.167,0.80051,0.70325,247.75,13466,64.057,109.85,1084.83,18.4566,7.6579,1.3577,51.625,3.3254,7.8629,1.3136,31.4,3.746,11.9741,602.75,2838.0,3.2165
2018-02-05,1.2592,3.2294,1.2434,0.9324,20.254,0.80386,0.71196,248.87,13495,64.103,109.86,1087.33,18.5884,7.7257,1.3686,51.583,3.3428,7.905,1.3173,31.53,3.76,12.0285,602.46,2840.5,3.2333
2018-02-06,1.2757,3.2753,1.2562,0.93852,20.466,0.8111,0.72094,251.97,13575,64.273,109.47,1086.78,18.8109,7.868,1.3752,51.54,3.3777,8.0043,1.3232,31.585,3.7835,12.0625,598.95,2828.8,3.2388
2018-02-07,1.2712,3.2477,1.2518,0.941,20.449,0.8105,0.71871,251.1,13559,64.245,109.29,1082.61,18.6797,7.8309,1.3695,51.253,3.3713,7.9904,1.3204,31.59,3.7835,11.9663,598.94,2849.4,3.2458
2018-02-08,1.2809,3.2675,1.2571,0.94311,20.606,0.81619,0.71428,253.8,13648,64.293,109.62,1089.92,18.7675,7.9056,1.3848,51.672,3.4031,8.0777,1.3294,31.84,3.8117,12.0802,602.8,2873.0,3.263
2018-02-09,1.2809,3.2791,1.2609,0.93702,20.643,0.8148,0.72305,254.28,13659,64.372,108.85,1088.72,18.8161,7.9836,1.3812,51.596,3.4142,8.103,1.3298,31.8,3.8271,12.121,604.25,2935.0,3.2699
2018-02-12,1.2758,3.2957,1.258,0.93802,20.678,0.81546,0.7225,254.4,13637,64.335,108.64,1083.18,18.6219,7.9487,1.3796,51.969,3.4044,8.089,1.3256,31.7,3.804,11.9645,597.75,2888.9,3.2655
2018-02-13,1.2742,3.2954,1.2604,0.93424,20.584,0.81083,0.72111,253.11,13640,64.277,107.69,1085.09,18.6313,7.899,1.3736,52.124,3.3877,8.0587,1.3228,31.51,3.8,11.9825,597.95,2903.2,3.2692
2018-02-14,1.272,3.2819,1.2575,0.93286,20.546,0.80985,0.72109,253.34,13616,64.072,107.22,1078.06,18.6208,7.8675,1.3665,52.148,3.3786,8.0422,1.3192,31.42,3.8005,11.8188,593.3,2868.0,3.2595
2018-02-15,1.2613,3.2221,1.249,0.92412,20.307,0.80045,0.70968,249.48,13525,63.915,106.55,1065.2,18.5112,7.7924,1.3535,52.145,3.3244,7.9388,1.3115,31.32,3.7658,11.6551,592.75,2853.2,3.244
2018-02-16,1.2592,3.2344,1.2506,0.92434,20.331,0.80231,0.71248,249.74,13517,64.217,106.18,1064.87,18.5037,7.7672,1.3521,52.247,3.3374,7.9541,1.3107,31.29,3.7535,11.6601,593.3,2833.0,3.2495
2018-02-19,1.2632,3.2334,1.2564,0.92772,20.409,0.8058,0.71386,250.73,13553,64.253,106.56,1066.86,18.5439,7.782,1.3554,52.458,3.3409,7.9899,1.3131,31.38,3.753,11.653,594.13,2832.3,3.2455
2018-02-20,1.2681,3.2507,1.2604,0.93493,20.517,0.81037,0.71449,252.66,13630,64.83,107.17,1072.69,18.6386,7.8349,1.36,52.318,3.3604,8.0784,1.3186,31.51,3.7736,11.7436,594.65,2858.0,3.247
2018-02-21,1.2739,3.2554,1.2671,0.93819,20.599,0.81222,0.71851,253.53,13611,64.758,107.55,1073.77,18.7232,7.8314,1.3608,52.168,3.3779,8.0936,1.3212,31.5,3.789,11.645,594.7,2875.6,3.2503
2018-02-22,1.2788,3.2705,1.2699,0.93744,20.622,0.8146,0.71964,254.72,13711,65.078,107.1,1084.44,18.7952,7.8929,1.3653,52.062,3.4066,8.143,1.3223,31.575,3.7999,11.7168,592.1,2858.0,3.2436
2018-02-23,1.2782,3.2421,1.2695,0.93544,20.601,0.81307,0.71502,254.39,13676,64.763,106.74,1076.81,18.569,7.8681,1.3712,51.808,3.3904,8.1781,1.3216,31.44,3.7869,11.5651,590.0,2844.0,3.2458
2018-02-26,1.2752,3.2351,1.2676,0.93588,20.61,0.81169,0.71282,254.54,13664,64.775,106.82,1071.56,18.6023,7.8168,1.3675,51.896,3.3845,8.1522,1.3171,31.32,3.7808,11.593,587.53,2839.0,3.2438
2018-02-27,1.2762,3.238,1.272,0.93805,20.647,0.81294,0.71864,255.24,13673,64.875,107.12,1071.87,18.7221,7.8278,1.3753,52.261,3.3875,8.1945,1.3198,31.39,3.7907,11.656,592.2,2858.0,3.2482
2018-02-28,1.2803,3.2434,1.2779,0.94318,20.811,0.81873,0.72388,257.02,13749,65.19,107.02,1080.93,18.785,7.8724,1.3841,52.105,3.4207,8.2629,1.3232,31.43,3.8031,11.7633,594.74,2864.5,3.2643
2018-03-01,1.2937,3.2651,1.2862,0.94643,20.897,0.82163,0.7273,257.81,13803,65.175,106.79,1087.41,18.927,7.9369,1.3858,51.959,3.4387,8.3136,1.3269,31.57,3.8152,11.93,595.67,2882.0,3.2578
2018-03-02,1.2902,3.2567,1.288,0.93502,20.638,0.81222,0.72547,254.94,13778,65.237,105.4,1084.18,18.9279,7.8117,1.3819,52.009,3.4068,8.2556,1.3207,31.49,3.8173,11.9451,598.57,2866.0,3.2535
2018-03-05,1.2909,3.258,1.2931,0.93841,20.642,0.81255,0.72373,254.94,13763,65.109,105.65,1079.62,18.899,7.8277,1.3834,51.965,3.4053,8.2622,1.3194,31.42,3.814,11.8775,598.1,2853.5,3.2465
2018-03-06,1.2763,3.2171,1.2886,0.93675,20.45,0.80574,0.71844,252.28,13722,64.926,106.23,1061.09,18.6657,7.7455,1.3685,51.857,3.3692,8.2052,1.3154,31.32,3.788,11.7194,599.95,2852.0,3.249
2018-03-07,1.2812,3.229,1.2931,0.94008,20.473,0.80535,0.72089,251.06,13757,64.895,105.83,1069.27,18.85,7.7938,1.3742,52.002,3.3775,8.2454,1.3146,31.31,3.7974,11.9042,603.05,2856.5,3.2518
2018-03-08,1.2811,3.2414,1.2917,0.94445,20.471,0.80509,0.72027,251.2,13779,65.132,106.13,1071.84,18.6925,7.8202,1.3769,52.046,3.3848,8.2258,1.3154,31.335,3.8102,11.8887,606.01,2874.0,3.2555
2018-03-09,1.2832,3.2625,1.2894,0.95151,20.709,0.8136,0.72324,253.79,13813,65.194,106.83,1070.3,18.6161,7.8064,1.3775,52.154,3.4186,8.2701,1.3184,31.355,3.819,11.8995,602.02,2865.8,3.2563
2018-03-12,1.2714,3.2586,1.2829,0.94952,20.686,0.81288,0.72013,253.53,13768,65.012,106.52,1066.62,18.6815,7.7748,1.37,52.081,3.4151,8.2558,1.3146,31.33,3.8377,11.8487,603.62,2844.0,3.2535
2018-03-13,1.267,3.243,1.2837,0.94442,20.578,0.80788,0.71619,251.99,13713,64.857,106.89,1063.86,18.5151,7.7402,1.3606,51.94,3.4027,8.2055,1.3107,31.21,3.8635,11.7779,602.9,2850.0,3.2615
2018-03-14,1.2648,3.2536,1.293,0.94624,20.573,0.80847,0.71655,251.94,13729,64.84,106.53,1062.31,18.5771,7.7393,1.3625,52.009,3.3974,8.1862,1.3092,31.13,3.8745,11.7628,601.24,2841.0,3.249
2018-03-15,1.275,3.2881,1.2985,0.94717,20.595,0.81031,0.71696,252.06,13757,64.954,106.07,1065.24,18.6889,7.7042,1.3706,52.043,3.4132,8.1795,1.3112,31.165,3.8973,11.8566,605.41,2844.7,3.2605
2018-03-16,1.2893,3.2895,1.3078,0.9513,20.661,0.81294,0.71745,252.86,13761,64.927,105.85,1067.74,18.7286,7.7156,1.3822,51.954,3.4284,8.194,1.3155,31.2,3.9141,11.942,608.23,2854.5,3.2662
2018-03-19,1.2994,3.2957,1.3084,0.95191,20.661,0.81241,0.71162,252.64,13777,65.196,106.14,1073.33,18.8374,7.7346,1.3865,52.136,3.426,8.1922,1.318,31.21,3.947,12.0981,609.15,2857.0,3.2662
2018-03-20,1.298,3.2918,1.3066,0.95479,20.71,0.8146,0.71452,253.45,13761,65.2,106.48,1071.14,18.7431,7.7275,1.388,52.074,3.4439,8.1918,1.3175,31.2,3.9295,11.9573,609.73,2867.0,3.2604
2018-03-21,1.3018,3.3007,1.298,0.95304,20.692,0.81393,0.7114,253.48,13763,65.212,106.22,1072.13,18.5479,7.7347,1.3965,52.122,3.4482,8.2112,1.3183,31.21,3.9355,11.9871,603.98,2852.8,3.249
2018-03-22,1.297,3.3019,1.2901,0.94763,20.623,0.81195,0.70802,253.05,13753,65.102,105.35,1080.32,18.493,7.7386,1.3828,52.407,3.4278,8.217,1.3159,31.27,3.9276,11.8321,608.88,2858.5,3.2345
2018-03-23,1.2942,3.2987,1.2853,0.94792,20.578,0.80998,0.70699,253.44,13764,65.009,105.09,1077.51,18.5323,7.7527,1.3789,52.357,3.4231,8.2572,1.3135,31.18,3.9592,11.7612,608.23,2841.5,3.2215
2018-03-26,1.293,3.298,1.2889,0.94585,20.503,0.80574,0.70299,251.98,13734,64.87,105.12,1077.26,18.4336,7.7039,1.3721,52.228,3.4083,8.2079,1.3113,31.15,3.9855,11.6781,604.6,2795.5,3.2155
2018-03-27,1.2985,3.317,1.2887,0.95055,20.583,0.80802,0.71057,252.79,13740,64.973,105.88,1073.74,18.4147,7.7249,1.3769,52.485,3.4095,8.2544,1.3096,31.23,3.9939,11.6837,606.33,2783.6,3.2255
2018-03-28,1.3012,3.3283,1.2884,0.95185,20.537,0.80658,0.70661,252.06,13759,65.172,106.15,1065.87,18.3675,7.7773,1.3772,52.325,3.3935,8.2917,1.3078,31.25,3.9975,11.6978,604.15,2790.3,3.2238
2018-03-29,1.3015,3.3226,1.2901,0.95601,20.636,0.81162,0.71009,253.33,13744,65.173,106.44,1063.95,18.2818,7.8541,1.3877,52.247,3.4174,8.347,1.3114,31.23,3.975,11.8667,603.4,2787.0,3.2193
2018-04-03,1.2995,3.3102,1.2852,0.95669,20.61,0.81248,0.71111,253.69,13760,65.006,106.24,1054.49,18.1947,7.8273,1.3783,52.026,3.4195,8.3659,1.3092,31.18,3.9785,11.823,602.55,2777.7,3.2188
2018-04-04,1.3016,3.3656,1.2835,0.95927,20.642,0.8146,0.71337,253.89,13767,65.13,106.25,1064.23,18.3447,7.8482,1.3726,52.152,3.4242,8.4046,1.3144,31.25,4.0129,11.9198,602.56,2791.3,3.2198
2018-04-05,1.3002,3.2995,1.2772,0.96215,20.658,0.81566,0.71285,253.64,13772,64.927,107.06,1059.88,18.0905,7.8201,1.3702,52.064,3.4291,8.4127,1.3143,31.265,4.041,11.9265,603.68,2787.8,3.2218
2018-04-06,1.3024,3.3604,1.2792,0.96436,20.712,0.81739,0.71354,255.48,13774,64.967,107.34,1071.56,18.254,7.8355,1.3801,52.06,3.4317,8.4178,1.3191,31.29,4.0579,12.0776,604.57,2790.2,3.233
2018-04-09,1.3045,3.3721,1.2781,0.95822,20.609,0.81274,0.7078,253.66,13783,64.982,107.01,1070.13,18.3583,7.7928,1.3712,52.015,3.4096,8.368,1.3132,31.27,4.0652,12.123,604.09,2775.8,3.235
2018-04-10,1.2925,3.4026,1.2657,0.95397,20.496,0.809,0.70531,252.26,13751,64.995,107.01,1067.47,18.2655,7.8044,1.3596,51.967,3.3921,8.3209,1.3107,31.23,4.0953,12.0563,600.19,2769.7,3.2377
2018-04-11,1.2904,3.4184,1.2617,0.95728,20.448,0.80749,0.70543,251.73,13765,65.302,106.8,1069.61,18.2922,7.7691,1.3576,51.986,3.3846,8.3061,1.3085,31.17,4.1854,12.0864,597.53,2719.6,3.2283
2018-04-12,1.2897,3.3662,1.2592,0.96373,20.544,0.81149,0.70393,252.7,13769,65.26,107.15,1071.05,18.1628,7.7881,1.3552,52.018,3.3956,8.417,1.311,31.2,4.0958,11.9969,596.63,2705.8,3.2203
2018-04-13,1.2829,3.4082,1.257,0.96241,20.546,0.81189,0.70147,252.6,13753,65.211,107.69,1068.65,18.118,7.7651,1.3561,51.936,3.3907,8.4272,1.3118,31.15,4.0928,12.053,595.91,2710.1,3.2176
2018-04-16,1.2876,3.4196,1.2608,0.96023,20.424,0.80841,0.69899,250.85,13775,65.497,107.33,1073.83,18.0598,7.7567,1.3624,52.051,3.3652,8.4111,1.3113,31.24,4.108,12.083,595.98,2725.6,3.2205
2018-04-17,1.2875,3.4117,1.2552,0.96366,20.437,0.80926,0.69823,251.55,13775,65.639,107.11,1068.71,17.972,7.7673,1.3625,52.273,3.3667,8.4092,1.3104,31.21,4.1057,12.0168,596.46,2723.2,3.2148
2018-04-18,1.2878,3.3942,1.257,0.96698,20.425,0.80723,0.70314,250.37,13768,65.668,107.22,1065.19,17.9747,7.7571,1.3652,52.033,3.3659,8.3979,1.3106,31.23,4.0935,11.9612,593.99,2709.6,3.2123
2018-04-19,1.2835,3.386,1.2604,0.96721,20.455,0.80762,0.70243,250.66,13787,65.789,107.32,1061.52,18.1449,7.7391,1.368,52.037,3.3649,8.3814,1.309,31.21,4.025,11.9377,595.29,2730.7,3.2141
2018-04-20,1.2985,3.4034,1.2639,0.97246,20.587,0.81241,0.71174,252.27,13927,66.122,107.57,1069.35,18.4759,7.8032,1.3837,52.14,3.3859,8.425,1.3138,31.32,4.0461,12.0244,596.2,2757.8,3.2154
2018-04-23,1.3082,3.4304,1.2787,0.97573,20.762,0.81713,0.71613,254.44,13940,66.416,108.17,1077.24,18.7122,7.8655,1.3934,52.356,3.4232,8.4788,1.3228,31.49,4.0921,12.2242,602.85,2814.7,3.2298
2018-04-24,1.3132,3.4459,1.2824,0.97797,20.828,0.8188,0.71619,256.15,13871,66.388,108.83,1076.44,18.8316,7.8842,1.4029,52.196,3.4386,8.4971,1.3227,31.45,4.0928,12.3363,598.5,2781.3,3.229
2018-04-25,1.3228,3.5047,1.2888,0.98367,20.899,0.82068,0.71711,257.04,13920,66.976,109.18,1083.8,19.0554,7.9647,1.4142,52.337,3.4666,8.5531,1.3294,31.585,4.1041,12.5084,603.45,2811.8,3.2315
2018-04-26,1.3207,3.4781,1.2835,0.98422,20.934,0.82183,0.71581,257.07,13878,66.749,109.2,1077.05,18.7747,7.95,1.4131,51.996,3.4813,8.5863,1.3265,31.555,4.0706,12.388,602.72,2815.0,3.2315
2018-04-27,1.3235,3.479,1.2882,0.99089,21.103,0.8285,0.72659,259.19,13855,66.661,109.32,1070.27,18.8012,8.0025,1.4181,51.692,3.493,8.714,1.326,31.58,4.0499,12.3974,606.0,2804.2,3.2314
2018-04-30,1.3257,3.4715,1.2867,0.99081,21.146,0.82788,0.72821,259.58,13905,66.371,109.38,1069.66,18.7085,7.999,1.4194,51.703,3.499,8.6922,1.3259,31.58,4.048,12.4283,613.18,2804.0,3.2477
2018-05-02,1.3315,3.5224,1.2827,0.99584,21.322,0.83285,0.73324,261.55,13960,66.669,109.8,1075.66,18.9456,8.0751,1.4244,51.887,3.5608,8.8427,1.3346,31.725,4.1487,12.604,617.26,2830.1,3.2637
2018-05-03,1.3281,3.5329,1.2845,0.99716,21.335,0.83389,0.73532,261.89,13933,66.624,109.26,1074.85,19.026,8.0441,1.421,51.697,3.5547,8.843,1.3311,31.63,4.1995,12.625,618.37,2857.6,3.2705
2018-05-04,1.3297,3.5463,1.2875,0.99841,21.308,0.83549,0.7372,262.24,13978,66.864,108.92,1076.38,19.1562,8.0575,1.4259,51.673,3.5544,8.8324,1.3336,31.755,4.2579,12.6272,622.08,2819.4,3.2657
2018-05-07,1.3344,3.5424,1.2887,1.0052,21.44,0.84019,0.73946,264.11,14061,67.135,109.35,1082.25,19.343,8.0818,1.4294,51.893,3.5739,8.8542,1.3373,31.88,4.2705,12.5802,629.27,2813.6,3.274
2018-05-08,1.342,3.558,1.2972,1.003,21.505,0.84246,0.74078,265.3,14085,67.085,109.06,1077.42,19.5274,8.1072,1.4338,51.909,3.6051,8.8256,1.3381,31.91,4.2885,12.5637,634.22,2870.3,3.284
2018-05-09,1.3404,3.5736,1.2879,1.0013,21.52,0.84182,0.73613,265.27,14070,67.262,109.64,1077.15,19.5336,8.0853,1.4307,51.935,3.5909,8.7106,1.3403,32.055,4.2785,12.5727,634.2,2861.9,3.2897
2018-05-10,1.3357,3.575,1.2773,1.0025,21.467,0.84189,0.73927,264.23,14030,67.259,109.63,1069.83,19.4107,8.0375,1.4433,52.002,3.5732,8.6841,1.3407,32.06,4.2456,12.3793,622.94,2823.2,3.2656
2018-05-11,1.324,3.5601,1.2734,0.99992,21.373,0.83794,0.73739,263.93,13971,67.337,109.3,1066.76,19.2559,7.9961,1.4337,52.414,3.5683,8.6002,1.3338,31.865,4.2756,12.2771,618.07,2834.2,3.2535
2018-05-14,1.3231,3.5808,1.2764,0.99808,21.261,0.83417,0.73607,263.07,13970,67.526,109.5,1068.35,19.3402,7.9791,1.4386,52.437,3.556,8.5884,1.333,31.84,4.3166,12.2561,625.03,2834.2,3.2565
2018-05-15,1.3344,3.6556,1.2836,1.0023,21.502,0.84154,0.73971,266.71,14067,68.055,110.05,1076.43,19.7257,8.0512,1.4493,52.532,3.6049,8.6618,1.3387,32.02,4.4365,12.4875,632.17,2869.9,3.2717
2018-05-16,1.3358,3.674,1.2866,1.0007,21.678,0.84861,0.74184,269.24,14072,67.797,110.17,1081.55,19.759,8.1225,1.4524,52.372,3.6396,8.7324,1.3428,32.14,4.4279,12.5241,630.8,2862.0,3.2584
2018-05-17,1.3283,3.6668,1.2772,1.0012,21.649,0.8471,0.73994,268.17,14052,67.737,110.68,1080.56,19.6256,8.0953,1.4507,52.275,3.634,8.7209,1.3422,32.07,4.447,12.5378,632.49,2902.0,3.2696
2018-05-18,1.3304,3.7205,1.2795,0.99932,21.721,0.84882,0.74124,269.65,14147,67.999,110.93,1080.87,19.7759,8.1294,1.4472,52.408,3.6457,8.7491,1.3435,32.195,4.4745,12.684,635.51,2918.6,3.2856
2018-05-21,1.3283,3.7175,1.2874,0.99949,21.839,0.85041,0.7453,271.62,14176,68.144,111.27,1084.16,20.003,8.1032,1.4483,52.389,3.6685,8.7214,1.3439,32.23,4.5932,12.8712,636.57,2875.0,3.279
2018-05-22,1.3179,3.6603,1.2774,0.99525,21.792,0.84789,0.7435,269.16,14138,68.009,110.82,1075.06,19.7422,8.0465,1.4406,52.268,3.6342,8.6619,1.3373,32.015,4.6383,12.5494,623.97,2851.6,3.2662
2018-05-23,1.3276,3.6761,1.2905,0.9906,22.047,0.85412,0.75122,272.92,14215,68.423,109.85,1081.95,19.9479,8.1195,1.45,52.47,3.6802,8.7894,1.3456,32.15,4.8758,12.6462,622.77,2873.3,3.263
2018-05-24,1.3232,3.6489,1.2885,0.98968,22.006,0.85266,0.74586,272.23,14141,68.375,109.53,1078.42,19.6922,8.0841,1.4449,52.548,3.6691,8.7413,1.3409,32.04,4.7582,12.4525,626.68,2851.1,3.2612
2018-05-25,1.3211,3.6449,1.2956,0.99298,22.069,0.85653,0.74981,274.0,14111,67.794,109.4,1078.84,19.6043,8.1275,1.446,52.626,3.6908,8.7299,1.3406,31.94,4.724,12.5,624.53,2874.4,3.2675
2018-05-28,1.3234,3.6889,1.298,0.99425,22.098,0.85881,0.75116,274.32,14020,67.441,109.35,1074.23,19.5508,8.1684,1.439,52.484,3.6974,8.7919,1.341,32.01,4.5931,12.451,624.19,2874.0,3.2745
2018-05-29,1.3295,3.7563,1.3028,0.99645,22.415,0.8652,0.75396,276.91,14021,67.837,108.91,1080.21,19.7474,8.2729,1.4458,52.635,3.7299,8.9265,1.3467,32.07,4.615,12.6722,629.22,2903.9,3.2719
2018-05-30,1.3247,3.7063,1.2975,0.98977,22.21,0.8597,0.75224,274.73,13948,67.39,108.98,1079.27,19.6716,8.2069,1.4345,52.62,3.7083,8.8362,1.3401,32.06,4.4548,12.565,627.49,2876.0,3.2675
2018-05-31,1.3175,3.729,1.2854,0.98521,22.051,0.85477,0.74947,272.58,13907,67.358,108.84,1078.08,19.8701,8.1524,1.4258,52.575,3.6805,8.7771,1.3382,32.03,4.4985,12.5678,630.39,2890.9,3.2705
2018-06-01,1.3278,3.7433,1.2976,0.98817,22.133,0.85697,0.75139,274.09,13879,67.113,109.47,1074.79,19.9529,8.1689,1.4343,52.597,3.6989,8.8219,1.3383,32.03,4.6269,12.71,631.29,2866.3,3.2679
2018-06-04,1.3045,3.7397,1.2906,0.98373,21.893,0.85201,0.74698,271.48,13872,67.063,109.43,1069.17,19.908,8.0966,1.4189,52.524,3.6507,8.7401,1.3338,31.96,4.6173,12.529,631.16,2859.8,3.2632
2018-06-05,1.3135,3.7624,1.2983,0.9863,21.973,0.85653,0.74852,272.96,13883,67.15,109.7,1070.95,20.384,8.1377,1.4249,52.439,3.6733,8.7793,1.3356,31.98,4.613,12.6963,633.52,2852.0,3.2675
2018-06-06,1.306,3.8184,1.2877,0.98844,21.8,0.84998,0.74529,270.84,13855,66.92,110.13,1067.11,20.373,8.095,1.4196,52.441,3.6339,8.7344,1.3332,31.9,4.5965,12.7855,627.7,2827.4,3.2595
2018-06-07,1.3059,3.8756,1.2938,0.98116,21.663,0.84488,0.74453,268.13,13877,67.116,110.05,1069.97,20.323,8.0275,1.4185,52.53,3.5994,8.6613,1.3313,31.93,4.4703,12.7875,630.91,2847.8,3.2613
2018-06-08,1.3184,3.8412,1.2995,0.98452,21.946,0.85077,0.74641,271.99,13930,67.502,109.44,1074.92,20.484,8.0896,1.4237,52.806,3.6407,8.7519,1.3359,32.06,4.4919,13.0867,629.88,2855.6,3.2577
2018-06-11,1.3148,3.7237,1.3018,0.98651,21.783,0.84818,0.74792,272.82,13975,67.428,109.94,1075.62,20.414,8.0588,1.4219,53.06,3.6191,8.6964,1.3348,32.08,4.5204,13.146,633.14,2861.8,3.2607
2018-06-12,1.3154,3.6994,1.3009,0.98532,21.761,0.84832,0.74801,271.37,13968,67.443,110.31,1079.18,20.603,8.0111,1.4236,53.063,3.6269,8.6147,1.3351,32.1,4.5607,13.1645,637.4,2861.1,3.2662
2018-06-13,1.3181,3.7051,1.3017,0.98742,21.856,0.85005,0.74983,272.31,13963,67.608,110.53,1084.56,20.668,8.0222,1.4207,53.227,3.6353,8.6161,1.3355,32.13,4.6415,13.253,634.35,2873.2,3.2677
2018-06-14,1.3226,3.6924,1.2977,0.98764,21.868,0.85251,0.74751,273.73,13933,67.598,110.1,1082.3,20.515,8.0365,1.4199,53.158,3.6378,8.6616,1.3355,32.15,4.625,13.105,637.98,2861.9,3.2757
2018-06-15,1.3382,3.7738,1.3128,0.99819,22.175,0.86237,0.75302,278.58,13989,68.015,110.65,1097.73,20.774,8.1338,1.4381,53.364,3.6915,8.7714,1.3469,32.43,4.7146,13.4235,632.47,2893.6,3.2765
2018-06-18,1.3442,3.7434,1.3181,0.99492,22.164,0.8611,0.7548,278.15,14078,68.039,110.45,1104.42,20.644,8.1237,1.4391,53.4,3.6921,8.8025,1.3502,32.68,4.7207,13.4569,636.6,2922.1,3.2755
2018-06-19,1.3608,3.7746,1.3282,0.99714,22.378,0.867,0.7603,281.19,14164,68.378,109.92,1116.62,20.674,8.2274,1.452,53.339,3.7405,8.9498,1.3599,32.84,4.766,13.8636,640.03,2929.0,3.2785
2018-06-20,1.355,3.7375,1.3299,0.99646,22.314,0.86371,0.75901,279.97,14096,68.112,110.03,1107.26,20.452,8.1787,1.4556,53.432,3.7271,8.875,1.3576,32.81,4.7455,13.6783,640.27,2922.5,3.2737
2018-06-21,1.3576,3.776,1.3331,0.99636,22.415,0.8667,0.75724,282.67,14093,67.962,110.58,1110.06,20.393,8.1689,1.46,53.421,3.749,8.9485,1.3619,32.93,4.7455,13.6575,639.95,2949.5,3.272
2018-06-22,1.3462,3.7446,1.3272,0.99021,22.143,0.85852,0.7526,278.2,14105,67.849,110.15,1110.71,20.215,8.0982,1.4492,53.296,3.7043,8.8384,1.3583,32.94,4.6908,13.4929,638.14,2914.0,3.2647
2018-06-25,1.3455,3.7643,1.3284,0.98709,22.167,0.8547,0.75248,278.14,14155,68.073,109.58,1114.49,20.039,8.0943,1.4485,53.449,3.7068,8.8567,1.3615,32.96,4.663,13.5284,638.51,2915.8,3.268
2018-06-26,1.3518,3.7741,1.3322,0.98895,22.19,0.85675,0.75531,279.3,14178,68.292,109.62,1119.19,19.9083,8.115,1.4563,53.73,3.7192,8.8574,1.3615,33.005,4.631,13.5565,640.82,2929.2,3.2655
2018-06-27,1.3537,3.801,1.3295,0.99311,22.191,0.86088,0.75907,281.34,14191,68.607,110.26,1118.18,19.957,8.1599,1.4675,53.51,3.733,8.9104,1.3631,33.0,4.6229,13.6835,645.97,2944.6,3.2705
2018-06-28,1.3622,3.8696,1.3294,0.99767,22.448,0.86333,0.76422,283.23,14330,68.793,110.19,1122.57,20.109,8.1792,1.4793,53.492,3.7668,8.9952,1.3667,33.12,4.602,13.867,649.27,2946.5,3.2712
2018-06-29,1.3542,3.8494,1.3246,0.99237,22.319,0.85778,0.76004,282.87,14285,68.462,110.69,1112.3,19.6277,8.1588,1.4794,53.332,3.7512,8.9664,1.3635,33.08,4.5793,13.766,653.71,2929.3,3.2797
2018-07-02,1.3597,3.8858,1.3182,0.99347,22.337,0.85918,0.76166,283.37,14400,68.795,110.71,1120.26,20.046,8.1635,1.4877,53.387,3.7712,8.9776,1.3682,33.155,4.6175,13.8079,657.41,2929.3,3.2827
2018-07-03,1.3511,3.8945,1.3154,0.99211,22.351,0.85727,0.75739,280.63,14373,68.522,110.66,1112.79,19.67,8.1144,1.4814,53.364,3.7647,8.8404,1.3649,33.16,4.6673,13.6921,649.73,2907.8,3.285
2018-07-04,1.354,3.895,1.3147,0.9927,22.357,0.85896,0.75681,279.72,14352,68.742,110.5,1117.68,19.4803,8.1114,1.4789,53.391,3.7614,8.8052,1.365,33.175,4.6978,13.7114,650.9,2904.3,3.2895
2018-07-05,1.3512,3.8877,1.313,0.9918,22.152,0.85404,0.75421,275.81,14385,68.947,110.62,1118.01,19.2869,8.063,1.4737,53.35,3.7217,8.7422,1.3635,33.2,4.612,13.555,655.99,2875.9,3.2845
2018-07-06,1.3484,3.9474,1.3133,0.99232,22.127,0.85295,0.75567,276.65,14370,68.876,110.59,1118.15,19.1624,8.054,1.4659,53.326,3.7253,8.7777,1.3603,33.18,4.6092,13.595,656.7,2872.4,3.2795
2018-07-09,1.3364,3.865,1.3076,0.98787,21.934,0.84825,0.74939,273.76,14325,68.674,110.45,1111.1,19.0313,7.992,1.4588,53.346,3.6648,8.6986,1.3529,33.1,4.5179,13.3103,650.32,2883.5,3.2745
2018-07-10,1.3437,3.8857,1.3132,0.99454,22.11,0.85375,0.75419,277.33,14343,68.83,111.24,1117.25,19.1343,8.0377,1.4674,53.485,3.6889,8.7457,1.3569,33.19,4.7012,13.4322,647.93,2870.4,3.2686
2018-07-11,1.3523,3.8281,1.3141,0.99301,22.095,0.85215,0.754,276.66,14365,68.769,111.23,1123.71,19.0558,8.0493,1.4713,53.594,3.6825,8.7554,1.3607,33.27,4.7808,13.4819,652.97,2893.8,3.2775
2018-07-12,1.3534,3.8642,1.3183,0.99863,22.249,0.85778,0.7571,279.02,14382,68.519,112.48,1125.85,18.9449,8.1011,1.4788,53.507,3.7118,8.8652,1.3629,33.26,4.8348,13.4232,648.94,2874.1,3.267
2018-07-13,1.3539,3.897,1.3191,1.0052,22.266,0.85889,0.76001,278.33,14418,68.481,112.55,1133.47,19.0475,8.1448,1.4842,53.501,3.7112,8.9118,1.3673,33.36,4.8499,13.3288,650.13,2855.9,3.2655
2018-07-16,1.3458,3.8473,1.3139,0.99795,22.084,0.85324,0.75316,274.86,14375,68.558,112.33,1127.07,18.8003,8.0879,1.4729,53.491,3.6701,8.8168,1.3613,33.26,4.8544,13.182,650.38,2873.5,3.264
2018-07-17,1.3505,3.8679,1.3157,0.99496,22.102,0.85419,0.75788,276.2,14370,68.455,112.59,1127.3,18.94,8.1041,1.4684,53.383,3.6736,8.7984,1.3617,33.27,4.8358,13.2721,653.77,2868.5,3.2671
2018-07-18,1.3603,3.8588,1.3254,1.0,22.266,0.86125,0.76753,278.99,14405,68.628,112.76,1134.22,19.0147,8.1839,1.4792,53.538,3.7123,8.8812,1.3679,33.36,4.8334,13.3546,652.52,2863.2,3.2685
2018-07-19,1.3638,3.8725,1.3247,1.0029,22.368,0.86296,0.77061,281.13,14475,69.054,113.03,1139.7,19.0775,8.264,1.4868,53.659,3.7349,8.9373,1.3729,33.48,4.8289,13.4625,663.62,2880.8,3.2715
2018-07-20,1.3554,3.8015,1.3233,0.99683,22.172,0.8569,0.76645,279.03,14518,68.826,112.2,1133.43,18.9863,8.2181,1.4782,53.378,3.7043,8.9039,1.3676,33.43,4.7883,13.459,660.51,2867.5,3.2735
2018-07-23,1.3504,3.783,1.3133,0.99129,22.062,0.85353,0.7611,278.27,14490,68.855,111.11,1134.3,19.097,8.1541,1.4684,53.425,3.6873,8.833,1.3639,33.43,4.7477,13.5033,661.95,2907.7,3.2754
2018-07-24,1.3495,3.7745,1.315,0.99317,22.007,0.85426,0.76181,279.04,14499,68.948,111.11,1128.35,18.8322,8.1672,1.4686,53.277,3.6886,8.8227,1.364,33.36,4.8739,13.33,654.55,2892.5,3.2715
2018-07-25,1.3487,3.7245,1.3123,0.99213,21.963,0.85543,0.76009,278.8,14444,68.743,111.04,1122.73,18.7707,8.1681,1.469,53.286,3.678,8.8045,1.3628,33.27,4.8386,13.2101,645.85,2882.8,3.268
2018-07-26,1.3479,3.7148,1.3048,0.99146,21.891,0.85353,0.75845,276.91,14455,68.667,110.88,1119.68,18.6941,8.1474,1.4669,53.396,3.6561,8.769,1.3608,33.32,4.8185,13.1921,647.19,2881.9,3.2677
2018-07-27,1.3561,3.7395,1.3069,0.99759,22.04,0.86022,0.76407,277.98,14417,68.685,111.18,1118.43,18.6417,8.2028,1.4778,53.315,3.6919,8.8611,1.3643,33.46,4.88,13.2445,643.07,2885.0,3.2647
2018-07-30,1.3518,3.7088,1.3048,0.99264,21.931,0.85587,0.76232,275.61,14391,68.641,111.08,1117.76,18.5861,8.1556,1.4691,53.162,3.6608,8.7729,1.362,33.3,4.8851,13.181,638.46,2869.1,3.2652
2018-07-31,1.3466,3.7336,1.3035,0.98773,21.812,0.85208,0.76022,273.03,14420,68.541,111.49,1118.6,18.56,8.1236,1.4667,53.1,3.6443,8.7398,1.3613,33.24,4.884,13.0944,637.12,2888.1,3.2666
2018-08-01,1.3481,3.7644,1.3022,0.99085,21.879,0.85499,0.76129,274.76,14440,68.374,111.84,1117.82,18.6423,8.1549,1.4695,52.958,3.6525,8.806,1.3613,33.11,4.9294,13.2648,642.69,2894.5,3.2653
2018-08-02,1.3584,3.7795,1.3036,0.99423,22.027,0.86081,0.76737,277.03,14475,68.686,111.41,1130.0,18.7587,8.2173,1.4809,53.103,3.686,8.8666,1.3667,33.305,5.0547,13.4474,645.05,2903.4,3.2681
2018-08-03,1.3539,3.7447,1.3018,0.99482,22.141,0.86296,0.76847,276.79,14463,68.616,111.58,1124.54,18.6659,8.2335,1.4817,53.075,3.6773,8.9052,1.3668,33.265,5.0878,13.3646,643.85,2890.8,3.2635
2018-08-06,1.354,3.7068,1.3023,0.9974,22.221,0.86633,0.77346,277.69,14470,68.864,111.48,1125.59,18.581,8.2583,1.4861,52.877,3.7019,8.9266,1.3687,33.35,5.1656,13.4252,646.75,2899.1,3.2655
2018-08-07,1.3445,3.7107,1.2969,0.99379,22.07,0.86192,0.77127,275.76,14430,68.682,111.08,1119.95,18.4115,8.1885,1.4817,52.818,3.6651,8.8989,1.3637,33.2,5.2963,13.2886,643.0,2889.8,3.2635
2018-08-08,1.3502,3.7564,1.308,0.99612,22.071,0.86289,0.77733,275.49,14435,68.625,111.07,1120.53,18.5063,8.2236,1.4843,53.038,3.6756,8.9635,1.3646,33.22,5.2858,13.4271,645.11,2908.8,3.2642
2018-08-09,1.3479,3.7901,1.3035,0.99301,22.056,0.86259,0.77581,276.2,14410,68.647,111.14,1119.67,18.5845,8.2328,1.5027,53.031,3.6866,8.9601,1.3633,33.175,5.4032,13.4952,646.94,2910.8,3.2645
2018-08-10,1.3683,3.8324,1.3095,0.99433,22.377,0.87291,0.78278,281.75,14476,68.83,110.92,1129.14,18.901,8.3214,1.5158,53.101,3.7457,9.1007,1.3712,33.27,6.05,13.9029,654.06,2941.0,3.2786
2018-08-13,1.3742,3.9072,1.3151,0.9943,22.499,0.87696,0.78339,284.05,14595,70.017,110.59,1135.2,19.2011,8.357,1.5202,53.462,3.7679,9.1286,1.3759,33.385,6.8974,14.3665,660.12,3000.8,3.2832
2018-08-14,1.3761,3.8702,1.3071,0.99053,22.525,0.87673,0.78292,282.96,14580,69.904,110.84,1128.0,18.983,8.3531,1.5147,53.49,3.7693,9.0933,1.3738,33.275,6.5126,14.1894,664.13,3011.6,3.2947
2018-08-15,1.3841,3.9099,1.3102,0.99717,22.706,0.88331,0.7873,287.02,14600,69.927,111.01,1135.49,19.145,8.4364,1.5252,53.61,3.8233,9.1894,1.3804,33.365,6.128,14.6373,667.5,3047.5,3.317
2018-08-16,1.3762,3.8899,1.3142,0.99376,22.605,0.87951,0.78714,285.41,14610,70.191,110.84,1129.78,19.0827,8.4547,1.5186,53.443,3.7944,9.2052,1.3763,33.265,5.8371,14.5853,669.16,3018.2,3.308
2018-08-17,1.3756,3.9506,1.3147,0.99535,22.587,0.87789,0.78637,284.33,14638,70.161,110.39,1125.78,19.123,8.4975,1.5147,53.442,3.785,9.2121,1.374,33.245,6.17,14.9211,667.47,3031.0,3.307
2018-08-20,1.3687,3.9245,1.3071,0.99527,22.51,0.87566,0.78352,283.3,14590,69.825,110.55,1122.32,18.9405,8.4694,1.5109,53.374,3.7686,9.1872,1.3717,33.035,6.1176,14.585,668.28,3028.1,3.3045
2018-08-21,1.3612,3.9665,1.3022,0.9887,22.376,0.86941,0.78021,281.19,14595,69.814,110.42,1119.62,18.9358,8.4377,1.5024,53.444,3.7455,9.1391,1.3681,32.73,6.143,14.445,663.71,2977.2,3.2894
2018-08-22,1.3589,4.0386,1.3022,0.98149,22.146,0.86088,0.77417,278.01,14580,69.895,110.26,1118.24,18.8378,8.334,1.491,53.399,3.6864,9.0457,1.3654,32.73,6.0323,14.2737,661.73,2958.6,3.28
2018-08-23,1.3721,4.057,1.3031,0.98307,22.207,0.86363,0.77622,279.66,14630,70.11,110.81,1122.51,18.7788,8.3326,1.4986,53.483,3.6948,9.0839,1.3701,32.78,6.069,14.2245,669.52,2985.7,3.298
2018-08-24,1.3693,4.0883,1.3068,0.9836,22.216,0.86296,0.77839,279.86,14628,69.909,111.3,1115.3,18.9153,8.3654,1.5002,53.402,3.6924,9.1338,1.3689,32.695,6.0583,14.25,660.51,2954.0,3.2906
2018-08-27,1.3656,4.0923,1.3051,0.98238,22.13,0.85962,0.7768,278.41,14627,70.162,111.03,1112.71,18.7484,8.3373,1.497,53.294,3.6715,9.1202,1.3654,32.605,6.1963,14.3096,658.87,2939.5,3.2872
2018-08-28,1.3599,4.0913,1.2919,0.97583,21.958,0.85397,0.77438,276.51,14622,70.111,111.04,1105.61,18.7447,8.3043,1.4897,53.277,3.6484,9.1061,1.3617,32.535,6.261,14.1669,662.81,2987.5,3.2887
2018-08-29,1.3713,4.1553,1.2944,0.97642,22.08,0.85763,0.77616,278.41,14655,70.617,111.26,1114.3,19.1467,8.3598,1.4934,53.495,3.6739,9.1701,1.3672,32.71,6.4525,14.4233,667.51,2998.3,3.2882
2018-08-30,1.3697,4.1243,1.2929,0.96981,22.023,0.85529,0.76769,279.1,14690,70.749,111.46,1109.76,19.0181,8.3134,1.4997,53.483,3.6676,9.1037,1.3657,32.705,6.7191,14.5484,678.98,3029.3,3.3008
2018-08-31,1.3843,4.1705,1.3039,0.96824,22.088,0.8583,0.77023,280.02,14788,70.998,110.76,1117.42,19.1941,8.3382,1.5071,53.487,3.6832,9.1155,1.3703,32.765,6.5562,14.7393,681.05,3045.3,3.3
2018-09-03,1.3876,4.1226,1.3072,0.97063,22.18,0.8614,0.77662,281.32,14894,71.212,111.15,1112.1,19.2161,8.3573,1.5131,53.528,3.6999,9.1141,1.3718,32.745,6.6417,14.881,682.43,3047.3,3.3005
2018-09-04,1.3917,4.1825,1.3176,0.97397,22.252,0.8649,0.77891,283.26,14935,71.588,111.23,1117.57,19.4214,8.4043,1.5265,53.581,3.7231,9.1373,1.3761,32.825,6.676,15.2393,691.84,3088.4,3.3137
2018-09-05,1.3939,4.1758,1.3178,0.97462,22.229,0.86341,0.7799,283.03,14935,71.749,111.53,1122.22,19.5648,8.4169,1.5228,53.767,3.7342,9.101,1.3784,32.84,6.669,15.5332,685.59,3094.2,3.3129
2018-09-06,1.3894,4.1188,1.3184,0.96914,22.103,0.85955,0.77208,280.63,14891,71.961,111.35,1121.51,19.2238,8.403,1.5156,53.801,3.7118,9.1033,1.3753,32.775,6.5568,15.32,686.32,3082.9,3.319
2018-09-07,1.3964,4.0594,1.3119,0.96573,22.124,0.86096,0.76862,279.51,14820,71.735,110.84,1122.75,19.1416,8.4154,1.5193,53.769,3.7091,9.0541,1.3755,32.785,6.4375,15.1124,688.21,3056.5,3.3222
2018-09-10,1.405,4.0735,1.3195,0.97373,22.166,0.86423,0.7721,280.94,14854,72.457,111.09,1129.11,19.287,8.3856,1.5302,53.925,3.7308,9.047,1.3798,32.855,6.4612,15.17,696.15,3086.8,3.3286
2018-09-11,1.4092,4.1482,1.316,0.97425,22.158,0.86401,0.76955,280.6,14870,72.663,111.3,1128.51,19.3105,8.3627,1.5356,53.998,3.7233,9.0591,1.3777,32.84,6.476,15.0922,696.61,3079.9,3.3325
2018-09-12,1.4042,4.1311,1.3066,0.97341,22.089,0.86319,0.76848,281.17,14825,72.223,111.46,1128.5,19.142,8.3149,1.5341,54.07,3.7202,9.041,1.3763,32.785,6.3687,15.0512,688.97,3043.9,3.328
2018-09-13,1.3913,4.1492,1.3005,0.96945,21.962,0.86059,0.76592,279.78,14802,72.031,111.6,1121.24,18.9621,8.2384,1.5269,54.057,3.709,8.9897,1.3716,32.62,6.2021,14.7629,681.83,3015.0,3.3093
2018-09-14,1.3911,4.1852,1.3009,0.9645,21.792,0.85551,0.76335,276.87,14805,71.82,111.86,1118.94,18.804,8.2338,1.5209,54.05,3.6829,9.0222,1.3698,32.57,6.1146,14.8292,686.74,3020.3,3.3065
2018-09-17,1.393,4.1935,1.3018,0.96273,21.812,0.85682,0.7615,278.04,14867,72.522,112.06,1124.97,18.8253,8.193,1.5202,54.161,3.6805,8.9561,1.3724,32.62,6.2833,14.97,685.79,3016.6,3.3095
2018-09-18,1.3887,4.1447,1.3026,0.96136,21.756,0.85492,0.76056,276.84,14858,72.976,112.17,1124.31,18.8655,8.1622,1.5177,54.126,3.6768,8.9065,1.3705,32.565,6.4164,14.9251,683.28,3012.4,3.3022
2018-09-19,1.3807,4.1641,1.2973,0.96889,21.8,0.85712,0.76123,277.18,14875,72.384,112.23,1121.76,18.7435,8.1829,1.5157,54.018,3.6814,8.9036,1.3708,32.46,6.2772,14.6571,679.18,3027.4,3.2982
2018-09-20,1.3729,4.1116,1.2893,0.96117,21.718,0.84969,0.75274,275.09,14845,72.011,112.14,1118.72,18.7127,8.1473,1.4991,53.901,3.6473,8.7815,1.3649,32.335,6.3149,14.47,666.71,3003.0,3.295
2018-09-21,1.3738,4.0752,1.2924,0.95484,21.758,0.85041,0.76027,275.58,14818,72.192,112.63,1116.1,18.8902,8.1464,1.4972,54.135,3.6522,8.786,1.3642,32.435,6.2875,14.365,665.99,2996.0,3.2887
2018-09-24,1.3749,4.062,1.2937,0.95897,21.757,0.8494,0.75986,274.77,14875,72.683,112.6,1117.06,18.844,8.1282,1.4993,54.226,3.6532,8.7967,1.3642,32.395,6.2085,14.2352,672.9,2999.5,3.3
2018-09-25,1.3784,4.1209,1.2959,0.96595,21.748,0.84911,0.75932,275.18,14920,72.693,112.75,1118.24,18.9947,8.1271,1.5026,54.342,3.6452,8.7896,1.3656,32.43,6.141,14.375,666.4,2999.0,3.302
2018-09-26,1.3804,4.0884,1.2962,0.96865,21.816,0.85201,0.75897,275.92,14937,72.608,112.98,1115.44,19.0321,8.1337,1.5053,54.297,3.6488,8.8407,1.3655,32.46,6.1191,14.299,662.77,2997.6,3.301
2018-09-27,1.3838,4.0395,1.307,0.9713,21.965,0.85419,0.76,276.5,14906,72.589,112.88,1112.0,18.8682,8.1161,1.5066,54.119,3.6541,8.8159,1.3647,32.425,6.0148,14.1071,659.61,2983.8,3.2946
2018-09-28,1.3863,4.02,1.3013,0.97754,22.228,0.86386,0.7665,280.21,14902,72.495,113.36,1110.7,18.8148,8.1777,1.5122,54.119,3.6951,8.9055,1.3683,32.35,6.0168,14.2059,657.49,2959.8,3.299
2018-10-01,1.3846,4.0383,1.281,0.98346,22.2,0.86162,0.76752,278.34,14910,72.911,113.95,1111.63,18.5792,8.1393,1.514,54.052,3.6874,8.9006,1.3702,32.24,5.9521,14.1587,658.51,2997.0,3.306
2018-10-02,1.3931,3.9853,1.2817,0.98363,22.341,0.86633,0.7714,280.23,15045,73.378,113.89,1118.01,18.7672,8.1775,1.5181,54.301,3.7171,8.9938,1.3742,32.37,6.0139,14.382,661.19,3015.3,3.3107
2018-10-03,1.3982,3.874,1.2833,0.98822,22.323,0.86595,0.76979,279.59,15069,73.363,113.85,1119.93,18.7755,8.1783,1.5255,54.275,3.7198,8.9881,1.376,32.385,6.0667,14.3775,663.6,3015.0,3.322
2018-10-04,1.4114,3.9224,1.2867,0.99191,22.413,0.86941,0.77013,282.06,15170,73.579,114.16,1128.73,19.0489,8.2284,1.5394,54.323,3.7447,9.0432,1.3798,32.635,6.1315,14.6768,674.93,3032.2,3.3265
2018-10-05,1.414,3.8429,1.2917,0.99366,22.373,0.86911,0.76625,282.1,15180,73.77,113.88,1128.32,19.0162,8.2681,1.5456,54.28,3.7411,9.0768,1.381,32.805,6.1675,14.7535,675.68,3029.8,3.3185
2018-10-08,1.4151,3.7544,1.2994,0.99286,22.423,0.87123,0.76677,283.1,15218,74.063,113.36,1136.76,18.85,8.2839,1.5504,54.061,3.7534,9.1012,1.3847,32.955,6.1364,14.8641,678.75,3043.4,3.3185
2018-10-09,1.417,3.7702,1.2996,0.99528,22.567,0.87451,0.76677,284.47,15292,74.403,113.21,1137.75,18.9969,8.3004,1.5552,54.243,3.7739,9.1338,1.3869,33.1,6.1376,15.0261,680.52,3058.4,3.3224
2018-10-10,1.4092,3.7298,1.2963,0.99235,22.441,0.86957,0.76042,282.65,15203,74.226,113.24,1137.17,19.0817,8.2146,1.5471,54.18,3.7475,9.113,1.383,32.925,6.077,14.6298,688.02,3092.8,3.328
2018-10-11,1.4094,3.7382,1.3047,0.98747,22.331,0.86393,0.75585,280.75,15235,74.091,112.31,1140.99,19.0937,8.2128,1.5423,54.03,3.7293,8.9952,1.3796,32.755,5.9958,14.5968,683.13,3088.4,3.328
2018-10-12,1.4028,3.783,1.3007,0.99101,22.271,0.86401,0.75721,280.07,15205,73.561,112.31,1131.17,18.8725,8.18,1.5352,54.07,3.7097,8.9505,1.3765,32.73,5.877,14.4289,679.5,3093.0,3.3335
2018-10-15,1.4015,3.756,1.3026,0.98679,22.276,0.86348,0.76025,279.29,15210,73.802,111.85,1129.1,18.8403,8.1684,1.5304,54.096,3.708,8.9733,1.3768,32.675,5.7732,14.4313,675.78,3081.0,3.3325
2018-10-16,1.4018,3.7125,1.2954,0.98766,22.284,0.86304,0.75596,277.95,15164,73.462,112.13,1123.6,18.7926,8.1296,1.5193,53.837,3.7016,8.9035,1.3744,32.565,5.7884,14.2456,668.98,3049.3,3.33
2018-10-17,1.4042,3.7372,1.2972,0.99332,22.414,0.8673,0.76275,279.75,15169,73.625,112.25,1127.04,18.8439,8.1781,1.5232,53.93,3.7242,8.9461,1.3761,32.56,5.7084,14.2646,673.45,3065.1,3.3307
2018-10-18,1.401,3.69,1.3046,0.99531,22.48,0.86919,0.76352,280.24,15193,73.603,112.51,1135.64,18.9605,8.2223,1.523,54.009,3.7365,8.9813,1.3788,32.605,5.5793,14.2637,675.88,3090.0,3.333
2018-10-19,1.4006,3.6933,1.3031,0.99573,22.552,0.87184,0.76739,281.78,15187,73.339,112.51,1130.0,19.0854,8.2405,1.5152,53.71,3.7504,9.0112,1.3775,32.57,5.6272,14.3417,679.51,3075.1,3.3293
2018-10-22,1.4081,3.7054,1.3089,0.99669,22.488,0.87002,0.76931,281.12,15197,73.56,112.78,1131.68,19.2988,8.238,1.5218,53.803,3.7328,8.9882,1.3794,32.775,5.663,14.2901,682.12,3083.3,3.3273
2018-10-23,1.4151,3.6951,1.3109,0.9953,22.49,0.87123,0.76758,281.24,15190,73.567,112.18,1137.66,19.3823,8.2813,1.5259,53.769,3.7428,9.0265,1.3785,32.85,5.7699,14.3543,681.9,3118.0,3.3307
2018-10-24,1.4107,3.7052,1.3083,0.9986,22.682,0.87804,0.77472,283.8,15197,73.167,112.71,1133.68,19.3423,8.3298,1.5285,53.742,3.7802,9.0956,1.3806,32.91,5.7065,14.352,690.37,3162.0,3.3365
2018-10-25,1.4099,3.7103,1.3046,0.99921,22.627,0.87596,0.77552,283.73,15187,73.274,112.36,1135.6,19.4946,8.3127,1.5306,53.682,3.7749,9.1039,1.3791,32.91,5.6452,14.481,686.98,3167.5,3.338
2018-10-26,1.4228,3.7131,1.3148,1.0019,22.794,0.88145,0.78167,285.95,15207,73.46,112.06,1144.26,19.5522,8.3878,1.5456,53.66,3.8058,9.1692,1.3843,33.115,5.6368,14.7194,687.01,3176.0,3.3437
2018-10-29,1.4112,3.6228,1.3107,1.0003,22.712,0.87866,0.78014,285.04,15219,73.421,112.4,1139.93,19.6494,8.3587,1.529,53.687,3.7942,9.1301,1.3827,33.21,5.5448,14.4768,693.13,3185.0,3.3501
2018-10-30,1.4092,3.7181,1.3138,1.0012,22.749,0.87935,0.78393,285.75,15214,73.628,112.8,1139.56,20.006,8.3921,1.5256,53.519,3.8082,9.1629,1.384,33.31,5.5059,14.6228,693.18,3204.0,3.3615
2018-10-31,1.4112,3.7059,1.3126,1.0072,22.903,0.88355,0.78524,287.24,15202,73.98,113.23,1140.75,20.236,8.4404,1.5305,53.429,3.8339,9.1902,1.3868,33.164,5.5005,14.8385,695.66,3215.1,3.3663
2018-11-01,1.3918,3.6933,1.3082,1.0032,22.715,0.87773,0.77392,283.47,15090,73.449,112.81,1128.5,20.181,8.3516,1.5088,53.227,3.7979,9.0545,1.3781,32.94,5.5512,14.5722,688.25,3189.3,3.3605
2018-11-02,1.3874,3.6967,1.31,1.0004,22.582,0.87589,0.76964,281.7,14918,72.445,112.89,1117.85,20.005,8.3335,1.5025,53.16,3.784,9.0324,1.3739,32.88,5.4777,14.34,685.14,3183.0,3.3487
2018-11-05,1.3899,3.7162,1.3093,1.0059,22.732,0.87951,0.76988,283.59,14976,73.078,113.29,1124.6,20.098,8.3764,1.5026,53.223,3.793,9.0825,1.3765,32.96,5.4339,14.3562,679.12,3177.0,3.3644
2018-11-06,1.3816,3.7481,1.3122,1.0028,22.605,0.87504,0.76403,281.82,14802,72.961,113.15,1120.84,19.9282,8.3521,1.4968,52.924,3.7704,9.0541,1.3732,32.94,5.3593,14.2064,680.24,3145.6,3.3684
2018-11-07,1.3711,3.7487,1.3075,0.99626,22.53,0.87055,0.76089,280.11,14580,72.499,113.19,1119.74,19.7031,8.2988,1.4759,52.741,3.7381,8.9939,1.3693,32.785,5.3414,13.9476,675.31,3127.1,3.3581
2018-11-08,1.3715,3.7309,1.3106,1.0028,22.66,0.87535,0.76298,281.37,14540,72.409,113.71,1116.84,19.8582,8.3227,1.4739,52.791,3.7566,8.9748,1.3711,32.91,5.4207,13.9697,677.52,3150.0,3.363
2018-11-09,1.3805,3.7493,1.3193,1.006,22.859,0.88137,0.76726,283.19,14685,72.501,113.93,1127.07,20.271,8.4098,1.482,53.108,3.7793,9.0471,1.3773,33.01,5.4875,14.2679,684.23,3178.5,3.369
2018-11-12,1.3869,3.7476,1.3203,1.0091,23.029,0.88771,0.7773,285.59,14807,72.889,113.8,1136.37,20.273,8.4668,1.4824,53.238,3.8143,9.1172,1.3813,33.11,5.44,14.3676,687.32,3174.3,3.3725
2018-11-13,1.3878,3.7722,1.3221,1.0095,23.034,0.88802,0.77209,286.73,14823,72.676,113.95,1134.19,20.438,8.4862,1.4816,53.179,3.8178,9.083,1.3817,33.015,5.493,14.4307,691.18,3186.1,3.3775
2018-11-14,1.3861,3.7979,1.3223,1.0088,23.012,0.88527,0.77061,285.66,14766,72.3,113.88,1132.15,20.432,8.4977,1.4741,53.106,3.7988,9.0904,1.38,32.97,5.4643,14.3436,682.33,3200.7,3.3848
2018-11-15,1.3767,3.7835,1.3223,1.0053,22.985,0.88456,0.78169,284.82,14683,71.977,113.37,1130.46,20.403,8.4943,1.4685,52.732,3.7977,9.0715,1.3773,32.975,5.4,14.2625,673.46,3187.8,3.3805
2018-11-16,1.377,3.7604,1.3181,1.0075,22.902,0.88137,0.77869,283.74,14611,71.893,113.14,1131.5,20.322,8.4715,1.4677,52.77,3.8035,9.0446,1.376,32.95,5.3547,14.2063,669.68,3166.1,3.3696
2018-11-19,1.3704,3.7549,1.3175,0.99685,22.765,0.87512,0.77958,281.48,14590,71.655,112.79,1126.83,20.273,8.4443,1.465,52.525,3.7887,8.9975,1.3725,32.925,5.315,14.0126,669.37,3173.7,3.3695
2018-11-20,1.3757,3.7579,1.3196,0.99186,22.793,0.87558,0.77846,281.28,14598,71.491,112.37,1127.71,20.404,8.5049,1.4607,52.411,3.7805,9.0301,1.3725,32.97,5.3588,14.0644,671.54,3196.1,3.3825
2018-11-21,1.3783,3.7919,1.3274,0.99404,22.791,0.8765,0.78103,281.91,14598,71.303,113.1,1128.11,20.263,8.5275,1.4625,52.233,3.7685,9.0405,1.3729,32.95,5.3368,13.9381,666.15,3190.3,3.3716
2018-11-22,1.3787,3.8032,1.3219,0.99544,22.792,0.87696,0.77697,281.96,14544,70.683,112.95,1129.1,20.228,8.5414,1.4684,52.398,3.7713,9.0358,1.3726,32.98,5.2912,13.772,668.08,3187.3,3.374
2018-11-23,1.3837,3.8059,1.323,0.99683,22.863,0.8809,0.77942,283.68,14531,70.648,112.82,1132.09,20.347,8.5769,1.4752,52.393,3.7834,9.0771,1.3746,33.08,5.2847,13.8748,674.02,3225.8,3.3775
2018-11-26,1.3785,3.8553,1.321,0.99727,22.809,0.88005,0.77832,284.17,14475,70.879,113.26,1128.1,20.427,8.562,1.4705,52.415,3.7772,9.0583,1.3732,33.04,5.2327,13.8451,676.5,3240.0,3.3745
2018-11-27,1.3799,3.8852,1.3257,0.99832,22.876,0.88277,0.78344,286.07,14487,70.763,113.58,1129.21,20.461,8.5915,1.4695,52.471,3.7873,9.0769,1.3755,32.99,5.236,13.7994,675.15,3259.5,3.3742
2018-11-28,1.382,3.862,1.3325,0.99903,22.98,0.88621,0.78204,287.46,14536,70.58,113.85,1128.26,20.434,8.6038,1.4723,52.598,3.8065,9.0876,1.3779,33.019,5.2524,13.9394,674.5,3266.0,3.3675
2018-11-29,1.3634,3.8524,1.3276,0.99447,22.804,0.87819,0.78278,284.03,14344,69.849,113.28,1120.2,20.213,8.5464,1.4554,52.407,3.7689,9.0603,1.3702,32.935,5.1591,13.628,670.24,3236.4,3.3755
2018-11-30,1.3703,3.8598,1.3308,0.99833,22.851,0.88036,0.78412,284.9,14302,69.621,113.56,1121.61,20.328,8.5747,1.4575,52.413,3.7767,9.0849,1.3717,32.88,5.1724,13.7563,671.37,3232.5,3.3781
2018-12-03,1.3549,3.827,1.3176,0.99921,22.874,0.88246,0.78671,284.82,14285,70.412,113.57,1112.28,20.043,8.5504,1.4451,52.427,3.7777,9.0324,1.367,32.785,5.2471,13.6855,668.94,3187.0,3.374
2018-12-04,1.3543,3.8252,1.3175,0.99465,22.702,0.8765,0.78059,283.29,14290,70.532,112.79,1105.3,20.34,8.4559,1.438,52.621,3.7534,8.966,1.363,32.67,5.3497,13.6114,670.39,3174.2,3.3766
2018-12-05,1.3712,3.8482,1.3278,0.99771,22.799,0.88075,0.78285,284.91,14395,70.521,113.01,1113.61,20.458,8.4974,1.4442,52.737,3.7719,8.9619,1.3669,32.755,5.3244,13.7719,672.39,3158.0,3.3727
2018-12-06,1.3871,3.9089,1.3416,0.99586,22.809,0.88098,0.78346,285.22,14520,70.919,112.8,1121.51,20.583,8.548,1.4551,52.869,3.7777,9.0173,1.3708,32.845,5.3693,14.0778,675.32,3184.2,3.3725
2018-12-07,1.3865,3.901,1.3394,0.99367,22.734,0.87943,0.78344,284.5,14470,70.803,112.88,1124.5,20.354,8.5278,1.4562,52.818,3.7723,9.0287,1.3704,32.855,5.331,14.1301,674.54,3144.1,3.3645
2018-12-10,1.3866,3.8971,1.332,0.98862,22.64,0.87527,0.78989,282.84,14592,72.411,112.73,1126.84,20.247,8.4801,1.4513,52.838,3.7568,9.0442,1.3713,32.845,5.2953,14.3075,678.09,3189.8,3.3635
2018-12-11,1.3866,3.9034,1.3392,0.98849,22.713,0.87881,0.79293,284.21,14610,71.904,113.15,1128.54,20.231,8.5278,1.4523,52.737,3.7774,9.0491,1.3724,32.795,5.3867,14.3161,683.33,3184.5,3.3555
2018-12-12,1.3866,3.8675,1.337,0.99471,22.797,0.88137,0.79442,285.06,14597,71.999,113.41,1128.7,20.063,8.5726,1.4607,52.63,3.7886,9.1305,1.3729,32.78,5.3669,14.2319,677.83,3167.0,3.3536
2018-12-13,1.3833,3.8768,1.3361,0.99261,22.715,0.87943,0.79015,284.18,14507,71.612,113.5,1124.4,20.142,8.5646,1.4567,52.667,3.775,9.0599,1.3708,32.71,5.3617,14.1788,681.99,3178.0,3.3445
2018-12-14,1.3959,3.9104,1.3376,0.99725,22.857,0.88613,0.79606,287.04,14621,71.972,113.54,1134.4,20.4,8.6163,1.4721,53.15,3.8081,9.0926,1.3765,32.81,5.3876,14.3718,683.49,3192.0,3.3415
2018-12-17,1.3933,3.911,1.3393,0.99233,22.75,0.88176,0.79261,285.09,14575,71.607,113.25,1130.6,20.13,8.6269,1.4697,53.014,3.777,9.0578,1.3745,32.8,5.375,14.3561,688.12,3177.3,3.3385
2018-12-18,1.3896,3.8996,1.3403,0.99156,22.636,0.87897,0.78856,284.0,14479,70.537,112.38,1128.9,20.066,8.6873,1.4552,53.081,3.7662,9.0323,1.3703,32.765,5.3425,14.3365,689.85,3202.6,3.3427
2018-12-19,1.3923,3.9031,1.3443,0.99325,22.591,0.87681,0.79192,283.12,14443,70.25,112.33,1126.0,20.056,8.7133,1.4581,53.078,3.7556,9.0656,1.3698,32.715,5.3363,14.2571,690.49,3217.3,3.347
2018-12-20,1.4016,3.8491,1.347,0.98952,22.496,0.87329,0.78888,281.05,14448,69.818,111.73,1121.9,19.89,8.6429,1.4745,53.11,3.7443,8.9538,1.3691,32.67,5.2676,14.1996,690.99,3268.0,3.3447
2018-12-21,1.4089,3.8636,1.3544,0.99106,22.652,0.87612,0.79039,282.08,14628,70.124,111.25,1123.8,19.936,8.7111,1.4828,53.045,3.7542,9.0006,1.3703,32.65,5.3045,14.4343,693.24,3292.0,3.358
2018-12-24,1.4188,3.904,1.3592,0.99158,22.717,0.87658,0.78925,281.38,14589,70.144,110.86,1125.18,19.8589,8.768,1.4879,52.96,3.756,9.0663,1.3723,32.575,5.3015,14.628,688.19,3291.5,3.3515
2018-12-27,1.4205,3.9365,1.3624,0.99139,22.728,0.87897,0.79171,282.64,14598,70.268,110.87,1122.3,19.8893,8.7631,1.4911,52.73,3.7747,9.0292,1.3727,32.545,5.2797,14.5212,696.65,3278.0,3.3661
2018-12-28,1.4157,3.8787,1.3621,0.98018,22.506,0.87306,0.78814,280.78,14527,70.045,110.35,1116.95,19.6918,8.7077,1.4894,52.63,3.7566,8.9727,1.3656,32.58,5.2733,14.3623,693.08,3245.0,3.3695
2018-12-31,1.4166,3.8812,1.3629,0.98419,22.466,0.87336,0.78125,280.33,14410,69.633,109.91,1116.1,19.6437,8.6885,1.4896,52.5,3.7567,8.9562,1.3617,32.36,5.2915,14.375,693.0,3246.0,3.3675
2019-01-02,1.4278,3.8545,1.3641,0.98614,22.595,0.87742,0.79113,282.86,14463,70.182,109.05,1121.8,19.649,8.696,1.4959,52.552,3.7698,8.9624,1.3648,32.295,5.3637,14.4841,696.41,3237.5,3.3636
2019-01-03,1.4352,3.7728,1.3564,0.98863,22.632,0.88121,0.79584,284.11,14410,70.152,107.69,1127.22,19.5964,8.734,1.5056,52.59,3.787,9.0596,1.366,32.18,5.4854,14.465,693.43,3243.0,3.363
2019-01-04,1.4197,3.7612,1.3442,0.98711,22.497,0.87696,0.78916,281.9,14243,69.659,108.04,1121.75,19.5633,8.6511,1.4948,52.45,3.7672,8.9854,1.3615,32.085,5.4115,14.1344,680.86,3190.7,3.3412
2019-01-07,1.4015,3.695,1.3352,0.98095,22.343,0.87374,0.78392,280.57,14087,69.629,108.26,1119.4,19.3272,8.5643,1.4788,52.407,3.7491,8.9327,1.357,31.985,5.3582,13.8614,681.0,3179.0,3.347
2019-01-08,1.4023,3.7241,1.3294,0.98182,22.414,0.87413,0.78447,281.6,14145,70.14,108.79,1126.42,19.3706,8.5446,1.488,52.497,3.7635,8.9034,1.3592,32.085,5.494,14.0179,680.17,3148.9,3.3362
2019-01-09,1.3952,3.6879,1.3245,0.98036,22.374,0.87298,0.78492,280.97,14125,70.397,108.86,1121.05,19.2938,8.5262,1.476,52.28,3.751,8.9278,1.356,32.005,5.5346,13.9796,675.68,3133.8,3.334
2019-01-10,1.3898,3.6802,1.3221,0.97755,22.216,0.86693,0.7839,278.42,14079,70.394,108.11,1117.5,19.1834,8.4519,1.4723,52.16,3.7242,8.8689,1.351,31.905,5.4364,13.8475,675.53,3135.4,3.3393
2019-01-11,1.3847,3.7153,1.322,0.98214,22.202,0.86708,0.7805,278.85,14087,70.537,108.31,1117.8,19.1416,8.4608,1.463,52.203,3.7261,8.8735,1.3513,31.93,5.4647,13.8398,674.53,3135.2,3.3432
2019-01-14,1.3905,3.7271,1.3278,0.98177,22.291,0.87207,0.77843,280.22,14124,70.829,108.08,1123.07,19.1707,8.5348,1.4668,52.247,3.7434,8.9381,1.354,31.94,5.515,13.8849,673.38,3136.0,3.339
2019-01-15,1.3904,3.7089,1.3265,0.98617,22.384,0.87535,0.77928,282.56,14124,71.105,108.56,1123.3,19.0231,8.5447,1.4668,52.1,3.7579,8.9638,1.3545,31.9,5.4517,13.8198,675.22,3139.3,3.3295
2019-01-16,1.3938,3.7116,1.3259,0.98946,22.446,0.87804,0.77786,282.36,14150,71.13,108.8,1122.45,18.999,8.5484,1.4766,52.215,3.7648,8.9989,1.3556,31.71,5.3706,13.705,668.64,3115.6,3.3268
2019-01-17,1.3948,3.7626,1.3297,0.99263,22.409,0.8775,0.77448,280.86,14180,71.06,108.77,1123.8,18.9891,8.5627,1.4825,52.516,3.7588,9.0258,1.3559,31.745,5.3721,13.7715,670.22,3130.3,3.32
2019-01-18,1.3901,3.745,1.3273,0.99377,22.435,0.87704,0.77289,278.98,14202,71.119,109.44,1121.5,19.0405,8.5264,1.477,52.607,3.7652,8.991,1.3562,31.715,5.3579,13.7859,670.83,3120.8,3.3165
2019-01-21,1.3984,3.7716,1.3305,0.99833,22.525,0.88013,0.77718,279.63,14241,71.229,109.66,1131.3,19.1692,8.5758,1.487,52.773,3.7767,9.0226,1.3604,31.79,5.3395,13.8665,671.88,3124.3,3.3265
2019-01-22,1.4024,3.7539,1.3324,0.99753,22.558,0.88075,0.77506,280.06,14233,71.385,109.43,1131.56,19.1827,8.5986,1.4871,52.894,3.772,9.031,1.3609,31.82,5.3505,13.8907,673.45,3143.7,3.3302
2019-01-23,1.4018,3.8043,1.3312,0.99718,22.603,0.87974,0.76725,279.86,14173,71.303,109.7,1127.83,19.1387,8.583,1.4728,52.698,3.7729,9.0129,1.3591,31.755,5.3084,13.8717,671.9,3151.2,3.3352
2019-01-24,1.4079,3.78,1.3367,0.99489,22.657,0.88176,0.76788,280.77,14165,71.122,109.72,1129.69,19.0486,8.5776,1.4753,52.822,3.7811,9.0682,1.3606,31.73,5.2813,13.7871,671.83,3169.5,3.3437
2019-01-25,1.4048,3.7667,1.3315,0.99683,22.649,0.88137,0.76309,280.5,14085,71.065,109.92,1120.1,18.9097,8.5532,1.4736,52.584,3.7819,9.0763,1.3566,31.62,5.2711,13.6524,669.22,3149.5,3.3387
2019-01-28,1.3937,3.7548,1.3238,0.99238,22.531,0.87581,0.76097,278.1,14063,71.142,109.42,1118.6,19.0287,8.5234,1.4615,52.51,3.7538,9.0649,1.3536,31.55,5.3016,13.6506,670.52,3156.5,3.354
2019-01-29,1.3968,3.7415,1.3257,0.99387,22.542,0.8755,0.75937,277.72,14090,71.187,109.46,1118.3,19.0116,8.4954,1.4616,52.484,3.7626,9.0622,1.3521,31.51,5.3112,13.6193,667.12,3151.6,3.3521
2019-01-30,1.3899,3.7092,1.3222,0.99773,22.576,0.87497,0.76421,276.95,14130,71.179,109.44,1118.19,19.0962,8.4818,1.4632,52.3,3.754,9.0859,1.351,31.38,5.275,13.6043,663.53,3161.7,3.3477
2019-01-31,1.3742,3.6596,1.3152,0.99312,22.423,0.87047,0.76234,274.97,13910,71.109,108.64,1112.1,19.0634,8.4108,1.4456,52.092,3.7201,9.0294,1.3457,31.235,5.1958,13.2678,655.41,3102.3,3.3304
2019-02-01,1.3764,3.671,1.3142,0.99346,22.4,0.87176,0.76618,276.9,13957,71.284,108.89,1117.02,19.1317,8.4286,1.4443,52.233,3.7258,9.0557,1.3488,31.29,5.2205,13.3259,653.4,3087.0,3.3225
2019-02-04,1.3851,3.6821,1.3116,0.9979,22.48,0.87374,0.76608,277.68,14012,71.813,109.89,1120.6,19.1682,8.4779,1.4534,52.462,3.741,9.0968,1.3533,31.32,5.2157,13.405,652.19,3085.0,3.3245
2019-02-05,1.3806,3.6717,1.3128,1.0011,22.496,0.87543,0.76865,277.87,13975,71.645,109.94,1117.7,19.0327,8.4726,1.4494,52.301,3.7531,9.1043,1.3521,31.275,5.2039,13.3742,651.15,3107.0,3.3207
2019-02-06,1.4014,3.6876,1.3182,1.0,22.627,0.87765,0.7712,279.65,13922,71.573,109.75,1120.84,19.0995,8.5061,1.4586,52.365,3.7672,9.1503,1.3533,31.23,5.2142,13.4608,654.44,3104.0,3.3187
2019-02-07,1.4063,3.7195,1.3266,1.0011,22.749,0.88145,0.77347,281.44,14000,71.476,109.66,1125.0,19.1617,8.5723,1.479,52.209,3.7922,9.2314,1.3561,31.235,5.2628,13.6336,658.16,3114.2,3.3202
2019-02-08,1.4107,3.7101,1.3307,1.001,22.745,0.88137,0.77111,280.57,13965,71.276,109.79,1122.83,19.0402,8.6103,1.4815,52.132,3.7955,9.252,1.3552,31.485,5.2431,13.6098,657.62,3113.6,3.3195
2019-02-11,1.4133,3.7377,1.3268,1.0037,22.846,0.88425,0.77474,282.66,14081,71.138,110.2,1125.3,19.0919,8.6825,1.4827,52.148,3.8163,9.2721,1.3586,31.42,5.2691,13.7363,661.54,3136.9,3.3177
2019-02-12,1.4099,3.7193,1.3252,1.0075,22.903,0.88527,0.77643,281.33,14069,70.645,110.39,1123.61,19.2449,8.6712,1.4843,52.105,3.8296,9.271,1.3575,31.3,5.2554,13.7678,659.94,3124.5,3.329
2019-02-13,1.4065,3.7296,1.3244,1.0058,22.817,0.88456,0.77446,281.49,14068,70.827,110.74,1123.4,19.3534,8.6342,1.468,52.162,3.8288,9.2068,1.3568,31.33,5.2528,13.8758,663.3,3139.0,3.3365
2019-02-14,1.4065,3.7898,1.3267,1.0091,22.888,0.88747,0.78048,283.16,14090,71.175,111.04,1127.43,19.4471,8.6604,1.4633,52.354,3.85,9.2985,1.3587,31.355,5.317,14.17,664.06,3149.1,3.336
2019-02-15,1.4064,3.7169,1.3285,1.0071,22.832,0.8881,0.78098,282.6,14142,71.368,110.52,1127.28,19.3295,8.6758,1.4593,52.43,3.8461,9.3084,1.3582,31.27,5.2684,14.1218,661.56,3130.0,3.336
2019-02-18,1.397,3.7264,1.3234,1.0029,22.7,0.88277,0.77348,280.73,14107,71.398,110.55,1125.8,19.2488,8.6077,1.4542,52.37,3.8217,9.2413,1.3557,31.22,5.3036,14.1016,660.62,3131.5,3.3315
2019-02-19,1.4061,3.7222,1.3247,1.005,22.77,0.88543,0.77196,281.97,14102,71.454,110.76,1127.59,19.2173,8.6294,1.4653,52.214,3.8381,9.3855,1.3568,31.21,5.3087,14.1668,655.24,3114.3,3.31
2019-02-20,1.3969,3.7047,1.3186,1.0,22.641,0.88168,0.76658,279.78,14040,71.151,110.75,1122.79,19.1589,8.5818,1.4559,52.022,3.8305,9.3196,1.3513,31.095,5.3068,14.1381,652.88,3109.4,3.32
2019-02-21,1.4065,3.7411,1.3168,1.0011,22.589,0.88075,0.76453,279.41,14073,71.112,110.71,1125.25,19.2144,8.6144,1.4663,52.134,3.8177,9.3525,1.3521,31.17,5.3234,13.9633,654.22,3122.4,3.3195
2019-02-22,1.406,3.7432,1.3224,1.0019,22.664,0.883,0.77053,280.82,14057,71.126,110.87,1124.24,19.2327,8.6219,1.4692,52.143,3.8296,9.3596,1.3531,31.34,5.3314,14.005,650.93,3106.5,3.304
2019-02-25,1.3942,3.7272,1.3143,0.99965,22.592,0.88067,0.76467,279.72,14018,70.92,110.74,1117.74,19.0594,8.5971,1.4505,51.877,3.8186,9.3169,1.3493,31.275,5.3123,13.8779,650.25,3100.5,3.302
2019-02-26,1.3993,3.7474,1.3224,1.0009,22.589,0.8802,0.75746,279.08,14011,71.165,110.84,1117.86,19.1128,8.6018,1.4541,52.059,3.8097,9.3177,1.3495,31.32,5.3036,13.865,647.73,3079.5,3.3015
2019-02-27,1.3972,3.7283,1.3141,0.99719,22.537,0.87827,0.75095,277.88,14024,71.281,110.57,1118.45,19.1595,8.53,1.4563,51.801,3.7894,9.2608,1.3478,31.39,5.2922,13.8625,648.93,3069.0,3.295
2019-02-28,1.4005,3.7393,1.3176,0.9929,22.426,0.87596,0.75188,276.77,14077,70.857,110.76,1122.17,19.1897,8.5203,1.4615,51.681,3.7744,9.184,1.3481,31.52,5.3153,13.9698,655.5,3080.3,3.3015
2019-03-01,1.4056,3.7808,1.3152,0.99824,22.521,0.8785,0.75523,277.66,14115,70.895,111.88,1126.35,19.3218,8.545,1.4632,51.819,3.786,9.2245,1.3525,31.725,5.3791,14.1813,659.39,3094.7,3.305
2019-03-04,1.4104,3.7747,1.3312,1.0013,22.599,0.88207,0.75659,278.59,14130,70.883,111.94,1126.12,19.3499,8.6119,1.4695,51.8,3.7919,9.3096,1.3549,31.88,5.3826,14.2421,659.84,3093.95,3.2995
2019-03-05,1.4138,3.7755,1.3343,1.0011,22.617,0.88269,0.76227,278.59,14129,70.559,111.93,1126.85,19.2921,8.6524,1.4725,52.366,3.797,9.3144,1.3556,31.79,5.387,14.1683,657.47,3096.85,3.3095
2019-03-06,1.4217,3.7755,1.3382,1.0049,22.638,0.88456,0.76046,279.09,14152,70.263,111.81,1127.86,19.2835,8.6723,1.4754,52.263,3.8033,9.3211,1.3577,31.855,5.4177,14.2046,659.97,3104.45,3.3029
2019-03-07,1.4208,3.8359,1.3425,1.0075,22.722,0.88723,0.76196,279.8,14187,69.988,111.76,1129.58,19.363,8.6825,1.4756,52.278,3.8143,9.3714,1.3582,31.78,5.4273,14.3301,667.47,3140.0,3.304
2019-03-08,1.4226,3.8857,1.3455,1.0091,22.849,0.89111,0.76551,281.55,14319,70.16,111.14,1136.7,19.5687,8.7982,1.473,52.313,3.8319,9.4739,1.3596,31.79,5.4613,14.527,670.68,3171.3,3.3135
2019-03-11,1.4172,3.8487,1.3423,1.0093,22.818,0.88936,0.76699,280.9,14290,69.857,111.09,1134.19,19.4273,8.6891,1.4667,52.251,3.8237,9.4096,1.3592,31.71,5.4409,14.365,670.21,3177.2,3.3095
2019-03-12,1.4125,3.8177,1.3402,1.0083,22.765,0.88692,0.76404,279.69,14265,69.639,111.1,1129.83,19.3064,8.6355,1.4577,52.89,3.8132,9.3761,1.3563,31.66,5.4577,14.2959,665.08,3147.0,3.2985
2019-03-13,1.416,3.8273,1.3348,1.0062,22.709,0.88472,0.7598,278.33,14237,69.594,111.38,1131.66,19.3055,8.6035,1.4632,52.705,3.8037,9.3373,1.3558,31.61,5.465,14.3313,668.1,3144.05,3.2925
2019-03-14,1.4192,3.8362,1.3346,1.005,22.725,0.88535,0.75456,278.38,14298,69.476,111.63,1136.45,19.3732,8.6016,1.4683,52.768,3.8098,9.3292,1.3568,31.78,5.4752,14.5038,671.29,3140.5,3.291
2019-03-15,1.4139,3.8536,1.3369,1.0046,22.699,0.88433,0.75535,277.99,14276,69.043,111.57,1136.05,19.2634,8.5674,1.462,52.61,3.807,9.2823,1.3542,31.7,5.4703,14.4837,669.5,3120.0,3.294
2019-03-18,1.4081,3.8173,1.3335,1.001,22.571,0.88113,0.75478,277.01,14237,68.536,111.5,1131.96,19.1629,8.5223,1.4571,52.7,3.787,9.2205,1.3512,31.68,5.4611,14.3778,665.5,3098.5,3.2935
2019-03-19,1.4075,3.7751,1.3259,0.99956,22.543,0.88044,0.7532,275.77,14175,68.983,111.45,1129.73,18.9989,8.5178,1.4558,52.852,3.7752,9.1992,1.3508,31.68,5.4755,14.415,666.9,3096.3,3.2935
2019-03-20,1.4091,3.7883,1.3321,0.99859,22.588,0.88075,0.75991,275.93,14165,68.818,111.53,1129.08,18.951,8.5358,1.4591,52.882,3.7726,9.1871,1.3506,31.735,5.474,14.4251,662.06,3086.5,3.2973
2019-03-21,1.4038,3.7696,1.3339,0.99315,22.524,0.87819,0.76096,276.25,14117,68.562,110.58,1128.8,18.818,8.4463,1.4508,52.595,3.7593,9.1585,1.348,31.72,5.4589,14.1948,667.03,3086.5,3.294
2019-03-22,1.4089,3.8719,1.3409,0.99478,22.763,0.8848,0.75995,279.8,14198,68.977,110.25,1135.03,18.9745,8.5315,1.454,52.501,3.7969,9.2659,1.3507,31.67,5.5724,14.3752,678.23,3128.0,3.2943
2019-03-25,1.4067,3.888,1.3425,0.99223,22.745,0.883,0.75619,279.77,14180,68.915,110.07,1132.95,19.0764,8.5289,1.4493,52.46,3.7928,9.223,1.3498,31.615,5.6004,14.3927,679.38,3126.63,3.2963
2019-03-26,1.4022,3.8586,1.3402,0.99389,22.823,0.88566,0.75573,279.96,14170,68.865,110.46,1134.45,19.0488,8.5376,1.4476,52.612,3.8025,9.2342,1.351,31.645,5.5269,14.367,680.19,3153.9,3.2955
2019-03-27,1.4109,3.9244,1.341,0.99423,22.908,0.88802,0.75587,284.14,14240,69.141,110.49,1137.55,19.2603,8.6094,1.4713,52.764,3.8128,9.2619,1.355,31.83,5.5341,14.586,681.05,3173.8,3.3155
2019-03-28,1.4129,3.975,1.343,0.99706,22.986,0.89142,0.76266,285.13,14267,69.331,110.68,1139.16,19.4188,8.6807,1.4717,52.864,3.8287,9.3386,1.3574,31.87,5.6523,14.7033,681.21,3173.45,3.3153
2019-03-29,1.4082,3.9043,1.3351,0.99519,22.966,0.89008,0.76395,285.76,14240,69.176,110.77,1136.15,19.3066,8.5972,1.4686,52.581,3.8279,9.255,1.3542,31.715,5.6472,14.4764,680.05,3186.03,3.3145
2019-04-01,1.404,3.8772,1.3355,0.99502,22.954,0.89,0.76235,285.72,14225,69.32,110.96,1134.96,19.2631,8.5778,1.4648,52.485,3.8261,9.2738,1.354,31.735,5.53,14.1665,668.34,3140.65,3.3045
2019-04-02,1.4122,3.8604,1.3321,0.99955,22.994,0.89286,0.76786,287.21,14220,68.754,111.37,1136.38,19.1045,8.6112,1.4771,52.416,3.8351,9.323,1.3552,31.75,5.5483,14.13,672.95,3144.05,3.3093
2019-04-03,1.4048,3.8362,1.331,0.99671,22.88,0.88944,0.75949,284.67,14177,68.425,111.45,1134.35,19.1408,8.558,1.4721,52.128,3.8184,9.2769,1.3528,31.75,5.6047,14.1528,667.09,3121.58,3.2953
2019-04-04,1.4066,3.8631,1.3359,0.99893,22.901,0.89135,0.76137,285.06,14168,69.162,111.43,1137.42,19.2058,8.5844,1.4795,52.266,3.8232,9.2767,1.3537,31.78,5.636,14.1508,664.62,3127.93,3.296
2019-04-05,1.4054,3.8517,1.338,1.0002,22.802,0.89023,0.76505,285.54,14156,69.249,111.67,1137.4,19.1383,8.6006,1.4833,52.112,3.8188,9.2816,1.3545,31.9,5.5956,14.0726,664.91,3122.48,3.2927
2019-04-08,1.407,3.8732,1.3375,0.99991,22.794,0.88921,0.76634,285.91,14163,69.644,111.47,1145.39,19.0637,8.5635,1.4844,52.137,3.8135,9.2766,1.3554,31.96,5.6714,14.0994,663.59,3113.25,3.2873
2019-04-09,1.3994,3.8548,1.3287,0.99938,22.717,0.88676,0.76558,285.09,14133,69.334,111.3,1139.45,18.9306,8.5298,1.4825,52.037,3.8015,9.2445,1.3528,31.75,5.6802,14.0299,664.34,3101.45,3.2872
2019-04-10,1.3995,3.8391,1.3327,1.0001,22.704,0.8866,0.76321,285.34,14150,69.15,111.16,1137.59,18.8651,8.5021,1.4804,51.904,3.7976,9.2561,1.3528,31.775,5.687,13.9543,661.96,3093.68,3.2895
2019-04-11,1.3991,3.8371,1.3376,1.0036,22.733,0.88778,0.76499,285.61,14174,68.968,111.24,1140.95,18.8947,8.5125,1.483,51.941,3.8024,9.2658,1.3542,31.825,5.7461,14.005,663.51,3117.0,3.2895
2019-04-12,1.3931,3.8763,1.3322,1.0004,22.633,0.88331,0.76221,284.34,14092,69.156,111.97,1133.29,18.7581,8.4816,1.4794,51.721,3.7802,9.2561,1.3531,31.76,5.7725,13.9238,660.69,3112.0,3.2915
2019-04-15,1.3932,3.888,1.3312,1.0028,22.651,0.88394,0.76288,283.08,14060,69.425,111.96,1132.65,18.7837,8.4874,1.4787,51.689,3.7781,9.2467,1.3523,31.765,5.8019,13.9832,660.67,3137.93,3.291
2019-04-16,1.3947,3.8852,1.3366,1.0058,22.701,0.88456,0.76418,282.87,14085,69.566,111.98,1135.05,18.8899,8.4802,1.4784,51.762,3.781,9.2559,1.3536,31.81,5.8132,14.0466,661.51,3160.98,3.294
2019-04-17,1.3903,3.8975,1.3335,1.0088,22.703,0.88488,0.76624,282.89,14085,69.425,111.95,1133.22,18.8311,8.4752,1.4852,51.66,3.7812,9.2388,1.3526,31.79,5.7488,13.9697,661.66,3155.5,3.2915
2019-04-18,1.3972,3.9294,1.3391,1.0118,22.828,0.88889,0.76862,284.52,14043,69.394,111.88,1136.84,18.8711,8.5314,1.495,51.686,3.8032,9.312,1.3556,31.815,5.821,14.0873,661.81,3146.25,3.2907
2019-04-23,1.4063,3.9307,1.339,1.02,22.893,0.88928,0.76879,285.33,14075,69.642,111.89,1142.07,18.8848,8.5233,1.5019,52.06,3.8118,9.3437,1.357,31.965,5.815,14.2006,667.48,3177.0,3.3095
2019-04-24,1.4205,3.924,1.3452,1.0185,22.954,0.89214,0.7721,286.38,14095,69.85,111.82,1151.07,18.9687,8.5708,1.5097,52.182,3.8269,9.3684,1.3592,32.0,5.8779,14.357,672.58,3219.03,3.325
2019-04-25,1.43,3.9956,1.3506,1.022,23.139,0.89904,0.77708,289.86,14233,70.286,111.89,1163.15,19.1495,8.6881,1.5179,52.284,3.8614,9.5563,1.3655,32.14,5.9566,14.531,674.36,3233.35,3.3315
2019-04-26,1.4214,3.9643,1.3491,1.0215,23.089,0.89823,0.77553,289.33,14196,70.017,111.78,1160.93,19.0613,8.6817,1.5035,52.164,3.8514,9.4977,1.3631,31.99,5.9501,14.4149,674.85,3226.55,3.3245
2019-04-29,1.4193,3.9326,1.3478,1.0205,23.033,0.89686,0.77435,289.36,14200,69.833,111.78,1160.54,18.948,8.6891,1.5004,52.12,3.8515,9.5169,1.3624,31.95,5.9378,14.345,677.8,3250.5,3.313
2019-04-30,1.4183,3.9267,1.3438,1.0195,22.873,0.89142,0.76884,287.9,14222,69.586,111.37,1165.99,18.9722,8.6181,1.498,51.814,3.8214,9.4803,1.3606,31.915,5.9648,14.2828,677.34,3231.25,3.304
2019-05-02,1.4244,3.9328,1.3436,1.0185,22.875,0.8919,0.76641,288.98,14250,69.374,111.5,1163.17,18.9502,8.6916,1.5087,51.751,3.8173,9.53,1.361,32.025,5.9643,14.4647,681.45,3256.0,3.3155
2019-05-03,1.4292,3.9618,1.3464,1.0204,23.05,0.89646,0.76903,289.9,14255,69.26,111.52,1169.95,19.1286,8.7658,1.5111,51.869,3.8416,9.596,1.3634,32.025,5.9744,14.5291,676.68,3235.2,3.3005
2019-05-06,1.4306,3.9707,1.3479,1.0182,22.962,0.89294,0.76319,288.8,14292,69.41,110.84,1170.8,19.041,8.7423,1.5123,51.957,3.8246,9.5775,1.3632,31.905,6.021,14.5146,678.43,3253.25,3.3095
2019-05-07,1.4255,3.9681,1.3469,1.0206,23.005,0.89405,0.76571,289.94,14280,69.414,110.62,1171.06,19.0156,8.7264,1.516,51.952,3.8321,9.5793,1.3627,31.9,6.1467,14.4139,684.3,3298.0,3.3095
2019-05-08,1.4272,3.954,1.3457,1.0183,22.966,0.8927,0.76857,289.39,14295,69.702,110.08,1172.55,19.0778,8.7739,1.517,52.167,3.8307,9.596,1.362,31.8,6.1839,14.3448,684.07,3291.43,3.3085
2019-05-09,1.4336,3.9639,1.3484,1.0176,22.977,0.89342,0.76941,288.87,14350,69.994,109.81,1183.04,19.1557,8.7615,1.5201,52.244,3.8358,9.6465,1.3639,31.785,6.2293,14.3332,684.43,3273.0,3.311
2019-05-10,1.43,3.9541,1.3475,1.0132,22.914,0.89047,0.76803,288.09,14405,69.998,109.75,1180.16,19.1977,8.7438,1.516,52.29,3.8255,9.6267,1.3629,31.58,6.1297,14.2264,685.83,3272.1,3.311
2019-05-13,1.4355,3.9993,1.3443,1.0066,22.922,0.88928,0.7679,287.87,14416,70.558,109.44,1187.95,19.2388,8.7281,1.5195,52.44,3.8282,9.633,1.3685,31.675,6.1077,14.3057,693.03,3302.98,3.323
2019-05-14,1.4397,3.9857,1.3466,1.0072,22.939,0.89079,0.77252,288.82,14430,70.406,109.57,1187.6,19.168,8.7288,1.5193,52.466,3.8358,9.6018,1.3688,31.5,6.0335,14.23,691.75,3288.6,3.32
2019-05-15,1.4456,3.9935,1.348,1.0083,23.035,0.89421,0.77636,290.75,14460,70.355,109.31,1190.48,19.2024,8.7636,1.5262,52.39,3.8535,9.6296,1.3697,31.585,6.061,14.2735,691.45,3282.75,3.3175
2019-05-16,1.4472,3.9975,1.3424,1.0092,22.937,0.89262,0.78071,289.46,14450,70.043,109.62,1189.12,19.027,8.7042,1.5231,52.483,3.8349,9.6037,1.3693,31.595,6.0237,14.1529,695.6,3297.5,3.3135
2019-05-17,1.4535,4.0535,1.3493,1.0099,23.051,0.89509,0.78406,292.14,14450,70.205,109.51,1194.4,19.1855,8.7677,1.5312,52.728,3.8517,9.6366,1.3753,31.775,6.0561,14.3812,696.85,3320.03,3.3295
2019-05-20,1.4454,4.0894,1.3432,1.0086,23.073,0.8955,0.78463,291.73,14477,69.657,109.85,1193.8,19.109,8.7739,1.5287,52.714,3.8478,9.6416,1.376,31.85,6.028,14.363,695.89,3350.03,3.335
2019-05-21,1.4535,4.0935,1.3409,1.0101,23.094,0.89598,0.78497,292.55,14483,69.692,110.45,1193.33,19.07,8.7728,1.5359,52.552,3.8581,9.6535,1.3782,31.935,6.0465,14.4171,694.61,3339.05,3.3433
2019-05-22,1.4521,4.0429,1.3385,1.0073,23.089,0.89518,0.79026,292.31,14525,69.698,110.35,1189.96,19.0081,8.7367,1.5373,52.466,3.8527,9.6321,1.3785,31.945,6.097,14.3679,697.28,3333.53,3.3425
2019-05-23,1.4543,4.0566,1.3466,1.0076,23.181,0.89775,0.79091,293.52,14481,69.948,110.03,1191.68,19.0215,8.7569,1.5401,52.516,3.8661,9.6394,1.3817,31.995,6.1323,14.4479,696.15,3375.0,3.3455
2019-05-24,1.4486,4.0446,1.3456,1.0025,23.089,0.89389,0.78947,291.36,14393,69.545,109.6,1187.35,19.0453,8.7207,1.5294,52.206,3.8414,9.5734,1.3769,31.855,6.0774,14.4412,693.55,3357.43,3.342
2019-05-27,1.4438,4.0101,1.345,1.0053,23.07,0.89302,0.78786,290.9,14380,69.528,109.45,1184.9,19.0472,8.709,1.5277,52.211,3.8342,9.5685,1.3746,31.83,6.043,14.4569,693.25,3356.0,3.3415
2019-05-28,1.4441,4.048,1.3466,1.0055,23.091,0.8935,0.78961,291.82,14375,69.605,109.41,1188.25,19.1029,8.6816,1.5268,52.26,3.8377,9.5483,1.3778,31.81,6.0338,14.6081,707.18,3374.6,3.3473
2019-05-29,1.4446,4.0285,1.3504,1.0055,23.181,0.89638,0.79083,292.64,14417,69.821,109.28,1195.14,19.2273,8.7603,1.5333,52.331,3.8542,9.5969,1.3816,31.84,6.0183,14.815,704.36,3350.3,3.3535
2019-05-30,1.4458,3.9812,1.3498,1.0084,23.209,0.89815,0.79197,291.67,14400,69.887,109.66,1190.92,19.1387,8.7694,1.5354,52.15,3.8519,9.5494,1.3796,31.82,5.891,14.6418,709.58,3362.98,3.359
2019-05-31,1.447,3.9873,1.3555,1.0056,23.151,0.89678,0.79538,290.86,14332,69.717,108.75,1191.2,19.6323,8.7808,1.5365,52.215,3.8421,9.5408,1.3791,31.64,5.8533,14.6923,709.46,3374.0,3.3762
2019-06-03,1.4374,3.9202,1.3498,0.99794,23.095,0.89405,0.79229,289.43,14238,69.264,108.33,1183.24,19.7702,8.7419,1.5235,51.866,3.8295,9.4931,1.3704,31.415,5.8842,14.565,703.2,3371.0,3.3555
2019-06-04,1.4333,3.881,1.3439,0.99413,22.896,0.88936,0.7892,286.37,14223,69.258,108.16,1183.65,19.7083,8.7033,1.5174,51.767,3.8067,9.4504,1.3693,31.295,5.8071,14.6559,692.99,3290.33,3.347
2019-06-05,1.4315,3.8578,1.3387,0.99165,22.792,0.88834,0.78734,285.61,14204,69.333,108.34,1176.45,19.6225,8.6824,1.5051,51.772,3.8001,9.439,1.3648,31.36,5.7159,14.7366,692.74,3303.5,3.3465
2019-06-06,1.4319,3.8753,1.34,0.99183,22.779,0.88763,0.78606,285.19,14194,69.251,108.13,1179.57,19.7737,8.7061,1.5075,51.703,3.798,9.4244,1.3637,31.32,5.7708,14.8698,692.34,3288.48,3.3395
2019-06-07,1.4347,3.8782,1.336,0.99273,22.746,0.88708,0.78661,285.22,14248,69.486,108.46,1185.33,19.7374,8.6901,1.5094,51.987,3.7891,9.4529,1.3667,31.35,5.8425,15.052,692.63,3265.0,3.333
2019-06-10,1.4366,3.8826,1.3277,0.99106,22.676,0.88488,0.78974,283.35,14245,69.59,108.65,1185.49,19.2479,8.6548,1.5119,52.092,3.773,9.42,1.3674,31.345,5.7969,14.8653,699.1,3256.0,3.33
2019-06-11,1.4375,3.8775,1.3253,0.99231,22.65,0.88339,0.78697,283.13,14238,69.449,108.74,1181.52,19.1502,8.6307,1.52,51.952,3.7701,9.4371,1.3645,31.275,5.8085,14.765,692.74,3253.0,3.3295
2019-06-12,1.4388,3.856,1.3299,0.99373,22.621,0.88316,0.78429,283.87,14242,69.32,108.38,1181.5,19.131,8.6391,1.5196,51.943,3.763,9.4321,1.364,31.245,5.7891,14.7601,695.15,3264.0,3.3293
2019-06-13,1.4471,3.847,1.3306,0.99274,22.66,0.88582,0.78792,285.23,14293,69.514,108.46,1183.22,19.1673,8.6562,1.5237,51.87,3.7713,9.4754,1.3662,31.225,5.8768,14.8708,695.8,3265.0,3.3305
2019-06-14,1.4491,3.8547,1.3332,0.99521,22.672,0.88771,0.79088,285.42,14317,69.781,108.21,1183.84,19.1806,8.6754,1.5305,51.965,3.7758,9.4443,1.3673,31.159,5.8968,14.7829,699.0,3269.0,3.3418
2019-06-17,1.4558,3.8985,1.3414,0.99822,22.752,0.89015,0.79409,286.89,14335,69.946,108.65,1186.8,19.1641,8.718,1.5363,52.255,3.7925,9.4797,1.3708,31.33,5.8706,14.8178,699.56,3283.0,3.346
2019-06-18,1.4614,3.8717,1.3423,0.99893,22.892,0.89389,0.79917,288.11,14323,69.724,108.23,1184.91,19.124,8.7418,1.5368,52.079,3.8073,9.5122,1.3711,31.325,5.8389,14.6404,695.54,3252.0,3.3345
2019-06-19,1.4547,3.8658,1.3376,0.99723,22.874,0.8923,0.79432,289.08,14270,69.667,108.41,1176.6,19.1434,8.728,1.5323,51.91,3.8074,9.5358,1.3673,31.275,5.8551,14.5171,690.49,3238.0,3.331
2019-06-20,1.4436,3.8389,1.3165,0.98541,22.658,0.88441,0.78849,286.18,14182,69.431,107.64,1160.56,18.9228,8.5503,1.5175,51.436,3.7637,9.4055,1.3563,30.935,5.7744,14.2663,683.49,3191.48,3.309
2019-06-21,1.448,3.8315,1.3192,0.98153,22.631,0.8837,0.79025,286.29,14128,69.546,107.49,1161.55,19.0615,8.5596,1.5254,51.478,3.7632,9.3945,1.3575,30.805,5.8153,14.3317,683.33,3201.0,3.3
2019-06-24,1.438,3.8235,1.3191,0.97499,22.469,0.87765,0.78432,284.61,14152,69.41,107.29,1156.55,19.1531,8.4819,1.5134,51.37,3.734,9.31,1.3541,30.725,5.7969,14.3317,680.1,3185.0,3.2967
2019-06-25,1.4349,3.8347,1.3173,0.97541,22.442,0.87812,0.78578,284.94,14152,69.347,107.1,1154.08,19.2343,8.505,1.5051,51.35,3.7375,9.2483,1.3533,30.71,5.7699,14.3029,681.35,3188.0,3.2945
2019-06-26,1.4326,3.8395,1.3155,0.97808,22.431,0.88013,0.78862,284.72,14168,69.152,107.73,1155.48,19.1841,8.5137,1.4966,51.449,3.7517,9.2796,1.3543,30.765,5.7648,14.3286,678.8,3182.0,3.3017
2019-06-27,1.4293,3.8582,1.3129,0.9781,22.369,0.87951,0.78653,284.64,14140,69.101,107.86,1154.9,19.1205,8.5174,1.4948,51.195,3.7392,9.2777,1.3538,30.785,5.7672,14.1507,679.53,3195.0,3.2885
2019-06-28,1.4274,3.8235,1.3087,0.97583,22.361,0.87873,0.78783,284.17,14133,69.002,107.73,1155.84,19.174,8.5183,1.4903,51.261,3.7343,9.2823,1.3528,30.665,5.7693,14.1668,677.15,3211.0,3.284
2019-07-01,1.4297,3.8272,1.3099,0.98167,22.45,0.88113,0.79054,284.52,14112,68.936,108.32,1161.57,19.1224,8.5336,1.4927,51.064,3.7384,9.2916,1.3533,30.638,5.6632,14.1172,680.04,3200.0,3.2875
2019-07-02,1.4295,3.8387,1.3113,0.98832,22.531,0.88488,0.79146,285.74,14138,68.957,108.27,1166.53,19.0682,8.5581,1.5004,51.129,3.7544,9.3412,1.3554,30.655,5.6536,14.1221,679.86,3208.0,3.2865
2019-07-03,1.425,3.8643,1.31,0.98433,22.543,0.8855,0.79474,285.52,14142,68.845,107.69,1169.79,19.0224,8.5534,1.495,51.165,3.757,9.3115,1.3564,30.58,5.6391,14.1138,677.8,3193.0,3.2905
2019-07-04,1.4242,3.818,1.3066,0.98512,22.532,0.8859,0.79491,285.99,14140,68.51,107.77,1168.95,18.9848,8.531,1.4961,51.101,3.7597,9.3203,1.356,30.655,5.6021,13.9856,677.85,3188.0,3.287
2019-07-05,1.426,3.8095,1.3066,0.9881,22.621,0.8881,0.79665,287.22,14121,68.481,108.14,1170.9,18.9938,8.5546,1.502,51.211,3.7699,9.3761,1.3572,30.665,5.607,14.1088,683.55,3207.0,3.287
2019-07-08,1.4318,3.812,1.3056,0.99215,22.745,0.89166,0.79915,289.49,14110,68.565,108.6,1178.84,18.955,8.6349,1.5058,51.342,3.7922,9.4492,1.3595,30.775,5.7337,14.1608,687.51,3215.5,3.29
2019-07-09,1.4426,3.8063,1.3124,0.99393,22.796,0.89246,0.80299,290.46,14130,68.524,108.82,1182.55,18.905,8.6553,1.5116,51.342,3.8046,9.4902,1.361,30.835,5.6977,14.1644,687.94,3215.0,3.29
2019-07-10,1.4447,3.7955,1.3113,0.99225,22.785,0.89127,0.8015,290.46,14130,68.584,108.91,1181.11,19.1996,8.639,1.5149,51.476,3.8091,9.4557,1.361,30.825,5.7396,14.16,685.65,3203.0,3.283
2019-07-11,1.4315,3.7367,1.3057,0.98485,22.689,0.88613,0.79566,288.73,14065,68.365,108.05,1173.27,19.1307,8.5355,1.4966,51.221,3.7821,9.376,1.3547,30.615,5.6639,13.868,680.35,3196.0,3.2822
2019-07-12,1.4309,3.7564,1.3034,0.98525,22.741,0.88865,0.7979,289.51,14036,68.641,108.26,1178.97,19.0767,8.5495,1.4992,51.15,3.7923,9.3766,1.3603,30.915,5.7168,13.9582,679.36,3190.0,3.2805
2019-07-15,1.4219,3.7359,1.303,0.98243,22.69,0.88739,0.79752,288.99,13943,68.524,107.92,1179.34,18.9431,8.5387,1.4865,51.03,3.7822,9.3676,1.3562,30.895,5.7022,13.8624,678.77,3187.0,3.2825
2019-07-16,1.4216,3.761,1.3047,0.98681,22.788,0.89103,0.80424,290.34,13940,68.687,107.93,1178.78,18.9896,8.5479,1.4874,50.89,3.7918,9.3919,1.3574,30.885,5.7028,13.8741,678.87,3198.0,3.2828
2019-07-17,1.4275,3.7613,1.3066,0.9893,22.829,0.89166,0.80553,291.29,13980,68.867,108.27,1181.17,19.0762,8.5796,1.4872,51.13,3.8021,9.3774,1.3618,30.945,5.6885,13.9644,681.99,3183.0,3.289
2019-07-18,1.4215,3.7593,1.3062,0.98645,22.812,0.89158,0.80111,291.07,13971,68.9,107.78,1178.05,19.0612,8.5983,1.4836,51.109,3.7978,9.3652,1.3606,30.88,5.6929,13.9918,679.88,3174.0,3.2822
2019-07-19,1.4175,3.7314,1.3055,0.98281,22.756,0.89079,0.79846,289.83,13952,68.817,107.72,1175.06,19.0219,8.5639,1.4771,51.027,3.7922,9.3707,1.3593,30.795,5.6437,13.9292,687.95,3171.0,3.2805
2019-07-22,1.4188,3.7435,1.3076,0.98145,22.768,0.89166,0.80221,289.75,13945,68.933,107.92,1177.3,19.0299,8.5845,1.4751,51.111,3.7878,9.4017,1.3607,30.845,5.6819,13.8923,688.76,3175.0,3.2835
2019-07-23,1.4229,3.7481,1.3149,0.98317,22.867,0.89501,0.80399,291.33,13961,68.93,108.14,1178.75,19.071,8.6646,1.4862,51.13,3.8035,9.4599,1.3638,30.895,5.6864,13.872,691.08,3187.0,3.285
2019-07-24,1.4327,3.7655,1.313,0.98582,22.928,0.89767,0.80021,292.41,13975,68.966,108.09,1177.26,19.1391,8.6495,1.4913,51.135,3.8193,9.4518,1.3641,30.905,5.7289,13.9142,690.39,3197.0,3.2883
2019-07-25,1.4344,3.7581,1.3127,0.98866,22.959,0.89969,0.80039,292.59,13978,68.983,108.1,1180.53,18.996,8.6422,1.4931,51.099,3.8211,9.4419,1.3656,30.865,5.669,13.9162,696.0,3215.0,3.295
2019-07-26,1.4439,3.7756,1.318,0.99237,22.932,0.89783,0.80475,293.1,13978,68.899,108.69,1183.15,19.0375,8.7011,1.5054,51.006,3.831,9.4797,1.3685,30.895,5.6216,14.1548,694.93,3237.0,3.2972
2019-07-29,1.4489,3.7867,1.3171,0.99263,23.035,0.89936,0.81341,294.3,14020,68.778,108.65,1184.3,19.071,8.718,1.5106,51.012,3.8498,9.5128,1.3715,30.855,5.6264,14.2241,696.12,3282.0,3.2965
2019-07-30,1.4514,3.7867,1.3171,0.9896,22.996,0.89654,0.82171,293.61,14020,68.817,108.48,1180.97,19.0461,8.7294,1.5111,50.835,3.8472,9.5439,1.3702,30.805,5.559,14.1475,698.9,3298.0,3.287
2019-07-31,1.4505,3.7826,1.3149,0.99014,23.01,0.89678,0.82166,292.78,14025,68.779,108.55,1182.18,19.0117,8.7685,1.514,50.834,3.8483,9.5637,1.3686,30.735,5.5251,14.226,703.19,3277.0,3.3015
2019-08-01,1.4619,3.8256,1.323,0.99556,23.323,0.90604,0.82586,295.87,14156,69.106,108.89,1190.25,19.2136,8.8901,1.5272,51.193,3.8941,9.6827,1.3752,30.895,5.5736,14.493,706.27,3338.0,3.3121
2019-08-02,1.4735,3.868,1.3234,0.98424,23.197,0.90041,0.82392,294.4,14201,69.638,106.76,1200.65,19.3175,8.9236,1.533,51.6,3.873,9.6545,1.3767,30.755,5.6025,14.7012,712.4,3381.0,3.3535
2019-08-05,1.4774,3.9175,1.3213,0.97415,23.051,0.89429,0.82168,292.43,14315,70.786,106.07,1216.1,19.5153,8.9179,1.5326,52.04,3.8582,9.6229,1.382,30.795,5.5437,14.9163,720.51,3452.0,3.3835
2019-08-06,1.472,3.942,1.3216,0.97604,22.997,0.89389,0.82086,290.83,14265,70.81,106.46,1213.3,19.5495,8.8983,1.5261,52.086,3.8544,9.5885,1.3803,30.745,5.5337,14.806,714.8,3430.0,3.3825
2019-08-07,1.4844,3.967,1.3319,0.97492,22.959,0.8927,0.82443,290.47,14230,70.882,105.77,1215.62,19.6019,8.9234,1.5543,52.278,3.8541,9.6119,1.3828,30.785,5.5003,14.9568,713.8,3430.0,3.388
2019-08-08,1.4726,3.9563,1.3289,0.97588,23.04,0.89342,0.82297,290.43,14208,70.736,105.99,1208.93,19.5881,8.9502,1.5487,52.128,3.862,9.6069,1.3833,30.745,5.4826,15.1448,709.57,3365.0,3.3725
2019-08-09,1.4692,3.9287,1.3213,0.97312,23.065,0.89302,0.8289,290.03,14190,70.811,105.83,1211.15,19.4499,8.8934,1.5408,51.98,3.857,9.5528,1.3825,30.72,5.4878,15.1866,709.65,3392.0,3.3845
2019-08-12,1.482,3.9896,1.3228,0.97159,23.076,0.89334,0.82736,290.02,14250,71.24,105.14,1219.0,19.6507,8.9336,1.5501,52.192,3.8659,9.5868,1.3865,30.825,5.5531,15.38,713.46,3424.0,3.3805
2019-08-13,1.4783,3.9898,1.3268,0.96712,23.016,0.89111,0.82721,288.7,14317,71.458,105.16,1223.67,19.6311,8.918,1.552,52.346,3.8649,9.5427,1.388,30.875,5.6265,15.3528,703.16,3409.0,3.3835
2019-08-14,1.4819,3.9955,1.3293,0.97086,23.136,0.89381,0.82832,290.62,14245,71.275,105.9,1214.25,19.4968,8.9413,1.5552,52.361,3.9078,9.5918,1.3881,30.845,5.5967,15.3084,710.3,3455.0,3.3955
2019-08-15,1.4746,4.024,1.331,0.97426,23.207,0.89686,0.82388,292.56,14270,71.318,106.16,1213.55,19.6054,8.9816,1.5526,52.699,3.9352,9.6238,1.3886,30.855,5.5889,15.2861,710.81,3468.0,3.3905
2019-08-16,1.4735,3.9793,1.3299,0.97996,23.234,0.90285,0.82189,293.23,14223,71.148,106.33,1208.56,19.5305,8.9972,1.5536,52.376,3.9167,9.6714,1.3864,30.885,5.5564,15.1752,706.76,3432.0,3.3775
2019-08-19,1.4749,3.9949,1.3266,0.98028,23.219,0.90066,0.82485,293.4,14235,71.404,106.58,1209.71,19.6758,8.9758,1.5578,52.392,3.9361,9.6612,1.3849,30.845,5.6004,15.3584,713.3,3432.0,3.3855
2019-08-20,1.4759,4.0591,1.3328,0.9805,23.29,0.90285,0.82722,295.44,14260,71.724,106.35,1207.82,19.8122,8.9958,1.5607,52.333,3.9321,9.7195,1.386,30.775,5.7176,15.3591,709.0,3404.0,3.3815
2019-08-21,1.4713,4.0185,1.3293,0.97938,23.229,0.90058,0.82443,294.77,14237,71.565,106.48,1202.98,19.6731,8.9394,1.5587,52.18,3.9201,9.6346,1.3827,30.775,5.7152,15.1813,711.23,3383.0,3.3755
2019-08-22,1.4779,4.0347,1.3283,0.98394,23.264,0.90228,0.82243,295.76,14235,71.812,106.59,1209.95,19.7257,8.9678,1.5682,52.319,3.9378,9.6714,1.386,30.795,5.7633,15.1743,714.74,3387.0,3.3735
2019-08-23,1.4818,4.0871,1.3322,0.98446,23.289,0.90375,0.81747,296.95,14212,71.671,106.45,1212.1,19.8861,9.0007,1.5689,52.425,3.9358,9.685,1.3882,30.725,5.7673,15.2227,719.18,3420.0,3.3745
2019-08-26,1.478,4.1113,1.3303,0.97922,23.203,0.8996,0.81691,296.18,14244,72.022,105.86,1213.4,19.8947,8.9846,1.5681,52.471,3.9243,9.6721,1.3883,30.59,5.8152,15.2614,719.18,3430.0,3.3815
2019-08-27,1.478,4.1556,1.3229,0.98019,23.247,0.90058,0.81444,296.15,14249,71.526,105.75,1212.56,19.9667,8.9986,1.5684,52.319,3.9352,9.6407,1.3879,30.561,5.8267,15.2958,722.75,3467.23,3.3925
2019-08-28,1.4825,4.1416,1.3312,0.98096,23.319,0.90228,0.81948,297.75,14250,71.813,105.73,1213.99,19.9756,9.0328,1.5752,52.331,3.9587,9.7036,1.3889,30.615,5.7972,15.3676,723.0,3472.0,3.3995
2019-08-29,1.4814,4.1463,1.3276,0.98266,23.35,0.90318,0.81766,298.28,14197,71.66,106.29,1210.27,20.055,9.0648,1.5767,52.197,3.9567,9.7354,1.3867,30.605,5.834,15.2592,720.66,3436.08,3.3925
2019-08-30,1.4859,4.1572,1.3282,0.98849,23.481,0.90613,0.82063,299.99,14185,71.435,106.27,1208.06,20.077,9.0957,1.5848,52.068,3.9699,9.8219,1.3875,30.585,5.8371,15.25,720.8,3438.0,3.3895
2019-09-02,1.4896,4.1482,1.3341,0.99152,23.631,0.91174,0.82805,302.1,14194,71.929,106.36,1212.15,20.108,9.0981,1.5861,52.152,3.9835,9.7985,1.3907,30.635,5.8135,15.2103,724.6,3437.65,3.4045
2019-09-03,1.4855,4.177,1.3374,0.99013,23.667,0.91433,0.83099,302.35,14225,72.412,106.11,1214.96,20.068,9.1606,1.5896,52.29,3.9922,9.8864,1.3932,30.674,5.7545,15.1344,724.89,3440.73,3.4035
2019-09-04,1.4726,4.139,1.3323,0.98457,23.447,0.90761,0.81916,298.55,14152,72.054,106.22,1205.26,19.8248,9.0614,1.5741,51.92,3.9386,9.7595,1.3859,30.615,5.6709,14.8601,722.79,3392.0,3.3775
2019-09-05,1.4659,4.0727,1.3205,0.98237,23.379,0.90432,0.81009,297.95,14112,71.814,106.68,1197.23,19.6301,8.9828,1.5649,51.919,3.9247,9.6604,1.3832,30.545,5.6823,14.8096,715.1,3374.0,3.3625
2019-09-06,1.4632,4.094,1.3225,0.99102,23.43,0.90686,0.81287,299.37,14086,71.715,107.02,1192.27,19.6382,8.9988,1.5605,51.88,3.9352,9.6445,1.3811,30.669,5.7019,14.7645,711.0,3350.0,3.3415
2019-09-09,1.4562,4.0573,1.3156,0.99003,23.434,0.90637,0.80916,299.04,14047,71.678,106.96,1192.78,19.5097,8.9425,1.5525,51.84,3.9278,9.6617,1.3798,30.635,5.7261,14.677,714.43,3368.0,3.3485
2019-09-10,1.4586,4.0973,1.3167,0.99121,23.432,0.9058,0.80888,300.37,14045,71.904,107.36,1191.91,19.5344,8.9787,1.5574,52.015,3.9256,9.7323,1.3793,30.615,5.7732,14.6733,711.63,3359.0,3.3425
2019-09-11,1.4561,4.0644,1.3149,0.99373,23.509,0.90884,0.81008,302.1,14060,71.682,107.71,1192.71,19.5001,8.9744,1.5584,52.126,3.9385,9.6849,1.3796,30.585,5.7562,14.6673,715.5,3373.0,3.3375
2019-09-12,1.4543,4.0502,1.3197,0.99352,23.556,0.91216,0.81109,301.86,13965,71.147,107.76,1182.94,19.4235,8.9887,1.5536,51.913,3.95,9.6976,1.3765,30.406,5.6622,14.5887,708.47,3363.0,3.3235
2019-09-13,1.4533,4.0523,1.3215,0.98594,23.29,0.90123,0.80293,298.78,13965,70.964,107.99,1177.0,19.3827,8.9413,1.564,51.95,3.8976,9.5967,1.3722,30.44,5.668,14.5082,702.98,3360.0,3.3195
2019-09-16,1.4554,4.0919,1.3253,0.99103,23.463,0.90654,0.80238,300.9,14040,71.6,107.84,1184.05,19.4271,8.9786,1.5705,52.3,3.92,9.673,1.3741,30.525,5.7149,14.6404,709.45,3361.0,3.3315
2019-09-17,1.4622,4.1,1.326,0.99456,23.504,0.90695,0.80549,302.88,14091,71.782,108.14,1189.6,19.4921,8.9529,1.5804,52.342,3.9376,9.7034,1.3763,30.565,5.7197,14.7633,715.46,3382.1,3.3375
2019-09-18,1.4611,4.0754,1.325,0.99511,23.425,0.90473,0.80268,301.18,14060,71.209,108.15,1190.83,19.3278,8.9482,1.5768,52.151,3.9238,9.7076,1.3736,30.535,5.6693,14.6183,715.1,3368.0,3.3495
2019-09-19,1.472,4.1328,1.327,0.99124,23.396,0.90359,0.8018,300.69,14060,71.324,107.94,1194.22,19.3756,8.9369,1.5845,52.23,3.9203,9.6885,1.3773,30.525,5.6947,14.6698,715.9,3381.0,3.3525
2019-09-20,1.4726,4.1665,1.3269,0.99202,23.493,0.90662,0.79991,301.8,14055,70.981,107.99,1188.79,19.4524,9.0139,1.5937,52.017,3.9506,9.7111,1.3759,30.495,5.7021,14.8677,719.61,3414.9,3.3565
2019-09-23,1.4769,4.157,1.3278,0.99144,23.569,0.91033,0.80421,304.62,14085,70.951,107.48,1197.33,19.4219,9.0781,1.5944,52.137,3.9891,9.7536,1.3782,30.495,5.7195,14.8807,720.98,3436.0,3.3545
2019-09-24,1.4713,4.1588,1.3256,0.98864,23.514,0.90884,0.80117,304.62,14113,70.948,107.65,1193.91,19.4402,9.018,1.5839,52.129,3.9819,9.7031,1.3764,30.564,5.6851,14.8686,723.14,3432.75,3.3395
2019-09-25,1.4784,4.1875,1.3276,0.98716,23.554,0.91058,0.80739,305.0,14150,71.045,107.45,1200.5,19.5839,9.043,1.5876,52.336,3.9988,9.7273,1.378,30.575,5.7001,15.0323,726.63,3428.0,3.3495
2019-09-26,1.4776,4.1244,1.324,0.99323,23.634,0.91424,0.80915,306.21,14168,70.909,107.63,1201.23,19.563,9.0725,1.583,52.17,4.0109,9.7457,1.3809,30.635,5.6591,14.9683,726.41,3443.0,3.3815
2019-09-27,1.4803,4.1602,1.3254,0.99314,23.632,0.91449,0.81187,306.85,14165,70.478,108.1,1198.4,19.6287,9.0677,1.5901,51.885,4.0114,9.786,1.3809,30.645,5.6603,15.0737,725.83,3456.0,3.3795
2019-09-30,1.4809,4.1591,1.3248,0.99614,23.708,0.91836,0.81342,307.49,14195,70.862,107.99,1198.3,19.7006,9.0874,1.5956,51.936,4.0208,9.8226,1.383,30.595,5.6471,15.2058,728.3,3476.0,3.3685
2019-10-01,1.4933,4.1644,1.3274,1.0007,23.619,0.9176,0.81625,307.2,14228,71.107,108.28,1202.57,19.7825,9.1267,1.6084,51.945,4.0167,9.914,1.3863,30.675,5.6872,15.2964,728.86,3493.0,3.3875
2019-10-02,1.4967,4.1662,1.3242,1.0014,23.56,0.91533,0.81437,305.77,14203,71.238,107.52,1206.59,19.8041,9.1469,1.6029,51.996,3.9998,9.8964,1.3855,30.625,5.7295,15.2519,723.2,3492.0,3.3864
2019-10-03,1.4879,4.1178,1.3338,1.0005,23.504,0.91316,0.81079,304.1,14172,70.967,106.99,1203.4,19.7498,9.1467,1.5908,51.811,3.9631,9.8922,1.3814,30.555,5.7025,15.1655,716.17,3444.0,3.3725
2019-10-04,1.4798,4.0738,1.3309,0.99399,23.446,0.91083,0.81105,303.09,14146,70.901,106.78,1195.3,19.591,9.1006,1.5803,51.745,3.9389,9.8465,1.3789,30.455,5.6931,15.1604,714.38,3431.25,3.3765
2019-10-07,1.4842,4.067,1.3311,0.99372,23.452,0.90967,0.81102,303.5,14173,70.994,106.83,1196.4,19.5579,9.132,1.5876,51.873,3.9404,9.9072,1.3804,30.452,5.74,15.1307,718.53,3447.75,3.3825
2019-10-08,1.4824,4.1028,1.3311,0.99199,23.489,0.91025,0.81736,304.54,14155,71.131,106.89,1198.26,19.5995,9.1435,1.5814,51.843,3.9437,9.8947,1.3807,30.405,5.8365,15.2678,724.5,3448.0,3.3825
2019-10-09,1.4827,4.0782,1.3302,0.99508,23.516,0.91066,0.81823,304.2,14170,71.063,107.38,1197.31,19.5356,9.1547,1.5828,51.74,3.9373,9.942,1.3799,30.335,5.8331,15.1396,723.47,3463.0,3.3645
2019-10-10,1.4784,4.0966,1.3307,0.99257,23.475,0.90662,0.81736,302.37,14151,71.039,107.45,1192.99,19.5122,9.1147,1.5795,51.65,3.915,9.8291,1.3769,30.405,5.8872,15.1313,718.48,3456.0,3.3645
2019-10-11,1.4712,4.1013,1.3293,0.99837,23.37,0.90555,0.79252,300.38,14128,71.075,108.44,1185.01,19.3752,9.0895,1.5774,51.55,3.899,9.8205,1.3744,30.465,5.8601,14.849,709.48,3425.0,3.3565
2019-10-14,1.4799,4.1152,1.3214,0.99565,23.409,0.90654,0.7976,300.46,14130,71.185,108.24,1184.9,19.3074,9.1073,1.5891,51.581,3.8919,9.838,1.3691,30.395,5.9309,14.8022,712.43,3425.0,3.3665
2019-10-15,1.4802,4.1307,1.323,0.99727,23.458,0.90851,0.79093,301.97,14165,71.496,108.32,1186.07,19.2287,9.1445,1.5945,51.63,3.9026,9.8324,1.3708,30.375,5.8761,14.8624,715.3,3450.0,3.3645
2019-10-16,1.487,4.1745,1.3209,0.99746,23.363,0.90703,0.78512,302.06,14206,71.445,108.75,1188.67,19.2336,9.2032,1.6012,51.56,3.8961,9.8284,1.3731,30.415,5.9026,14.9777,716.31,3454.0,3.3605
2019-10-17,1.4662,4.16,1.3177,0.98902,23.102,0.89985,0.78143,298.38,14157,71.158,108.71,1178.96,19.2063,9.1717,1.5805,51.31,3.8563,9.7278,1.3652,30.315,5.8967,14.8731,711.3,3448.0,3.3485
2019-10-18,1.4607,4.1604,1.3136,0.98672,23.025,0.89734,0.77562,296.68,14154,71.136,108.55,1179.41,19.1924,9.1707,1.5693,51.211,3.8445,9.6682,1.3652,30.295,5.7831,14.7672,710.93,3424.0,3.3345
2019-10-21,1.4535,4.1223,1.3106,0.9847,22.939,0.89501,0.76909,295.34,14063,70.857,108.56,1171.61,19.1533,9.0968,1.5602,51.057,3.8296,9.6045,1.3607,30.255,5.8218,14.7526,725.7,3447.0,3.336
2019-10-22,1.4588,4.124,1.3101,0.98868,22.974,0.89847,0.77327,296.42,14040,70.911,108.6,1173.25,19.1123,9.1494,1.5596,51.185,3.8435,9.6409,1.3624,30.31,5.8308,14.6754,723.53,3429.0,3.3485
2019-10-23,1.4611,4.0869,1.3088,0.9893,23.05,0.89904,0.77684,295.88,14029,70.866,108.45,1171.85,19.1738,9.15,1.5608,51.034,3.8466,9.6543,1.363,30.325,5.7824,14.6738,725.5,3389.0,3.3435
2019-10-24,1.4623,4.0356,1.3071,0.9902,23.003,0.89863,0.77541,295.87,14036,71.012,108.61,1173.01,19.105,9.1093,1.5636,51.301,3.8435,9.6121,1.3625,30.29,5.7738,14.6255,722.25,3402.0,3.349
2019-10-25,1.4648,4.0274,1.3065,0.99208,23.02,0.90033,0.77967,296.09,14035,70.903,108.57,1174.82,19.0889,9.1712,1.5716,51.275,3.8514,9.6736,1.3631,30.165,5.7632,14.6202,726.15,3393.0,3.337
2019-10-28,1.4652,3.9829,1.3067,0.99639,22.982,0.90196,0.77864,295.99,14013,70.746,108.86,1169.93,19.0529,9.2094,1.5768,51.169,3.8527,9.6963,1.3623,30.205,5.7255,14.5397,722.95,3379.0,3.332
2019-10-29,1.4589,3.9928,1.3056,0.99513,23.022,0.90131,0.77808,296.33,14052,70.856,108.95,1167.97,19.0906,9.2607,1.5756,51.035,3.8479,9.7272,1.3629,30.215,5.732,14.6229,727.55,3372.0,3.3355
2019-10-30,1.4586,4.0168,1.3087,0.99334,22.971,0.90041,0.77616,296.88,14046,70.926,108.94,1168.03,19.1374,9.2282,1.5761,50.955,3.8384,9.7254,1.3633,30.236,5.728,14.9117,739.53,3386.0,3.3415
2019-10-31,1.4467,3.9909,1.3155,0.98682,22.87,0.89654,0.77222,294.69,14077,70.927,108.24,1168.07,19.1196,9.1913,1.5563,50.837,3.8176,9.6376,1.3604,30.185,5.7125,15.1623,740.6,3377.0,3.3435
2019-11-01,1.45,3.9893,1.3181,0.98869,22.905,0.89775,0.77213,294.76,14042,70.757,108.12,1167.15,19.1364,9.1245,1.5554,50.531,3.8186,9.6053,1.3582,30.185,5.7241,15.1073,739.53,3318.0,3.3435
2019-11-04,1.4481,4.0011,1.3156,0.98772,22.863,0.89622,0.77405,294.66,14020,70.73,108.38,1162.32,19.0984,9.1117,1.5557,50.525,3.8168,9.5927,1.3574,30.193,5.6895,14.8141,741.55,3319.0,3.3325
2019-11-05,1.4474,4.0197,1.3128,0.991,22.987,0.90017,0.77516,296.91,13968,70.69,108.86,1156.13,19.1799,9.139,1.5608,50.42,3.8386,9.6267,1.3573,30.195,5.7437,14.7516,746.1,3307.0,3.3365
2019-11-06,1.4491,3.9894,1.3164,0.99279,22.992,0.90171,0.77577,299.08,14015,70.952,109.0,1158.07,19.211,9.1307,1.5676,50.61,3.8497,9.5978,1.3584,30.305,5.7532,14.8019,739.42,3334.0,3.3365
2019-11-07,1.4498,4.084,1.3167,0.99287,23.051,0.90277,0.78037,300.38,13995,70.912,109.15,1154.89,19.136,9.0923,1.5693,50.48,3.8506,9.5922,1.3573,30.355,5.7428,14.7362,741.35,3315.0,3.3425
2019-11-08,1.456,4.1311,1.3196,0.9961,23.098,0.90629,0.78084,302.13,14014,71.281,109.41,1157.02,19.1572,9.1438,1.5793,50.579,3.8617,9.6996,1.3596,30.385,5.7561,14.7835,747.14,3336.0,3.3575
2019-11-11,1.4587,4.1617,1.323,0.99375,23.105,0.90572,0.77659,302.83,14076,71.542,108.95,1166.56,19.116,9.1396,1.5712,50.845,3.8708,9.6988,1.3608,30.335,5.7714,14.8673,761.0,3333.0,3.3605
2019-11-12,1.4605,4.1641,1.3244,0.99528,23.149,0.90785,0.77912,303.58,14071,71.692,109.16,1163.68,19.1484,9.151,1.578,50.803,3.8808,9.7143,1.3612,30.337,5.773,14.8283,779.85,3406.45,3.38
2019-11-13,1.4653,4.1811,1.3258,0.98982,23.252,0.9086,0.77921,304.15,14104,72.069,108.84,1170.41,19.4185,9.2122,1.5653,50.904,3.8955,9.754,1.3629,30.235,5.7529,14.941,793.65,3424.75,3.3875
2019-11-14,1.4743,4.1764,1.3265,0.98872,23.243,0.90934,0.77879,303.6,14102,71.929,108.66,1171.11,19.4326,9.2023,1.5662,50.73,3.9034,9.7245,1.363,30.206,5.7617,14.8409,802.1,3450.0,3.386
2019-11-15,1.4701,4.1958,1.3239,0.99003,23.186,0.90629,0.77633,303.43,14073,71.745,108.71,1164.89,19.2306,9.0942,1.5638,50.615,3.8776,9.6536,1.3613,30.225,5.7489,14.7267,775.55,3422.0,3.3615
2019-11-18,1.4684,4.1769,1.3219,0.99087,23.138,0.90408,0.77145,303.11,14093,71.807,108.99,1165.48,19.2487,9.1185,1.5618,50.702,3.8798,9.6377,1.3604,30.235,5.7243,14.7783,775.53,3439.0,3.371
2019-11-19,1.4656,4.1947,1.321,0.99115,23.079,0.90277,0.77253,302.37,14090,71.678,108.75,1166.39,19.2624,9.1047,1.5581,50.89,3.8708,9.6123,1.3605,30.205,5.7154,14.7342,786.53,3436.0,3.3755
2019-11-20,1.4673,4.1965,1.3302,0.99259,23.095,0.90424,0.77507,301.48,14108,71.818,108.47,1170.53,19.4231,9.174,1.5573,50.89,3.8821,9.6695,1.3617,30.185,5.697,14.7998,790.13,3441.0,3.3815
2019-11-21,1.468,4.1884,1.3307,0.99161,23.01,0.90163,0.77133,300.92,14087,71.741,108.61,1174.93,19.4437,9.1081,1.5543,50.869,3.8743,9.6085,1.3613,30.205,5.689,14.6646,795.05,3416.0,3.373
2019-11-22,1.4729,4.1882,1.3275,0.99421,23.072,0.90432,0.77754,302.31,14085,71.687,108.55,1178.4,19.395,9.1412,1.5587,50.855,3.8865,9.6098,1.363,30.195,5.708,14.715,798.93,3422.0,3.3875
2019-11-25,1.4746,4.2056,1.3307,0.998,23.151,0.90843,0.77684,304.53,14092,71.709,108.9,1175.47,19.3895,9.1811,1.5613,50.795,3.9031,9.6437,1.3654,30.225,5.7409,14.7404,791.35,3431.0,3.3815
2019-11-26,1.4747,4.2573,1.3306,0.99755,23.144,0.90744,0.77781,305.05,14100,71.521,108.97,1176.83,19.48,9.1623,1.5576,50.831,3.9034,9.6015,1.3663,30.215,5.74,14.8261,797.68,3473.0,3.3825
2019-11-27,1.4733,4.2459,1.3266,0.99791,23.176,0.90835,0.77618,305.16,14095,71.351,109.17,1177.11,19.4822,9.1761,1.5552,50.829,3.9158,9.5903,1.3651,30.235,5.7627,14.7048,817.35,3502.0,3.3835
2019-11-28,1.4769,4.252,1.3289,0.99873,23.239,0.90868,0.77401,305.54,14101,71.613,109.5,1179.46,19.6084,9.1895,1.5571,50.795,3.9266,9.5832,1.3659,30.225,5.768,14.7477,827.8,3508.61,3.3935
2019-11-29,1.4777,4.2305,1.3307,1.0015,23.233,0.91058,0.77604,303.97,14105,71.652,109.66,1179.94,19.5301,9.201,1.5562,50.845,3.9323,9.5606,1.3674,30.235,5.7547,14.6783,803.8,3515.5,3.4004
2019-12-02,1.4733,4.2324,1.3296,0.99746,23.164,0.90719,0.77309,302.08,14125,71.648,109.54,1185.27,19.5655,9.1947,1.544,51.09,3.901,9.5605,1.3685,30.285,5.7549,14.6757,803.3,3504.7,3.3895
2019-12-03,1.462,4.2042,1.332,0.9888,23.058,0.90326,0.76958,299.66,14105,71.746,108.74,1191.54,19.5971,9.1833,1.5355,51.109,3.87,9.5432,1.3655,30.285,5.7364,14.6557,802.0,3499.0,3.3875
2019-12-04,1.4622,4.1983,1.3272,0.98872,23.03,0.90245,0.76356,298.72,14105,71.53,108.7,1192.31,19.5082,9.1799,1.5324,51.005,3.8617,9.5229,1.363,30.305,5.7403,14.5496,787.0,3467.0,3.3885
2019-12-05,1.4648,4.218,1.3169,0.98828,23.009,0.90139,0.7614,298.22,14065,71.228,108.79,1190.45,19.3708,9.1593,1.5321,50.84,3.8537,9.5023,1.3614,30.355,5.7549,14.6723,780.75,3454.0,3.378
2019-12-06,1.4593,4.1826,1.3176,0.98864,23.015,0.90139,0.76125,297.63,14020,71.249,108.56,1187.41,19.3492,9.1252,1.5221,50.791,3.8554,9.4811,1.3597,30.327,5.7592,14.6234,772.82,3420.5,3.3765
2019-12-09,1.4653,4.1447,1.3251,0.98953,23.05,0.90293,0.76023,299.4,14001,71.067,108.49,1191.23,19.2777,9.1411,1.5251,50.85,3.8679,9.5201,1.3598,30.312,5.8032,14.6077,772.5,3413.8,3.372
2019-12-10,1.4693,4.1429,1.324,0.98601,23.045,0.90277,0.75899,298.68,14010,70.923,108.58,1192.33,19.22,9.1923,1.5297,50.775,3.8732,9.5301,1.3598,30.295,5.8048,14.8164,779.45,3403.0,3.3965
2019-12-11,1.4622,4.1165,1.3238,0.98564,23.045,0.90293,0.76068,298.64,14044,70.801,108.75,1193.23,19.2253,9.1643,1.5281,50.816,3.8708,9.4442,1.3598,30.265,5.8103,14.7641,769.5,3373.0,3.3905
2019-12-12,1.4515,4.1113,1.3178,0.98222,22.914,0.89791,0.75927,295.77,14035,70.877,108.6,1188.28,19.1102,9.1003,1.518,50.71,3.8463,9.3827,1.3574,30.175,5.7816,14.6582,767.59,3369.0,3.3734
2019-12-13,1.4461,4.0866,1.3166,0.98282,22.828,0.89493,0.74734,294.3,13985,70.754,109.57,1171.44,19.0192,9.0057,1.51,50.511,3.8237,9.3512,1.3519,30.185,5.8011,14.4436,763.62,3380.0,3.3594
2019-12-16,1.4514,4.0814,1.3118,0.98268,22.863,0.89718,0.74839,295.18,14005,70.973,109.43,1170.53,19.0221,8.9969,1.5126,50.62,3.8271,9.3498,1.3544,30.225,5.8487,14.472,761.0,3348.0,3.3505
2019-12-17,1.4598,4.0682,1.3161,0.98065,22.796,0.8959,0.75925,295.39,13990,70.959,109.58,1164.11,18.9285,9.017,1.5207,50.54,3.8161,9.3817,1.3557,30.225,5.8791,14.4173,755.8,3337.2,3.3385
2019-12-18,1.4599,4.0573,1.3157,0.98183,22.933,0.89969,0.76523,297.59,13998,70.981,109.59,1166.5,18.9744,9.0286,1.5223,50.626,3.8422,9.4002,1.3563,30.235,5.9138,14.368,750.73,3323.0,3.337
2019-12-19,1.4561,4.0625,1.3122,0.98039,22.914,0.89952,0.76525,297.31,13989,71.091,109.5,1166.32,18.9943,8.9759,1.52,50.61,3.8335,9.4252,1.3559,30.195,5.9388,14.3186,753.47,3311.0,3.3325
2019-12-20,1.4498,4.0709,1.3138,0.98072,22.93,0.90114,0.76717,297.83,13978,71.194,109.32,1159.39,18.9475,8.9631,1.5149,50.72,3.8382,9.4025,1.355,30.185,5.9272,14.2323,756.35,3328.0,3.3125
2019-12-23,1.4454,4.0831,1.3162,0.98149,23.024,0.90293,0.77389,299.09,13986,71.283,109.42,1163.45,18.9634,8.9508,1.5108,50.99,3.8473,9.4332,1.356,30.165,5.9444,14.2307,752.2,3307.0,3.3165
2019-12-24,1.4458,4.0836,1.3161,0.98177,23.001,0.90253,0.77196,299.42,13985,71.256,109.38,1162.19,18.963,8.9457,1.5087,50.84,3.8446,9.4362,1.3553,30.155,5.9561,14.1935,748.38,3294.0,3.3125
2019-12-27,1.4342,4.0489,1.3083,0.97642,22.872,0.89662,0.76329,296.63,13964,71.404,109.59,1160.6,18.9178,8.8387,1.4933,50.725,3.826,9.3574,1.3524,30.155,5.9579,14.0455,747.7,3296.0,3.3125
2019-12-30,1.4293,4.0332,1.3067,0.97158,22.757,0.89373,0.76153,295.86,13912,71.331,109.21,1156.81,18.8444,8.7997,1.487,50.75,3.8044,9.3306,1.3485,29.915,5.9493,14.0672,749.47,3282.0,3.3135
2019-12-31,1.4238,4.0197,1.2994,0.96617,22.617,0.89015,0.75734,294.22,13883,71.382,108.55,1153.89,18.8891,8.7803,1.4824,50.65,3.7892,9.2993,1.3451,29.745,5.9501,14.0442,751.5,3284.0,3.3105
2020-01-02,1.43,4.0088,1.2998,0.9707,22.703,0.89342,0.75787,294.81,13885,71.389,108.77,1159.87,18.885,8.7919,1.4936,50.768,3.8009,9.3566,1.3476,30.145,5.959,14.0709,748.63,3249.0,3.2965
2020-01-03,1.4381,4.0613,1.2982,0.97246,22.751,0.8971,0.76357,296.52,13938,71.777,108.14,1166.52,18.9674,8.8199,1.4998,51.12,3.8121,9.4068,1.3499,30.155,5.9735,14.2838,763.68,3249.0,3.3135
2020-01-06,1.44,4.0612,1.2976,0.96927,22.602,0.89334,0.76126,294.5,13940,71.931,108.11,1169.22,18.8869,8.7983,1.4997,51.141,3.7891,9.4075,1.3498,30.145,5.9764,14.2456,772.82,3243.0,3.3235
2020-01-07,1.4546,4.0839,1.2997,0.97118,22.624,0.89509,0.76247,296.53,13875,71.84,108.44,1165.84,18.8731,8.821,1.5067,50.87,3.8003,9.4364,1.3499,30.275,5.9757,14.2968,769.1,3271.0,3.3195
2020-01-08,1.457,4.0569,1.3018,0.97094,22.731,0.89969,0.76354,297.87,13893,71.713,108.74,1167.22,18.8106,8.8626,1.506,50.76,3.8173,9.4564,1.3508,30.355,5.9521,14.23,757.0,3240.0,3.3125
2020-01-09,1.4575,4.0679,1.3056,0.97282,22.73,0.90009,0.76764,299.29,13850,71.253,109.4,1159.57,18.7795,8.8807,1.5118,50.63,3.8184,9.4806,1.3518,30.285,5.8804,14.2069,767.43,3252.9,3.318
2020-01-10,1.4545,4.0743,1.3072,0.97575,22.78,0.90163,0.76467,301.01,13763,70.951,109.64,1159.5,18.8107,8.9032,1.5119,50.49,3.8285,9.5131,1.3497,30.235,5.8785,14.2531,772.78,3266.0,3.33
2020-01-13,1.4486,4.1194,1.3045,0.97169,22.677,0.8988,0.77081,300.46,13701,70.845,109.88,1157.73,18.792,8.894,1.5072,50.465,3.8062,9.4911,1.3472,30.218,5.8619,14.3761,774.06,3266.0,3.3305
2020-01-14,1.4494,4.1436,1.3071,0.96869,22.632,0.89969,0.77029,299.39,13693,70.83,110.05,1156.76,18.8403,8.8997,1.5117,50.6,3.7984,9.469,1.3478,30.251,5.8883,14.4196,769.5,3285.0,3.3195
2020-01-15,1.4529,4.1599,1.3072,0.96491,22.567,0.8975,0.76901,298.82,13698,70.797,109.88,1157.08,18.8063,8.8691,1.5172,50.728,3.7933,9.4768,1.3472,30.24,5.8858,14.3796,774.61,3297.65,3.3225
2020-01-16,1.4428,4.165,1.3035,0.9615,22.536,0.89534,0.76524,298.9,13630,70.929,109.95,1158.45,18.7931,8.869,1.5014,50.834,3.7894,9.4617,1.3452,30.365,5.8522,14.4354,775.69,3323.0,3.3215
2020-01-17,1.4514,4.1763,1.3052,0.96651,22.639,0.90025,0.76616,302.12,13670,71.081,110.11,1159.86,18.7559,8.9026,1.5108,50.907,3.8141,9.4932,1.3468,30.38,5.8807,14.4564,771.82,3330.0,3.3205
2020-01-20,1.4573,4.1822,1.3069,0.96861,22.666,0.90212,0.76928,303.46,13638,71.073,110.18,1160.2,18.6685,8.9143,1.5152,50.96,3.828,9.5217,1.348,30.354,5.9183,14.5282,769.25,3329.0,3.3155
2020-01-21,1.4554,4.198,1.3056,0.96653,22.552,0.89969,0.765,301.68,13673,71.196,110.04,1167.9,18.7305,8.9393,1.5125,51.002,3.8181,9.4937,1.349,30.4,5.9323,14.4758,773.72,3353.0,3.3145
2020-01-22,1.4596,4.1925,1.3046,0.97015,22.67,0.90188,0.76159,302.68,13653,71.127,109.97,1163.93,18.7067,8.9818,1.5135,50.955,3.822,9.5173,1.3487,30.38,5.9229,14.4075,770.53,3329.0,3.3115
2020-01-23,1.456,4.1703,1.3163,0.96781,22.684,0.90163,0.76186,304.02,13652,71.315,109.55,1167.75,18.7116,8.9873,1.5145,50.955,3.8264,9.5098,1.3498,30.55,5.9301,14.3813,776.05,3359.32,3.317
2020-01-24,1.4614,4.1762,1.3132,0.97073,22.8,0.90621,0.76405,304.49,13596,71.291,109.61,1168.21,18.7739,9.0054,1.5119,50.831,3.8573,9.5481,1.3512,30.56,5.9392,14.3711,776.95,3363.0,3.3205
2020-01-27,1.4776,4.2147,1.3187,0.96952,22.885,0.90703,0.76515,306.15,13605,71.421,108.94,1177.63,18.9315,9.1032,1.5251,50.87,3.8744,9.5959,1.3574,30.72,5.947,14.5516,787.18,3396.0,3.3295
2020-01-28,1.4802,4.1977,1.319,0.97256,22.918,0.90868,0.76877,306.39,13637,71.289,109.06,1178.74,18.8387,9.1557,1.5306,50.775,3.8829,9.6313,1.3584,30.845,5.9496,14.6523,785.25,3382.0,3.336
2020-01-29,1.4816,4.1895,1.3177,0.97527,22.914,0.90901,0.76884,306.69,13628,71.282,109.14,1178.67,18.7356,9.1413,1.5333,50.84,3.8939,9.613,1.3609,30.97,5.9594,14.6095,792.03,3385.0,3.343
2020-01-30,1.4881,4.2466,1.3217,0.96926,22.894,0.9067,0.76329,306.79,13687,71.639,108.83,1192.31,18.7669,9.2246,1.5389,50.998,3.8873,9.6471,1.3628,31.195,5.9815,14.7496,796.8,3409.0,3.365
2020-01-31,1.4924,4.2668,1.3235,0.96761,22.81,0.90481,0.76163,304.97,13655,71.395,108.89,1195.8,18.8237,9.2194,1.5457,51.015,3.8915,9.6605,1.3655,31.18,5.9824,14.9204,799.33,3417.0,3.3825
2020-02-03,1.493,4.2626,1.3236,0.9644,22.752,0.90367,0.76609,305.17,13742,71.393,108.53,1192.05,18.8126,9.2707,1.5458,50.87,3.8829,9.6519,1.368,31.04,5.9842,14.893,786.8,3393.0,3.3689
2020-02-04,1.488,4.2274,1.3279,0.96868,22.758,0.90514,0.76828,304.42,13710,71.245,109.09,1186.41,18.7111,9.2277,1.548,50.78,3.8698,9.6197,1.3703,30.95,5.9805,14.7775,780.87,3360.1,3.3605
2020-02-05,1.4786,4.2288,1.3285,0.97224,22.73,0.90719,0.76607,304.6,13641,71.154,109.72,1182.05,18.5902,9.1784,1.5428,50.767,3.8548,9.5664,1.3791,30.965,5.9852,14.7189,775.87,3362.8,3.3603
2020-02-06,1.4798,4.2309,1.3278,0.97383,22.624,0.90884,0.77102,306.06,13634,71.148,109.85,1183.11,18.6176,9.2055,1.5445,50.729,3.8581,9.5928,1.3844,31.08,5.988,14.8167,783.05,3377.0,3.3743
2020-02-07,1.4967,4.2919,1.3314,0.97593,22.819,0.91166,0.77236,308.28,13732,71.44,109.86,1194.07,18.7146,9.2691,1.5584,50.885,3.8885,9.6139,1.3907,31.3,5.9885,14.9698,794.75,3413.0,3.387
2020-02-10,1.4951,4.311,1.3314,0.97708,22.853,0.91316,0.77279,308.07,13731,71.324,109.74,1188.39,18.7627,9.2401,1.5622,50.824,3.8952,9.6546,1.3888,31.3,6.0174,15.0476,793.14,3454.5,3.3915
2020-02-11,1.4916,4.3111,1.3297,0.97853,22.902,0.91735,0.77355,310.0,13686,71.272,109.83,1183.96,18.6735,9.2609,1.5645,50.51,3.9051,9.6664,1.3877,31.265,6.0339,14.8914,791.04,3417.35,3.3865
2020-02-12,1.482,4.3326,1.3256,0.97535,22.795,0.91625,0.77019,311.06,13664,71.316,109.98,1180.14,18.6247,9.2033,1.5422,50.567,3.899,9.6175,1.3856,31.105,6.0402,14.7761,790.58,3385.0,3.378
2020-02-13,1.485,4.3418,1.3257,0.97847,22.854,0.92022,0.76723,310.22,13704,71.271,109.7,1183.42,18.6261,9.2404,1.5492,50.486,3.9121,9.646,1.3892,31.139,6.059,14.8443,793.61,3374.05,3.3825
2020-02-14,1.4897,4.3283,1.3248,0.98146,22.9,0.92234,0.76746,309.6,13716,71.45,109.86,1184.05,18.5953,9.2472,1.5554,50.55,3.919,9.6924,1.3918,31.219,6.063,14.8625,791.2,3387.5,3.3775
2020-02-17,1.4886,4.3137,1.3229,0.9821,22.882,0.92293,0.76823,308.85,13652,71.382,109.88,1183.85,18.5731,9.2638,1.5564,50.565,3.9335,9.7206,1.3887,31.175,6.0491,14.9603,793.1,3394.22,3.3739
2020-02-18,1.4973,4.3462,1.3263,0.98179,23.02,0.92456,0.76724,309.57,13665,71.551,109.74,1191.51,18.6391,9.3272,1.5644,50.665,3.9521,9.7539,1.3922,31.225,6.0691,15.051,796.62,3401.4,3.3805
2020-02-19,1.4946,4.3689,1.3223,0.98343,23.113,0.92593,0.76989,311.42,13688,71.513,110.51,1189.58,18.5824,9.2757,1.5632,50.57,3.9548,9.791,1.3919,31.2,6.0746,14.9468,795.94,3381.5,3.3805
2020-02-20,1.5101,4.3875,1.3257,0.98387,23.204,0.92678,0.77702,313.25,13707,71.616,112.01,1206.48,18.6914,9.31,1.5798,50.718,3.969,9.8225,1.4005,31.44,6.0988,15.1034,806.88,3400.4,3.3885
2020-02-21,1.515,4.4024,1.3258,0.98232,23.202,0.92584,0.77317,312.1,13765,71.988,111.99,1212.34,18.9964,9.3392,1.5836,50.88,3.9658,9.7852,1.4009,31.63,6.1227,15.088,802.31,3377.0,3.3845
2020-02-24,1.5145,4.3884,1.3285,0.97985,23.282,0.92439,0.77494,312.08,13957,71.941,111.41,1219.45,19.156,9.3666,1.5802,51.07,3.9738,9.783,1.4017,31.74,6.1563,15.1222,807.03,3428.2,3.4035
2020-02-25,1.5168,4.3883,1.3287,0.97832,23.271,0.92251,0.77149,311.26,13925,71.701,110.63,1213.73,19.0203,9.3727,1.583,51.07,3.9679,9.7498,1.3991,31.725,6.152,15.189,812.3,3433.0,3.4075
2020-02-26,1.5232,4.39,1.3305,0.97526,23.305,0.91954,0.77379,311.98,13997,71.651,110.46,1215.9,19.132,9.3897,1.5883,51.069,3.9627,9.7299,1.3981,31.875,6.1592,15.1315,811.3,3454.0,3.4095
2020-02-27,1.5206,4.4669,1.3349,0.96926,23.06,0.91208,0.77522,308.62,14035,71.633,109.87,1211.08,19.3907,9.3869,1.5803,50.864,3.9332,9.6455,1.3949,31.65,6.16,15.3612,813.26,3497.5,3.4325
2020-02-28,1.5373,4.485,1.3444,0.96693,23.13,0.911,0.77722,307.52,14347,72.228,108.74,1207.05,19.7112,9.4642,1.6041,51.04,3.9409,9.7238,1.3954,31.55,6.2265,15.5745,817.21,3522.0,3.4524
2020-03-02,1.5283,4.49,1.3358,0.95801,22.95,0.89912,0.78325,302.93,14304,72.757,107.73,1192.1,19.777,9.3547,1.5949,50.81,3.891,9.5363,1.389,31.44,6.2267,15.6628,811.52,3458.0,3.4345
2020-03-03,1.5212,4.5005,1.3364,0.95763,22.915,0.89952,0.78268,302.85,14282,73.248,107.74,1194.2,19.4837,9.2946,1.5947,50.793,3.8829,9.4981,1.3924,31.54,6.1731,15.5838,812.53,3457.0,3.4222
2020-03-04,1.5096,4.5075,1.3359,0.95703,22.778,0.89888,0.78067,301.09,14115,73.258,107.49,1181.99,19.2449,9.263,1.588,50.596,3.8623,9.4881,1.3843,31.34,6.0969,15.2615,819.38,3476.0,3.4172
2020-03-05,1.5122,4.6018,1.3427,0.95316,22.657,0.89389,0.77474,300.08,14170,73.433,106.94,1186.21,19.7318,9.2706,1.5861,50.76,3.8463,9.4677,1.3851,31.55,6.0819,15.4417,824.55,3536.0,3.4583
2020-03-06,1.5087,4.6531,1.342,0.9341,22.458,0.88215,0.76892,295.94,14607,73.739,105.05,1192.33,20.286,9.261,1.5753,50.76,3.7969,9.3635,1.3788,31.44,6.1052,15.7475,826.17,3584.25,3.4693
2020-03-09,1.5127,4.7502,1.3629,0.92476,22.263,0.87291,0.76277,293.51,14392,74.162,102.23,1199.99,21.235,9.5059,1.5731,50.64,3.765,9.3578,1.3828,31.495,6.1105,15.9653,837.86,3804.0,3.5043
2020-03-10,1.5256,4.6745,1.3678,0.93011,22.586,0.87796,0.76721,295.17,14295,73.845,104.17,1191.5,20.96,9.52,1.5809,50.515,3.7981,9.4833,1.3887,31.439,6.1356,15.9435,832.83,3762.0,3.5003
2020-03-11,1.534,4.6643,1.3743,0.93428,22.733,0.88215,0.77355,295.92,14353,73.677,104.58,1189.19,21.085,9.5764,1.5835,50.62,3.8091,9.46,1.3886,31.39,6.1958,16.0639,840.28,3885.0,3.5162
2020-03-12,1.5724,4.9004,1.3811,0.93852,23.312,0.88968,0.78846,301.04,14621,74.262,103.95,1209.43,22.067,10.1141,1.6168,51.286,3.8789,9.6926,1.4038,31.66,6.2599,16.4099,853.8,4025.0,3.5262
2020-03-13,1.5926,4.6868,1.3859,0.95533,23.453,0.90058,0.80214,305.19,14770,73.739,107.27,1208.02,21.419,9.9933,1.6318,50.84,3.9238,9.767,1.4125,31.74,6.2905,16.1415,838.2,4020.0,3.5192
2020-03-16,1.6311,4.9638,1.3928,0.94524,24.164,0.8963,0.8149,309.2,15018,74.222,105.55,1230.92,22.809,10.2864,1.6581,51.649,3.95,9.7695,1.4222,32.21,6.4146,16.6355,854.5,4077.0,3.5512
2020-03-17,1.6652,5.0337,1.4125,0.96166,24.572,0.91058,0.82702,316.01,15190,74.276,106.99,1243.13,22.809,10.4774,1.6773,51.505,4.0637,9.9793,1.4288,32.29,6.4912,16.5988,848.1,3997.0,3.5422
2020-03-18,1.6982,5.1338,1.4404,0.96451,24.834,0.91458,0.84315,321.36,15450,74.209,107.72,1260.11,23.963,10.7015,1.7127,51.62,4.1165,10.0808,1.4414,32.42,6.447,16.9768,867.8,4155.25,3.5712
2020-03-19,1.7253,5.1881,1.4464,0.97537,25.559,0.92584,0.86089,329.65,15912,75.123,109.83,1262.98,24.346,11.4031,1.7501,51.47,4.2222,10.3252,1.4483,32.475,6.5387,17.2947,862.1,4086.0,3.5533
2020-03-20,1.7023,5.0375,1.425,0.98496,25.396,0.93397,0.85017,327.74,15925,75.147,110.55,1247.45,23.99,11.3211,1.7298,51.27,4.2323,10.3295,1.4491,32.55,6.5197,17.2903,863.1,4116.0,3.5272
2020-03-23,1.7236,5.0683,1.4384,0.9821,25.628,0.92739,0.86219,326.75,16575,76.166,110.46,1256.7,24.681,11.3668,1.7564,51.4,4.2712,10.2676,1.4602,32.865,6.5859,17.6333,860.5,4174.0,3.5313
2020-03-24,1.6891,5.0831,1.4494,0.97501,25.646,0.92225,0.8494,325.62,16325,75.957,110.66,1241.95,24.836,11.0435,1.7224,51.07,4.2558,10.2267,1.4472,32.77,6.4659,17.5924,845.2,4108.88,3.5183
2020-03-25,1.6619,5.0741,1.4352,0.97922,25.35,0.92362,0.84514,327.86,16115,76.383,111.45,1232.86,24.541,10.8751,1.7068,51.03,4.2317,10.1264,1.4456,32.78,6.435,17.4081,844.5,4062.0,3.4752
2020-03-26,1.6539,4.991,1.4084,0.9684,25.089,0.91066,0.83187,323.28,16106,75.157,109.44,1217.07,23.745,10.4975,1.6875,50.98,4.1661,10.0237,1.4351,32.635,6.4117,17.4378,827.4,3978.5,3.3952
2020-03-27,1.6588,5.0929,1.414,0.96392,24.869,0.911,0.81755,324.0,16140,75.494,108.74,1226.48,23.534,10.6184,1.6897,51.13,4.1274,10.0353,1.4359,32.585,6.4621,17.62,834.7,4009.0,3.4075
2020-03-30,1.6332,5.1215,1.4162,0.95804,24.755,0.90629,0.80569,325.1,16393,75.675,108.16,1224.87,23.786,10.5934,1.668,50.93,4.1244,10.0032,1.4258,32.7,6.5683,17.8798,851.74,4047.82,3.434
2020-03-31,1.6399,5.2027,1.4254,0.96614,24.929,0.91274,0.80908,328.61,16310,75.666,108.53,1224.01,23.893,10.5057,1.681,50.99,4.1535,10.0961,1.4269,32.79,6.5775,17.8984,852.5,4058.0,3.4303
2020-04-01,1.6508,5.2441,1.4266,0.96598,25.027,0.91441,0.80889,337.75,16679,76.445,107.49,1231.24,24.15,10.304,1.696,50.941,4.1894,10.0007,1.4346,33.02,6.6683,17.9791,863.6,4071.0,3.4643
2020-04-02,1.6477,5.2286,1.4167,0.96745,25.264,0.91693,0.80449,333.51,16657,76.407,107.34,1228.57,24.299,10.3012,1.6853,50.876,4.1901,10.0188,1.432,32.974,6.6628,18.5008,858.8,4023.39,3.4393
2020-04-03,1.6694,5.2752,1.4185,0.97793,25.535,0.92721,0.81456,338.57,16615,76.236,108.58,1235.81,24.615,10.443,1.7082,50.816,4.2434,10.1548,1.4362,33.01,6.7034,18.7891,864.5,4019.0,3.4555
2020-04-06,1.6486,5.2874,1.416,0.97859,25.58,0.9267,0.81364,338.47,16413,76.091,108.92,1228.84,25.104,10.5528,1.6866,50.66,4.2297,10.174,1.4345,32.86,6.7775,18.8611,849.53,3965.0,3.3892
2020-04-07,1.6149,5.207,1.4018,0.97216,25.002,0.9187,0.80931,328.54,16135,75.563,108.91,1212.12,24.269,10.1925,1.6684,50.45,4.1668,9.9943,1.4241,32.765,6.7581,18.359,858.13,3904.0,3.3623
2020-04-08,1.6186,5.2195,1.4013,0.97112,25.005,0.91988,0.80901,330.55,16223,76.23,108.88,1218.25,24.227,10.2971,1.6736,50.572,4.1801,10.0621,1.4274,32.76,6.7885,18.179,842.83,3896.35,3.3693
2020-04-09,1.6052,5.1492,1.4047,0.97157,24.762,0.92022,0.80579,326.46,15867,76.314,108.89,1216.98,23.955,10.3196,1.6682,50.556,4.1949,10.0722,1.4244,32.82,6.739,18.0715,840.08,3826.17,3.3685
2020-04-14,1.5633,5.1615,1.3917,0.96169,24.504,0.91216,0.79589,319.89,15716,76.156,107.32,1215.48,23.577,10.3182,1.6426,50.582,4.1479,9.9569,1.4158,32.71,6.793,18.2669,847.95,3847.0,3.3933
2020-04-15,1.5866,5.2386,1.406,0.96616,24.756,0.91718,0.80148,321.29,15776,76.502,107.42,1220.34,23.92,10.502,1.6714,50.73,4.1622,10.0269,1.4247,32.68,6.8874,18.7233,855.2,3909.3,3.4073
2020-04-16,1.5858,5.2342,1.4106,0.96583,24.847,0.91844,0.80054,321.05,15696,76.874,107.57,1225.67,24.15,10.4836,1.6725,50.895,4.1594,10.0014,1.4272,32.66,6.9348,18.5865,851.05,3972.0,3.4123
2020-04-17,1.5735,5.23,1.407,0.96823,25.012,0.92081,0.8009,323.95,15586,76.483,107.61,1216.88,24.027,10.3909,1.6614,50.916,4.1607,9.9952,1.4224,32.53,6.9043,18.7505,851.95,3931.0,3.4045
2020-04-20,1.5732,5.2913,1.4111,0.96851,25.164,0.92081,0.80426,326.49,15535,76.556,107.84,1218.71,24.041,10.3773,1.654,50.761,4.1687,10.0021,1.4231,32.49,6.9263,18.7376,855.75,3968.1,3.4013
2020-04-21,1.5932,5.3169,1.4204,0.97047,25.327,0.92276,0.81314,327.6,15689,76.94,107.4,1232.2,24.357,10.5973,1.6777,50.841,4.1793,10.1082,1.4312,32.545,6.9815,18.9951,856.75,4040.5,3.3842
2020-04-22,1.5827,5.3249,1.4148,0.96834,25.337,0.92022,0.80905,326.78,15584,76.534,107.67,1232.78,24.285,10.7458,1.6748,50.7,4.1731,10.0693,1.4271,32.37,6.9944,18.8102,858.0,4026.0,3.3702
2020-04-23,1.5706,5.4462,1.4135,0.97577,25.576,0.92833,0.80951,331.89,15570,76.068,107.45,1231.71,24.454,10.6911,1.6661,50.66,4.2127,10.108,1.4232,32.32,6.9428,19.0707,859.36,4020.3,3.3713
2020-04-24,1.5688,5.5674,1.4049,0.97454,25.287,0.92593,0.81017,328.88,15625,76.269,107.61,1233.88,24.845,10.6282,1.6658,50.825,4.193,10.0669,1.4256,32.435,6.9782,18.9833,856.6,4039.0,3.3945
2020-04-27,1.5476,5.5592,1.4057,0.97282,25.05,0.92149,0.80412,326.73,15385,76.133,107.1,1224.49,24.902,10.5522,1.6488,50.67,4.1731,10.021,1.4183,32.47,6.9826,18.8085,856.2,4055.2,3.3962
2020-04-28,1.5385,5.6085,1.3955,0.97325,25.032,0.91937,0.80057,327.24,15367,75.867,106.7,1218.9,24.388,10.3689,1.6508,50.595,4.1802,9.8814,1.4165,32.435,6.9978,18.655,843.31,4027.06,3.3862
2020-04-29,1.5362,5.4711,1.3954,0.975,25.018,0.92234,0.80592,327.94,15321,75.65,106.55,1218.95,24.122,10.3973,1.6446,50.51,4.1913,9.9002,1.4152,32.42,6.9883,18.4317,833.55,3918.0,3.3652
2020-04-30,1.5261,5.3848,1.3863,0.97076,24.914,0.91946,0.79905,324.31,14875,75.037,106.54,1207.33,23.717,10.2832,1.6279,50.36,4.1684,9.805,1.409,32.38,6.9859,18.0739,833.4,3951.0,3.3715
2020-05-04,1.5557,5.5548,1.4065,0.96399,24.784,0.91391,0.80331,322.86,15100,75.663,106.78,1224.64,24.571,10.3528,1.6526,50.611,4.1736,9.8806,1.4161,32.35,7.0309,18.6364,836.45,3978.01,3.3832
2020-05-05,1.5517,5.4944,1.4019,0.97067,24.881,0.92225,0.80291,323.04,15100,75.754,106.71,1221.81,23.873,10.3043,1.6518,50.598,4.1793,9.8663,1.4165,32.395,7.089,18.3545,832.74,3918.57,3.3922
2020-05-06,1.5773,5.6349,1.4088,0.97437,24.972,0.92533,0.80737,323.48,15045,75.858,106.09,1224.65,24.103,10.2619,1.6507,50.541,4.2004,9.8342,1.419,32.39,7.1415,18.562,842.11,3953.33,3.4113
2020-05-07,1.5491,5.7749,1.4075,0.97654,25.186,0.92739,0.81126,323.99,15045,75.832,106.57,1224.32,24.175,10.2388,1.6526,50.54,4.2165,9.8488,1.4192,32.43,7.2143,18.6126,836.95,3915.62,3.4012
2020-05-08,1.5321,5.817,1.3943,0.97104,25.132,0.92225,0.8073,322.22,14967,75.588,106.37,1219.6,23.888,10.2089,1.6294,50.43,4.1946,9.7644,1.4134,32.24,7.1246,18.4423,825.28,3888.0,3.4063
2020-05-11,1.5437,5.7919,1.3984,0.97182,25.499,0.92387,0.81185,323.21,14969,75.85,107.32,1224.66,23.947,10.2051,1.6452,50.376,4.212,9.7929,1.4168,32.185,7.0765,18.4405,822.91,3894.0,3.4143
2020-05-12,1.5311,5.7753,1.3979,0.96887,25.256,0.92098,0.80837,323.03,14804,75.143,107.35,1221.38,23.784,10.1785,1.634,50.09,4.1858,9.7594,1.4143,32.1,6.9975,18.1785,824.0,3879.0,3.4323
2020-05-13,1.5344,5.8488,1.4017,0.96809,25.203,0.91954,0.81145,325.13,14797,75.292,106.92,1223.98,24.12,10.0579,1.6536,50.156,4.1964,9.7327,1.4143,32.04,6.9757,18.3163,816.11,3906.0,3.4383
2020-05-14,1.5572,5.9234,1.4107,0.97405,25.548,0.92661,0.82001,328.63,14951,75.602,107.01,1231.63,24.321,10.2481,1.6742,50.585,4.2315,9.8608,1.4246,32.13,6.9643,18.6842,821.48,3937.0,3.4473
2020-05-15,1.5563,5.8503,1.4105,0.97361,25.55,0.9261,0.8218,328.49,14936,75.931,106.99,1234.12,23.983,10.2397,1.6804,50.73,4.2276,9.881,1.4259,32.095,6.9169,18.5923,827.13,3908.0,3.4352
2020-05-18,1.5451,5.7885,1.4034,0.97129,25.489,0.92319,0.82305,326.25,14842,75.831,107.38,1230.08,23.665,10.124,1.6706,50.87,4.2094,9.7953,1.4241,32.02,6.8571,18.3635,818.48,3849.0,3.4245
2020-05-19,1.5298,5.6947,1.3928,0.97105,25.105,0.91324,0.81767,319.95,14774,75.662,107.76,1224.83,23.614,9.9683,1.6442,50.746,4.1562,9.6516,1.4167,31.915,6.7989,18.2328,818.18,3832.0,3.425
2020-05-20,1.5197,5.7178,1.3881,0.96587,25.032,0.91258,0.81546,319.96,14717,75.616,107.64,1228.06,23.4,9.9256,1.6298,50.6,4.1468,9.6339,1.4148,31.82,6.7913,18.0236,803.4,3810.66,3.401
2020-05-21,1.5191,5.6847,1.3918,0.96618,24.738,0.90909,0.81766,316.9,14733,75.5,107.65,1231.45,23.185,9.9118,1.6317,50.59,4.118,9.5727,1.4146,31.81,6.7983,17.8706,802.88,3767.0,3.4078
2020-05-22,1.531,5.5812,1.4007,0.97129,24.954,0.91709,0.82138,320.43,14902,75.871,107.54,1241.3,22.969,10.0035,1.6388,50.76,4.1461,9.6637,1.4234,31.895,6.8073,17.6519,807.93,3771.53,3.4198
2020-05-25,1.5287,5.5218,1.3988,0.97131,25.0,0.91659,0.82049,321.47,14710,75.885,107.67,1241.64,22.672,10.0236,1.6398,50.763,4.1275,9.6691,1.4248,31.98,6.815,17.6725,804.18,3766.03,3.4256
2020-05-26,1.507,5.3862,1.3835,0.96583,24.668,0.91116,0.80982,318.54,14755,75.563,107.44,1232.1,22.15,9.9265,1.6143,50.44,4.0552,9.6185,1.4178,31.88,6.7439,17.3713,806.31,3730.18,3.4323
2020-05-27,1.5071,5.3388,1.3762,0.97125,24.612,0.90984,0.81517,317.26,14710,75.735,107.89,1236.5,22.327,9.852,1.6121,50.649,4.0371,9.6086,1.4183,31.895,6.7821,17.4213,819.66,3730.9,3.447
2020-05-28,1.5091,5.31,1.3757,0.96977,24.525,0.90777,0.81452,317.48,14715,75.763,107.73,1237.98,22.293,9.8541,1.6137,50.646,4.0162,9.5752,1.418,31.87,6.8148,17.4275,808.25,3696.0,3.4348
2020-05-29,1.4979,5.3569,1.3721,0.96264,24.175,0.89799,0.80898,313.16,14610,75.521,107.12,1235.82,22.064,9.6875,1.6041,50.495,3.9956,9.4172,1.4109,31.81,6.8338,17.4424,798.4,3726.0,3.4283
2020-06-01,1.4833,5.3325,1.3699,0.96132,24.162,0.8996,0.8067,310.77,14610,75.513,107.73,1227.46,21.997,9.7058,1.6035,50.33,3.9833,9.413,1.4096,31.67,6.8139,17.4517,792.25,3716.0,3.4165
2020-06-02,1.4596,5.3248,1.3519,0.96125,23.846,0.89493,0.79723,309.35,14415,75.21,108.13,1221.07,21.877,9.5577,1.5822,50.18,3.9371,9.3539,1.4022,31.565,6.7745,17.2503,776.6,3632.94,3.395
2020-06-03,1.4544,5.1807,1.3555,0.96418,23.816,0.89334,0.79565,309.0,14191,75.496,108.58,1218.59,21.688,9.5388,1.5662,49.958,3.9427,9.3432,1.3986,31.57,6.7628,17.0488,785.2,3603.5,3.4012
2020-06-04,1.4468,5.0657,1.3514,0.95876,23.665,0.88889,0.7972,306.58,14095,75.493,108.87,1216.65,21.756,9.4265,1.5564,49.875,3.9442,9.2597,1.4007,31.59,6.7438,16.8941,771.79,3595.77,3.4245
2020-06-05,1.4322,5.0599,1.3448,0.95905,23.468,0.88261,0.78948,304.17,14018,75.578,109.24,1205.27,21.754,9.303,1.535,49.83,3.921,9.2012,1.3923,31.465,6.7738,16.8423,766.25,3568.0,3.4296
2020-06-08,1.4316,4.9359,1.3404,0.96243,23.558,0.88613,0.79019,304.97,14014,75.534,109.36,1199.11,21.553,9.2692,1.5322,49.89,3.9285,9.2138,1.3912,31.435,6.7855,16.8187,766.83,3604.74,3.4346
2020-06-09,1.4403,4.8649,1.3447,0.9536,23.582,0.88543,0.78909,305.47,14093,75.536,108.15,1198.25,21.761,9.334,1.5384,50.045,3.937,9.2251,1.3908,31.36,6.8053,16.7288,769.33,3653.5,3.4423
2020-06-10,1.4259,4.8539,1.3387,0.94611,23.393,0.87912,0.78209,301.65,14085,75.516,107.39,1188.72,21.825,9.2644,1.5259,49.905,3.9142,9.196,1.3843,31.14,6.782,16.5605,773.03,3670.0,3.4245
2020-06-11,1.447,4.9763,1.3501,0.94263,23.51,0.88121,0.79014,303.89,14015,75.837,107.08,1197.73,22.399,9.4466,1.5448,50.131,3.9416,9.2543,1.3886,30.95,6.8198,16.8639,792.1,3766.8,3.4587
2020-06-12,1.455,5.0768,1.3577,0.9463,23.618,0.88464,0.79311,306.09,14206,75.893,107.27,1203.51,22.51,9.5962,1.5528,50.215,3.9352,9.2979,1.3905,30.95,6.8316,17.0554,791.67,3773.75,3.4586
2020-06-15,1.4641,5.1585,1.3634,0.94899,23.712,0.88865,0.79666,308.42,14254,76.006,107.38,1213.97,22.581,9.6769,1.5526,50.345,3.9413,9.3658,1.3945,31.11,6.8397,17.1705,782.69,3773.0,3.4586
2020-06-16,1.4436,5.0979,1.3548,0.94774,23.491,0.88433,0.79033,305.54,14130,76.097,107.35,1210.74,22.08,9.4967,1.5453,50.11,3.9151,9.2975,1.3895,31.111,6.8484,17.0249,783.6,3742.35,3.4697
2020-06-17,1.4505,5.2102,1.3536,0.94988,23.648,0.89031,0.79637,306.71,14199,76.166,107.42,1212.79,22.206,9.5308,1.5487,50.101,3.959,9.3592,1.3933,31.21,6.8565,17.1197,800.61,3745.75,3.4964
2020-06-18,1.4575,5.3233,1.3561,0.95054,23.783,0.89111,0.80225,308.27,14085,76.341,106.93,1211.25,22.512,9.5422,1.5523,50.171,3.9785,9.4034,1.3939,31.125,6.8587,17.4063,816.96,3745.48,3.5203
2020-06-19,1.4506,5.355,1.3567,0.95058,23.803,0.89206,0.80736,308.15,14209,76.137,106.84,1207.43,22.581,9.5571,1.5525,50.074,3.9711,9.4264,1.3937,31.012,6.8588,17.3452,816.39,3743.25,3.5
2020-06-22,1.453,5.2839,1.3565,0.95015,23.795,0.89182,0.80556,309.11,14259,76.037,106.92,1214.04,22.502,9.6303,1.5473,50.12,3.968,9.411,1.3947,31.0,6.8518,17.3974,819.18,3743.25,3.5018
2020-06-23,1.4377,5.2135,1.3491,0.94584,23.513,0.88355,0.80076,309.62,14160,75.49,106.95,1207.38,22.31,9.4844,1.5366,50.084,3.9204,9.2927,1.391,30.92,6.8583,17.2044,818.73,3698.25,3.5018
2020-06-24,1.4488,5.1793,1.3591,0.94672,23.699,0.88652,0.80091,311.68,14168,75.647,106.65,1202.47,22.586,9.5707,1.556,50.047,3.9433,9.3214,1.389,30.84,6.8548,17.3106,818.62,3727.62,3.5018
2020-06-25,1.4572,5.3582,1.3645,0.94973,23.925,0.89286,0.80476,316.38,14275,75.634,107.37,1203.33,22.886,9.7096,1.5594,50.067,3.9869,9.3629,1.3929,30.935,6.855,17.4003,808.7,3728.75,3.5027
2020-06-26,1.4548,5.404,1.3661,0.9481,23.908,0.89182,0.80777,316.73,14220,75.644,106.96,1200.56,22.816,9.7075,1.5543,49.989,3.985,9.3439,1.392,30.923,6.855,17.2834,821.02,3747.75,3.5277
2020-06-29,1.4539,5.4152,1.3656,0.9455,23.793,0.88621,0.81124,315.76,14368,75.496,107.29,1198.87,22.973,9.6608,1.5538,49.856,3.9582,9.2857,1.3921,30.88,6.8549,17.2157,819.37,3743.97,3.5265
2020-06-30,1.4595,5.4579,1.3685,0.95115,23.879,0.89302,0.81482,318.43,14453,75.567,107.75,1201.85,23.171,9.7446,1.561,49.861,3.9793,9.372,1.3974,30.92,6.8549,17.3625,822.26,3754.75,3.5407
2020-07-01,1.4525,5.4429,1.3587,0.94821,23.812,0.89286,0.80741,316.52,14265,75.554,107.42,1203.43,22.946,9.6193,1.5502,49.813,3.9806,9.3719,1.3955,30.99,6.8551,17.2263,808.2,3711.0,3.5277
2020-07-02,1.4439,5.3006,1.3595,0.94347,23.597,0.88605,0.79944,311.53,14379,74.739,107.43,1199.63,22.626,9.4695,1.5326,49.688,3.9642,9.2712,1.3934,31.06,6.8552,16.9194,800.61,3642.74,3.5207
2020-07-03,1.4411,5.3561,1.3572,0.94645,23.757,0.89095,0.80292,314.1,14510,74.679,107.52,1199.7,22.545,9.5131,1.5328,49.48,3.9814,9.3296,1.3947,31.11,6.8565,17.0849,802.13,3644.05,3.5387
2020-07-06,1.4331,5.2755,1.3539,0.93969,23.581,0.883,0.79916,311.55,14418,74.57,107.53,1192.5,22.182,9.3791,1.527,49.334,3.946,9.2581,1.391,31.045,6.8647,17.0208,798.2,3625.01,3.5438
2020-07-07,1.4403,5.3765,1.3567,0.94269,23.632,0.88574,0.79849,313.22,14440,74.81,107.71,1194.92,22.565,9.4267,1.5288,49.506,3.9578,9.2609,1.3951,31.233,6.8652,17.0866,789.12,3623.1,3.5367
2020-07-08,1.4391,5.3552,1.359,0.94134,23.7,0.88605,0.79677,314.98,14414,75.004,107.56,1195.16,22.721,9.4706,1.5273,49.529,3.9664,9.2424,1.3951,31.235,6.865,16.9793,786.58,3638.35,3.5198
2020-07-09,1.4318,5.3359,1.3502,0.93758,23.472,0.88168,0.79047,312.33,14395,74.987,107.27,1194.1,22.657,9.361,1.5185,49.429,3.9371,9.1668,1.3908,31.195,6.8634,16.8128,787.88,3620.7,3.4998
2020-07-10,1.4408,5.3823,1.3601,0.94227,23.671,0.88684,0.79434,313.68,14435,75.239,106.85,1201.4,22.787,9.5036,1.5244,49.48,3.968,9.2214,1.3926,31.32,6.8656,16.9288,791.93,3607.0,3.5018
2020-07-13,1.4342,5.3397,1.3563,0.94315,23.522,0.88269,0.79387,312.32,14425,75.223,107.16,1201.67,22.496,9.4139,1.5205,49.429,3.9507,9.1652,1.3896,31.39,6.8695,16.7469,789.26,3617.6,3.4968
2020-07-14,1.4372,5.356,1.3616,0.93987,23.418,0.87912,0.79805,312.51,14450,75.402,107.4,1206.14,22.627,9.4163,1.5312,49.499,3.9368,9.1301,1.3931,31.58,6.8669,16.7676,786.08,3621.5,3.4978
2020-07-15,1.4237,5.3225,1.3568,0.94224,23.232,0.87382,0.79116,308.68,14588,75.122,106.82,1200.24,22.261,9.2865,1.5202,49.444,3.9049,9.0412,1.388,31.49,6.8654,16.5205,781.0,3621.3,3.4938
2020-07-16,1.4314,5.3578,1.3538,0.94507,23.386,0.87612,0.79617,310.22,14625,75.223,107.1,1203.56,22.345,9.2998,1.5279,49.5,3.9362,9.0678,1.392,31.67,6.8617,16.6621,789.21,3635.23,3.5038
2020-07-17,1.4316,5.3237,1.3572,0.94093,23.348,0.87504,0.79697,309.52,14695,74.965,107.22,1204.54,22.412,9.275,1.5281,49.45,3.9226,9.0418,1.3902,31.71,6.8615,16.6692,787.2,3643.45,3.5167
2020-07-20,1.429,5.3704,1.3567,0.93781,23.234,0.87352,0.79119,307.97,14785,74.808,107.12,1202.89,22.556,9.2645,1.523,49.354,3.8952,8.9981,1.3897,31.775,6.8578,16.7199,785.28,3650.75,3.5025
2020-07-21,1.4117,5.2797,1.3457,0.93857,23.096,0.8739,0.78699,306.42,14708,74.613,107.23,1195.46,22.364,9.1701,1.5123,49.336,3.8768,8.9478,1.3887,31.63,6.8486,16.4997,771.18,3620.9,3.492
2020-07-22,1.3939,5.1753,1.3422,0.93151,22.772,0.86371,0.78704,301.67,14569,74.529,107.05,1195.7,22.346,9.0985,1.4966,49.326,3.8252,8.8457,1.3832,31.565,6.8491,16.369,766.79,3635.0,3.506
2020-07-23,1.4043,5.1451,1.3386,0.92757,22.769,0.86438,0.78827,300.21,14649,74.838,107.17,1200.89,22.446,9.1687,1.5026,49.444,3.8155,8.872,1.3859,31.71,6.8484,16.6136,770.01,3666.7,3.5178
2020-07-24,1.4108,5.2358,1.342,0.92436,22.629,0.86147,0.78381,298.91,14630,74.836,106.27,1203.33,22.467,9.2137,1.5081,49.376,3.7945,8.8465,1.3855,31.72,6.8484,16.7428,773.63,3692.0,3.5325
2020-07-27,1.4007,5.1802,1.3375,0.9216,22.273,0.85034,0.7767,294.14,14520,74.728,105.34,1196.56,22.116,9.0717,1.497,49.164,3.7429,8.7311,1.3789,31.505,6.8497,16.4439,767.95,3673.5,3.514
2020-07-28,1.4007,5.1762,1.3393,0.91815,22.404,0.85346,0.77638,296.13,14535,74.857,105.27,1200.08,22.057,9.1269,1.5047,49.214,3.7598,8.7753,1.3799,31.51,6.9372,16.584,765.21,3722.9,3.514
2020-07-29,1.3943,5.13,1.336,0.91821,22.423,0.85288,0.77087,296.52,14535,74.789,105.14,1194.22,21.86,9.0894,1.5045,49.073,3.7692,8.7736,1.3767,31.47,6.9721,16.4835,757.01,3703.9,3.4977
2020-07-30,1.4005,5.2107,1.343,0.91493,22.352,0.85157,0.7687,294.3,14600,74.887,105.24,1195.74,22.149,9.1299,1.5096,49.12,3.7537,8.777,1.3762,31.44,6.981,16.7819,760.9,3719.1,3.513
2020-07-31,1.3916,5.167,1.3418,0.90893,22.092,0.84402,0.76007,291.15,14656,74.814,104.92,1189.7,22.179,9.0583,1.4999,49.058,3.7166,8.6795,1.3711,31.185,6.9712,16.9615,756.43,3731.33,3.5317
2020-08-03,1.4078,5.2341,1.3436,0.91967,22.445,0.85281,0.76764,294.83,14714,75.2,106.18,1195.0,22.402,9.1411,1.5096,49.104,3.7695,8.7803,1.377,31.25,6.9814,17.2932,757.21,3767.35,3.5408
2020-08-04,1.402,5.333,1.3407,0.91466,22.287,0.84998,0.76783,293.01,14685,75.121,106.06,1195.49,22.728,9.1431,1.5136,49.107,3.7446,8.7569,1.3765,31.116,6.969,17.4144,771.19,3779.25,3.5508
2020-08-05,1.3848,5.2565,1.3247,0.90855,22.015,0.8436,0.76147,290.62,14550,74.835,105.76,1185.88,22.534,8.9915,1.5024,49.03,3.7063,8.6777,1.369,31.01,7.0281,17.2279,776.96,3772.75,3.5436
2020-08-06,1.3926,5.3483,1.3297,0.90847,22.124,0.84438,0.76022,292.35,14611,74.947,105.51,1186.35,22.473,8.9959,1.5054,49.089,3.7214,8.7111,1.3709,31.1,7.2493,17.5344,772.2,3741.0,3.5415
2020-08-07,1.3881,5.3545,1.3345,0.91428,22.238,0.84624,0.76477,292.74,14670,75.002,105.7,1186.34,22.436,9.0068,1.5051,49.046,3.7303,8.73,1.3712,31.155,7.1946,17.5248,787.45,3740.25,3.5516
2020-08-10,1.398,5.415,1.338,0.91728,22.259,0.85012,0.76643,293.45,14640,74.904,106.04,1187.01,22.362,9.036,1.5166,49.126,3.7423,8.7397,1.3736,31.14,7.3157,17.7208,805.33,3774.9,3.5516
2020-08-11,1.3923,5.4373,1.3287,0.91174,22.197,0.84868,0.76248,292.82,14723,74.565,106.06,1182.88,22.323,8.967,1.5135,48.897,3.7357,8.7274,1.371,31.06,7.2486,17.5049,794.11,3740.24,3.5595
2020-08-12,1.4029,5.4186,1.329,0.91369,22.188,0.84955,0.76863,293.22,14760,74.802,106.97,1184.2,22.375,8.9596,1.5289,48.96,3.7408,8.7089,1.3734,31.11,7.3124,17.4242,791.75,3755.55,3.5656
2020-08-13,1.3963,5.3888,1.3215,0.91135,22.078,0.84509,0.76374,291.5,14839,74.842,106.97,1185.01,22.342,8.886,1.5247,48.819,3.7157,8.6832,1.3717,31.05,7.3349,17.4427,792.9,3769.25,3.5693
2020-08-14,1.3989,5.3966,1.3247,0.91035,22.11,0.84653,0.76334,292.99,14909,74.892,106.67,1186.92,22.181,8.9226,1.5298,48.72,3.7234,8.7135,1.3721,31.11,7.3774,17.4486,796.58,3790.25,3.5702
2020-08-17,1.3908,5.4135,1.3232,0.90821,22.053,0.84367,0.76457,294.04,14881,74.825,106.29,1186.09,22.013,8.8686,1.5337,48.674,3.7093,8.6989,1.3699,31.21,7.3953,17.4437,806.83,3789.0,3.5772
2020-08-18,1.3814,5.4408,1.3163,0.90484,21.95,0.83991,0.75907,293.84,14845,74.651,105.44,1184.34,22.059,8.8199,1.5218,48.55,3.6847,8.6679,1.3649,31.12,7.3932,17.3988,794.18,3782.0,3.5653
2020-08-19,1.3767,5.4567,1.3147,0.90598,21.887,0.83801,0.7571,293.13,14771,74.851,105.37,1178.22,22.109,8.8373,1.5058,48.53,3.6824,8.6433,1.3641,31.24,7.3565,17.1943,783.88,3754.5,3.5613
2020-08-20,1.3961,5.6079,1.321,0.91021,21.992,0.84388,0.76095,295.69,14771,75.097,105.87,1188.37,22.254,8.9509,1.5323,48.698,3.7058,8.7388,1.3688,31.43,7.3527,17.227,785.81,3801.25,3.5762
2020-08-21,1.3971,5.6001,1.3224,0.91291,22.162,0.84969,0.76264,297.97,14771,74.943,105.81,1192.24,22.148,8.9993,1.5333,48.708,3.7369,8.8053,1.3706,31.575,7.301,17.247,792.66,3833.25,3.5824
2020-08-24,1.3889,5.5661,1.3146,0.90833,22.023,0.8441,0.76116,296.13,14670,74.086,105.73,1187.07,21.888,8.9633,1.5244,48.491,3.7128,8.7524,1.3677,31.41,7.3701,16.9334,785.51,3853.75,3.5844
2020-08-25,1.3943,5.5747,1.3202,0.91011,22.11,0.84645,0.76134,299.19,14645,74.251,106.37,1186.83,21.904,8.946,1.5306,48.55,3.7175,8.7629,1.3687,31.475,7.3939,16.7669,786.67,3865.4,3.5854
2020-08-26,1.3887,5.5405,1.3184,0.91085,22.277,0.84825,0.76079,300.91,14672,74.315,106.32,1186.67,21.948,8.9578,1.5244,48.574,3.7386,8.7665,1.3682,31.34,7.3548,16.795,784.51,3838.1,3.5693
2020-08-27,1.3799,5.5912,1.3147,0.91055,22.256,0.84703,0.75813,301.52,14721,73.92,106.17,1185.63,21.955,8.9089,1.5076,48.606,3.7263,8.7361,1.3661,31.23,7.3408,16.9643,784.31,3814.93,3.5622
2020-08-28,1.361,5.5063,1.3053,0.9029,21.989,0.83928,0.75089,298.09,14546,73.193,105.24,1181.07,21.879,8.7872,1.4875,48.406,3.6862,8.6112,1.3592,31.13,7.3165,16.6873,779.33,3744.0,3.5322
2020-08-31,1.358,5.422,1.3066,0.90235,21.95,0.83752,0.75046,296.93,14576,73.258,105.92,1185.73,21.825,8.7563,1.4848,48.44,3.6827,8.6171,1.3597,31.07,7.3509,16.716,776.21,3738.95,3.5412
2020-09-01,1.355,5.4331,1.3014,0.9064,21.879,0.83424,0.74226,295.34,14570,72.921,105.88,1184.72,21.714,8.7076,1.4789,48.528,3.6644,8.6431,1.3576,31.075,7.3576,16.6396,771.13,3677.75,3.5262
2020-09-02,1.3634,5.4131,1.3064,0.91046,22.206,0.8431,0.74901,302.48,14745,73.198,106.23,1187.14,21.849,8.7733,1.4789,48.617,3.7253,8.6894,1.3619,31.275,7.3845,16.7907,771.18,3656.75,3.5342
2020-09-03,1.373,5.369,1.3114,0.91222,22.321,0.84653,0.75455,303.1,14846,73.529,106.54,1190.76,21.771,8.9152,1.4881,48.581,3.7475,8.7525,1.3655,31.44,7.4415,16.7661,775.45,3689.48,3.5494
2020-09-04,1.3757,5.301,1.3096,0.91142,22.323,0.84445,0.75431,303.66,14738,73.197,106.22,1189.89,21.557,8.9316,1.4896,48.581,3.759,8.756,1.3645,31.39,7.4493,16.5747,771.31,3713.38,3.5254
2020-09-07,1.3728,5.2997,1.3095,0.91416,22.385,0.84574,0.75977,304.4,14792,73.452,106.22,1188.34,21.577,8.9186,1.4921,48.67,3.7639,8.7695,1.3667,31.37,7.4567,16.7163,774.76,3710.0,3.5355
2020-09-08,1.3819,5.382,1.3172,0.91812,22.504,0.84854,0.76753,306.64,14860,73.916,106.24,1189.77,21.865,9.055,1.5038,48.649,3.7745,8.8023,1.3703,31.465,7.4843,16.9733,772.44,3729.91,3.5405
2020-09-09,1.3815,5.333,1.3219,0.91786,22.525,0.8494,0.77476,303.83,14785,73.567,106.22,1187.33,21.713,9.1013,1.5046,48.65,3.7797,8.8015,1.3691,31.367,7.4951,16.7369,765.98,3712.28,3.5365
2020-09-10,1.3741,5.3101,1.3154,0.9086,22.436,0.84395,0.77298,302.01,14950,73.449,106.14,1186.46,21.365,9.0193,1.4969,48.605,3.7577,8.752,1.3671,31.265,7.4581,16.7607,772.6,3708.48,3.5435
2020-09-11,1.3703,5.2776,1.3179,0.90914,22.411,0.8436,0.77955,301.27,14993,73.595,106.14,1187.0,21.292,9.0289,1.4964,48.55,3.7512,8.7492,1.3666,31.33,7.4713,16.7477,769.77,3703.88,3.5714
2020-09-14,1.3748,5.314,1.317,0.9067,22.449,0.84203,0.77627,301.15,14880,73.543,105.94,1182.83,21.202,9.0041,1.4937,48.49,3.7474,8.7721,1.3647,31.3,7.4939,16.6618,765.0,3687.3,3.5594
2020-09-15,1.3639,5.2365,1.3147,0.90548,22.559,0.8409,0.77443,300.77,14845,73.596,105.44,1177.88,20.965,8.9945,1.4863,48.359,3.7387,8.7487,1.3591,31.18,7.486,16.4538,763.06,3698.23,3.5465
2020-09-16,1.3627,5.2415,1.3167,0.90597,22.517,0.84253,0.77027,302.08,14835,73.528,105.08,1171.72,21.03,8.9821,1.4817,48.36,3.7464,8.7723,1.3573,31.1,7.4968,16.322,760.2,3685.0,3.5254
2020-09-17,1.3692,5.2655,1.3196,0.91057,22.673,0.84767,0.77588,306.15,14835,73.629,104.59,1172.47,21.061,9.0903,1.4862,48.459,3.7788,8.8226,1.3596,31.195,7.5474,16.3324,760.98,3713.24,3.5215
2020-09-18,1.3726,5.2545,1.3184,0.91067,22.587,0.84509,0.77172,304.89,14735,73.532,104.36,1162.82,20.903,9.088,1.478,48.429,3.7693,8.7881,1.3591,31.175,7.572,16.1852,763.19,3728.88,3.5224
2020-09-21,1.3778,5.4519,1.3238,0.91295,22.89,0.84839,0.7772,308.03,14793,73.556,104.1,1164.71,21.476,9.2339,1.4923,48.479,3.8039,8.8279,1.3597,31.24,7.6109,16.7486,774.28,3787.0,3.549
2020-09-22,1.3874,5.4239,1.3314,0.9155,23.004,0.85179,0.78146,308.39,14785,73.475,104.58,1161.73,21.396,9.3295,1.5017,48.465,3.8274,8.8646,1.3627,31.38,7.6533,16.6762,777.0,3825.65,3.5526
2020-09-23,1.406,5.5164,1.3337,0.9214,23.063,0.85529,0.78588,312.19,14861,73.537,105.12,1165.58,22.095,9.4028,1.5186,48.561,3.8489,8.9282,1.3675,31.51,7.6907,17.0721,782.48,3860.18,3.5526
2020-09-24,1.4203,5.5762,1.3396,0.92503,23.199,0.85874,0.78341,312.97,14890,73.946,105.39,1174.37,22.418,9.534,1.5326,48.559,3.8895,9.0848,1.3765,31.62,7.63,17.061,783.1,3825.0,3.5526
2020-09-25,1.4224,5.5493,1.3375,0.92814,23.3,0.85955,0.78514,312.15,14870,73.681,105.5,1175.49,22.349,9.5793,1.5262,48.505,3.9159,9.1357,1.3772,31.615,7.625,17.105,787.86,3885.0,3.586
2020-09-28,1.415,5.5314,1.3385,0.92682,23.25,0.8569,0.77556,312.01,14900,73.719,105.42,1169.43,22.238,9.4756,1.5245,48.511,3.8991,9.0714,1.3734,31.675,7.804,17.0441,784.43,3871.25,3.5883
2020-09-29,1.4025,5.6419,1.3378,0.92249,23.199,0.85455,0.77733,312.51,14885,73.731,105.63,1167.23,22.257,9.4465,1.5167,48.449,3.8827,9.0021,1.3688,31.608,7.8319,16.9787,784.18,3885.2,3.5974
2020-09-30,1.404,5.6635,1.3389,0.92279,23.26,0.85412,0.77925,312.21,14945,73.71,105.71,1168.87,22.365,9.4814,1.5202,48.492,3.883,9.0291,1.3696,31.67,7.7716,16.834,784.77,3825.25,3.6013
2020-10-01,1.3886,5.6008,1.3288,0.91789,22.905,0.85092,0.77198,306.24,14826,73.034,105.5,1161.53,21.848,9.2812,1.5033,48.444,3.8236,8.9221,1.3618,31.57,7.7098,16.6247,786.28,3843.25,3.6053
2020-10-02,1.3957,5.6299,1.3302,0.91986,23.035,0.85251,0.773,305.95,14872,73.35,105.2,1163.41,21.874,9.2958,1.5067,48.477,3.8315,8.8875,1.363,31.535,7.7397,16.539,789.27,3869.75,3.6173
2020-10-05,1.3918,5.6567,1.3268,0.91613,23.025,0.84976,0.77167,304.36,14722,73.156,105.58,1158.84,21.461,9.2501,1.5043,48.403,3.8222,8.8923,1.3602,31.31,7.785,16.4384,798.41,3827.84,3.588
2020-10-06,1.3965,5.5416,1.3251,0.91403,22.921,0.84782,0.77201,304.98,14735,73.396,105.62,1160.23,21.334,9.2075,1.5034,48.442,3.8043,8.9138,1.3592,31.195,7.7681,16.4926,798.63,3831.25,3.5823
2020-10-07,1.4019,5.5606,1.3288,0.91648,22.994,0.84962,0.77666,305.23,14749,73.288,105.97,1157.77,21.462,9.2874,1.5176,48.41,3.8116,8.9065,1.359,31.23,7.8778,16.6349,794.53,3842.45,3.5684
2020-10-08,1.3958,5.5956,1.3245,0.91789,23.028,0.84998,0.77378,303.85,14757,73.26,105.98,1152.13,21.37,9.268,1.5177,48.452,3.8116,8.8796,1.3582,31.215,7.9306,16.5742,798.35,3837.75,3.5794
2020-10-09,1.3908,5.5783,1.3177,0.91335,22.984,0.84782,0.77293,302.06,14701,73.082,105.93,1144.99,21.266,9.2092,1.5109,48.396,3.7899,8.8343,1.3553,31.055,7.9084,16.4744,794.2,3823.5,3.5761
2020-10-12,1.3863,5.5317,1.3131,0.91042,23.033,0.84753,0.76784,302.42,14729,73.294,105.44,1148.66,21.25,9.147,1.5039,48.536,3.7978,8.8086,1.357,31.15,7.8668,16.5107,794.2,3823.5,3.5853
2020-10-13,1.3916,5.5476,1.3108,0.91066,23.209,0.84839,0.76857,305.59,14765,73.318,105.52,1146.18,21.225,9.1561,1.5029,48.634,3.8051,8.7749,1.358,31.116,7.9032,16.4966,798.7,3860.0,3.5833
2020-10-14,1.3939,5.5682,1.3134,0.91387,23.245,0.85106,0.76932,309.35,14733,73.277,105.28,1146.13,21.369,9.21,1.5007,48.718,3.836,8.8215,1.3572,31.19,7.9433,16.5019,798.63,3837.0,3.5875
2020-10-15,1.4151,5.637,1.321,0.91443,23.372,0.85485,0.77394,311.66,14770,73.474,105.27,1148.98,21.505,9.3758,1.5184,48.774,3.8911,8.8716,1.3622,31.265,7.9388,16.6976,803.95,3848.25,3.5802
2020-10-16,1.41,5.6259,1.3199,0.91312,23.234,0.85172,0.77434,310.33,14750,73.307,105.26,1142.29,21.184,9.3323,1.5115,48.674,3.8802,8.8232,1.3578,31.18,7.9465,16.512,793.3,3846.1,3.582
2020-10-19,1.4064,5.6121,1.3172,0.90997,23.204,0.84854,0.76867,309.76,14720,73.305,105.31,1138.17,21.054,9.2889,1.5062,48.563,3.8798,8.789,1.3568,31.18,7.8962,16.4451,787.38,3842.75,3.588
2020-10-20,1.4226,5.6039,1.319,0.90804,23.059,0.84674,0.77332,309.64,14710,73.539,105.66,1140.01,21.196,9.2886,1.5246,48.546,3.8788,8.7896,1.3578,31.3,7.9002,16.5322,785.79,3823.0,3.5913
2020-10-21,1.4118,5.5786,1.3126,0.90407,22.937,0.84374,0.76573,307.13,14632,73.718,104.85,1133.21,21.039,9.2233,1.5082,48.548,3.8593,8.7449,1.3556,31.24,7.8539,16.4001,782.83,3759.39,3.5963
2020-10-22,1.408,5.6162,1.3162,0.90737,23.035,0.84595,0.76367,308.43,14742,73.691,104.66,1134.98,21.148,9.2484,1.5006,48.614,3.873,8.7759,1.3572,31.3,7.9363,16.3065,778.48,3782.0,3.6012
2020-10-23,1.3983,5.5712,1.3127,0.90376,22.961,0.84345,0.7648,307.16,14685,73.65,104.73,1128.98,20.878,9.2087,1.4932,48.404,3.865,8.7397,1.357,31.255,7.9637,16.1863,775.5,3787.5,3.5963
2020-10-26,1.4038,5.6446,1.3182,0.90693,23.094,0.8461,0.76787,308.84,14714,74.076,105.03,1132.34,21.042,9.2618,1.4956,48.401,3.875,8.755,1.3618,31.28,8.0881,16.2518,775.03,3812.85,3.6033
2020-10-27,1.4017,5.6382,1.3175,0.90703,23.104,0.84517,0.76672,308.83,14659,73.665,104.58,1126.51,20.843,9.1614,1.4908,48.307,3.8744,8.7103,1.3589,31.22,8.153,16.1105,772.75,3807.6,3.6062
2020-10-28,1.4158,5.7296,1.3284,0.91183,23.384,0.85273,0.7731,313.05,14742,74.017,104.34,1136.28,21.298,9.3539,1.5048,48.357,3.9398,8.8437,1.3656,31.26,8.2635,16.3884,773.32,3828.5,3.6112
2020-10-29,1.4246,5.7826,1.3378,0.91285,23.383,0.85441,0.77264,314.42,14786,74.41,104.31,1133.73,21.363,9.5262,1.5103,48.432,3.9495,8.9051,1.366,31.27,8.3235,16.4322,771.63,3859.75,3.6102
2020-10-30,1.4159,5.7794,1.3298,0.91452,23.295,0.85485,0.77114,314.11,14625,74.466,104.6,1131.99,21.236,9.4837,1.5015,48.414,3.9513,8.8605,1.3637,31.15,8.3724,16.2728,773.05,3888.0,3.613
2020-11-02,1.4189,5.7429,1.3273,0.91787,23.284,0.85822,0.77285,314.32,14646,74.459,104.64,1133.38,21.226,9.5372,1.5075,48.41,3.9494,8.8933,1.3648,31.11,8.4391,16.218,767.4,3863.1,3.6142
2020-11-03,1.402,5.7035,1.3147,0.91514,22.999,0.85455,0.76946,310.9,14481,74.406,104.73,1131.21,21.157,9.4089,1.4981,48.354,3.9036,8.8733,1.3614,31.045,8.5319,16.0384,759.05,3817.5,3.5903
2020-11-04,1.3946,5.6958,1.3148,0.91076,22.849,0.85317,0.76746,309.21,14413,74.396,104.35,1132.36,21.028,9.3493,1.4965,48.389,3.8707,8.832,1.3588,31.03,8.4495,16.0473,753.7,3813.57,3.5994
2020-11-05,1.3797,5.5593,1.3056,0.9046,22.578,0.84353,0.76297,301.84,14256,74.011,103.64,1122.46,20.668,9.1523,1.4795,48.265,3.8072,8.6689,1.3508,30.81,8.4336,15.765,755.73,3751.75,3.5933
2020-11-06,1.3782,5.5663,1.3079,0.89992,22.466,0.84246,0.76184,302.46,14274,74.145,103.34,1122.66,20.795,9.1999,1.4749,48.182,3.8132,8.6609,1.3479,30.57,8.55,15.7484,751.12,3720.75,3.5896
2020-11-09,1.3662,5.2552,1.295,0.90701,22.28,0.84154,0.75927,300.41,14062,73.752,104.91,1112.03,20.109,9.013,1.4624,48.147,3.7592,8.5812,1.3423,30.38,8.0608,15.2575,757.18,3647.08,3.5803
2020-11-10,1.3751,5.383,1.3036,0.91607,22.384,0.84688,0.75528,302.64,14050,74.246,105.32,1116.98,20.41,9.0293,1.4654,48.315,3.8101,8.6382,1.3487,30.34,8.2719,15.5409,754.23,3627.75,3.6223
2020-11-11,1.3745,5.4254,1.3058,0.9173,22.477,0.84991,0.75586,302.58,14171,74.418,105.45,1114.35,20.425,9.0747,1.4544,48.489,3.8138,8.6476,1.3495,30.33,7.8891,15.6655,754.23,3627.75,3.6224
2020-11-12,1.3793,5.3972,1.3097,0.91638,22.445,0.8481,0.7613,301.25,14203,74.693,105.38,1114.74,20.577,9.1305,1.4584,48.49,3.8068,8.6358,1.3503,30.29,7.7353,15.6821,760.75,3641.55,3.6394
2020-11-13,1.3796,5.4598,1.3143,0.91452,22.396,0.84638,0.75906,301.07,14170,74.642,104.85,1110.32,20.503,9.1513,1.4646,48.205,3.7992,8.6785,1.3486,30.17,7.7277,15.5792,766.8,3640.9,3.6403
2020-11-16,1.3716,5.4041,1.3082,0.91454,22.276,0.84531,0.75925,302.76,14101,74.455,104.95,1107.78,20.275,9.071,1.4562,48.168,3.7779,8.6676,1.3469,30.22,7.7556,15.4139,766.1,3635.65,3.6622
2020-11-17,1.3664,5.4179,1.3095,0.91028,22.309,0.84161,0.75396,304.24,14122,74.466,104.17,1106.5,20.378,9.0627,1.4504,48.299,3.7842,8.616,1.3434,30.16,7.7488,15.4067,762.98,3642.5,3.6013
2020-11-18,1.3672,5.3062,1.3072,0.91102,22.246,0.8426,0.75306,303.55,14111,74.157,103.88,1104.27,20.231,9.0255,1.4446,48.253,3.7659,8.6059,1.3412,30.32,7.7149,15.4039,758.08,3641.5,3.5692
2020-11-19,1.3753,5.3559,1.3101,0.91253,22.277,0.84517,0.75539,305.02,14216,74.206,104.02,1116.52,20.32,9.0348,1.4499,48.299,3.7791,8.6258,1.3458,30.405,7.5535,15.4795,758.93,3647.95,3.5752
2020-11-20,1.3679,5.3399,1.3052,0.91132,22.203,0.84296,0.75354,303.04,14195,74.13,103.84,1115.45,20.118,8.987,1.4403,48.222,3.7629,8.6123,1.3432,30.281,7.6262,15.358,763.93,3630.95,3.5943
2020-11-23,1.364,5.3605,1.3049,0.90799,22.108,0.84027,0.7469,302.67,14154,74.027,103.75,1111.95,19.9966,8.9827,1.4353,48.18,3.7589,8.5829,1.3406,30.29,7.7839,15.332,773.74,3645.55,3.6026
2020-11-24,1.3633,5.3892,1.3067,0.91302,22.131,0.84282,0.75021,304.55,14239,74.083,104.56,1111.48,20.07,8.9986,1.4337,48.237,3.7645,8.6001,1.3435,30.4,7.9606,15.3566,773.6,3634.0,3.6076
2020-11-25,1.3616,5.3532,1.3018,0.91127,22.014,0.84104,0.74961,303.73,14140,73.886,104.45,1106.49,20.068,8.872,1.4328,48.13,3.7577,8.5246,1.3427,30.345,7.9773,15.2632,764.6,3615.7,3.6026
2020-11-26,1.3582,5.3356,1.3002,0.90866,21.965,0.84034,0.74898,303.51,14154,73.84,104.24,1107.76,20.04,8.8828,1.4286,48.115,3.7604,8.5351,1.3387,30.3,7.8889,15.2183,765.1,3615.7,3.6016
2020-11-27,1.3573,5.37,1.2999,0.90807,21.987,0.83879,0.75023,303.91,14149,74.065,104.2,1105.55,20.081,8.8601,1.4259,48.125,3.7667,8.5324,1.3383,30.32,7.8247,15.321,768.15,3604.9,3.6016
2020-11-30,1.3561,5.3021,1.2952,0.90476,21.863,0.83472,0.74996,300.16,14162,74.065,104.17,1106.91,20.075,8.8155,1.4213,48.155,3.7321,8.4957,1.338,30.265,7.7759,15.3799,763.19,3594.25,3.6054
2020-12-01,1.3598,5.3119,1.297,0.90541,21.921,0.83556,0.75032,298.46,14190,73.655,104.38,1108.56,20.092,8.8593,1.4213,48.127,3.7423,8.534,1.3409,30.26,7.8645,15.3168,759.68,3546.5,3.6083
2020-12-02,1.3579,5.2181,1.2945,0.89665,21.889,0.82878,0.74996,296.2,14209,73.736,104.53,1102.44,20.098,8.8681,1.4203,48.056,3.7115,8.5209,1.3406,30.25,7.8377,15.3803,755.7,3520.02,3.6084
2020-12-03,1.3465,5.1878,1.2914,0.89137,21.743,0.82298,0.74363,294.32,14140,73.829,104.1,1091.19,19.865,8.8116,1.4135,47.979,3.6814,8.4787,1.3355,30.17,7.82,15.2642,750.36,3466.5,3.5831
2020-12-04,1.3477,5.1615,1.2857,0.89004,21.809,0.82244,0.74251,294.9,14164,73.756,103.99,1086.11,19.8281,8.767,1.419,48.055,3.682,8.4364,1.3328,30.16,7.7832,15.1883,743.53,3464.0,3.5863
2020-12-07,1.3501,5.1224,1.2811,0.89067,21.835,0.82454,0.7521,296.41,14194,73.903,104.14,1085.82,19.8631,8.7672,1.4225,48.17,3.6832,8.4118,1.3367,30.235,7.8375,15.1916,744.6,3488.0,3.6025
2020-12-08,1.3484,5.1103,1.2802,0.88996,21.791,0.82549,0.75238,297.26,14144,73.634,104.16,1085.13,19.8679,8.7736,1.4215,48.175,3.6869,8.4496,1.338,30.06,7.8314,15.0371,744.3,3488.5,3.5937
2020-12-09,1.3366,5.1196,1.2777,0.88893,21.669,0.82583,0.74325,294.52,14104,73.672,104.1,1085.37,19.7531,8.7342,1.4124,48.144,3.654,8.485,1.3357,30.05,7.8257,14.9274,744.3,3488.5,3.5937
2020-12-10,1.334,5.0851,1.2758,0.88791,21.714,0.82542,0.75196,293.22,14105,73.669,104.44,1088.34,19.8811,8.832,1.4184,48.124,3.654,8.4519,1.3374,30.06,7.863,15.0025,734.5,3417.95,3.5926
2020-12-11,1.3268,5.067,1.2771,0.88942,21.71,0.82461,0.76106,292.58,14080,73.778,104.13,1092.87,20.134,8.8206,1.4101,48.107,3.6578,8.4572,1.3369,30.095,7.8897,15.1262,734.03,3435.6,3.5897
2020-12-14,1.3208,5.0351,1.2725,0.88604,21.639,0.82223,0.74577,290.77,14156,73.549,103.69,1091.51,20.042,8.7019,1.4061,48.032,3.6485,8.381,1.3322,30.08,7.8711,14.9925,735.1,3425.5,3.5875
2020-12-15,1.3273,5.0892,1.2745,0.88715,21.714,0.82372,0.7479,292.69,14165,73.591,103.86,1093.65,20.173,8.743,1.4147,48.051,3.6595,8.396,1.334,30.039,7.8497,14.9431,735.75,3417.2,3.5844
2020-12-16,1.3211,5.1117,1.2758,0.8849,21.495,0.82041,0.73796,291.67,14160,73.648,103.35,1093.53,19.8638,8.679,1.4085,48.08,3.6389,8.3506,1.3293,30.04,7.8119,14.8638,733.8,3418.11,3.5864
2020-12-17,1.3108,5.074,1.2695,0.88364,21.398,0.81659,0.73534,290.11,14122,73.591,103.05,1092.99,19.795,8.5755,1.3958,48.015,3.6276,8.2749,1.3251,29.85,7.7436,14.684,721.53,3411.85,3.5858
2020-12-18,1.3139,5.112,1.2756,0.88466,21.322,0.81573,0.74091,291.41,14143,73.513,103.34,1098.74,19.845,8.5784,1.4031,48.071,3.6527,8.266,1.3282,29.82,7.6669,14.577,725.13,3417.25,3.5943
2020-12-21,1.3308,5.1872,1.2886,0.88803,21.585,0.82149,0.75257,296.5,14254,74.041,103.54,1109.44,20.415,8.7503,1.4217,48.331,3.7058,8.3228,1.3379,30.11,7.6825,14.8566,725.05,3428.75,3.6043
2020-12-22,1.3229,5.1346,1.2871,0.88545,21.491,0.81706,0.74473,296.05,14225,73.862,103.37,1105.84,20.014,8.6558,1.4134,48.1,3.6862,8.264,1.334,30.15,7.6252,14.5881,722.45,3462.75,3.6114
2020-12-23,1.3248,5.1674,1.2881,0.89076,21.677,0.82196,0.74552,298.08,14262,73.804,103.56,1107.55,20.093,8.7324,1.4144,48.046,3.7009,8.3193,1.3345,30.225,7.6398,14.6223,713.7,3497.75,3.6066
2020-12-24,1.3154,5.2168,1.284,0.88994,21.569,0.82014,0.73645,296.58,14200,73.55,103.65,1103.07,19.9688,8.6204,1.408,48.027,3.6924,8.264,1.3282,30.09,7.5679,14.6192,714.38,3512.75,3.6024
2020-12-28,1.3162,5.1922,1.283,0.88829,21.48,0.8184,0.7399,297.45,14189,73.5,103.56,1097.36,19.8985,8.6515,1.4044,48.04,3.6752,8.2715,1.3288,30.17,7.4682,14.5681,711.63,3496.25,3.5994
2020-12-29,1.315,5.1976,1.2818,0.88604,21.455,0.81573,0.74119,297.36,14117,73.367,103.78,1093.34,19.9037,8.6059,1.4007,48.049,3.6959,8.2258,1.3275,30.04,7.356,14.6546,715.08,3472.0,3.5994
2020-12-30,1.3049,5.1766,1.2785,0.88405,21.376,0.81427,0.73534,297.11,14050,73.186,103.06,1087.72,19.8461,8.5881,1.39,48.063,3.7102,8.1889,1.3238,29.94,7.3545,14.6611,710.0,3419.5,3.5994
2020-12-31,1.2954,5.194,1.274,0.88029,21.385,0.81493,0.73265,296.54,14050,73.067,103.08,1088.75,19.8973,8.5326,1.3841,48.183,3.7158,8.1772,1.3217,29.93,7.4265,14.6866,709.75,3414.5,3.5994
2021-01-04,1.2954,5.1432,1.2704,0.87923,21.26,0.81327,0.73325,293.85,13877,73.024,102.98,1083.3,19.765,8.4938,1.3878,48.03,3.6984,8.2055,1.3173,29.87,7.3665,14.575,704.05,3447.5,3.5994
2021-01-05,1.2979,5.3392,1.2754,0.88037,21.373,0.81493,0.73615,293.59,13915,73.238,102.88,1088.62,20.036,8.5334,1.3883,48.097,3.7057,8.1957,1.3186,29.97,7.3909,15.0105,695.63,3441.25,3.5994
2021-01-06,1.2825,5.2779,1.2676,0.87705,21.191,0.8105,0.7346,290.05,13915,73.107,102.96,1085.51,19.739,8.4138,1.371,48.06,3.6602,8.158,1.3167,29.925,7.3394,15.0043,696.25,3412.3,3.5994
2021-01-07,1.29,5.3089,1.2709,0.88245,21.299,0.8146,0.73469,291.45,14060,73.355,103.56,1093.43,19.7581,8.4258,1.3772,48.096,3.6655,8.1928,1.324,30.025,7.3303,15.3078,712.45,3486.99,3.5994
2021-01-08,1.2864,5.3672,1.2688,0.88384,21.358,0.81633,0.73574,293.57,14079,73.306,103.89,1092.16,19.9771,8.397,1.3782,48.12,3.6827,8.2049,1.3247,30.08,7.3589,15.2826,710.4,3466.4,3.62
2021-01-11,1.2976,5.4725,1.2785,0.89106,21.573,0.82217,0.74188,296.56,14196,73.46,104.22,1098.22,20.168,8.5242,1.3909,48.085,3.7239,8.2841,1.3303,30.14,7.4447,15.4632,719.23,3492.25,3.61
2021-01-12,1.2945,5.4759,1.2754,0.88907,21.536,0.8223,0.73547,295.75,14145,73.259,104.22,1098.91,19.9827,8.5326,1.393,48.05,3.7207,8.2952,1.3277,30.13,7.487,15.3991,724.75,3474.75,3.5994
2021-01-13,1.2933,5.332,1.273,0.88871,21.513,0.82196,0.73141,296.11,14128,73.163,103.93,1097.48,19.843,8.4983,1.3936,48.062,3.7196,8.3333,1.3266,30.04,7.4413,15.3156,737.25,3474.69,3.613
2021-01-14,1.2902,5.2695,1.2686,0.89121,21.602,0.82481,0.73361,296.58,14044,73.128,104.1,1097.3,19.8301,8.5045,1.3901,48.03,3.7429,8.3355,1.3271,30.02,7.3814,15.1886,726.23,3444.31,3.6085
2021-01-15,1.2934,5.2542,1.2714,0.88839,21.581,0.82488,0.73413,296.95,14050,73.117,103.72,1100.06,19.8161,8.5074,1.3937,48.029,3.7429,8.3564,1.3285,30.035,7.4387,15.2295,734.55,3459.98,3.5994
2021-01-18,1.3031,5.2976,1.2776,0.89083,21.705,0.82891,0.73834,298.73,14136,73.309,103.76,1106.64,19.8757,8.6089,1.4071,48.068,3.7624,8.4168,1.3327,30.14,7.5055,15.3282,733.5,3475.88,3.5994
2021-01-19,1.296,5.2628,1.2725,0.88765,21.564,0.82427,0.73442,295.52,14079,73.154,103.99,1102.49,19.6068,8.5248,1.4029,48.014,3.7382,8.3212,1.3282,30.025,7.4396,14.9341,737.0,3489.53,3.5994
2021-01-20,1.2946,5.321,1.2709,0.89067,21.589,0.82638,0.73187,295.33,14052,73.027,103.81,1102.07,19.6447,8.5307,1.402,48.031,3.7453,8.3781,1.3267,30.01,7.4466,14.9658,721.87,3464.88,3.5994
2021-01-21,1.286,5.27,1.2621,0.88608,21.462,0.8225,0.72894,293.95,13990,72.973,103.41,1099.78,19.6118,8.4317,1.3862,48.039,3.7246,8.2929,1.3227,29.93,7.3659,14.8041,717.15,3479.66,3.5994
2021-01-22,1.2971,5.4092,1.2714,0.88608,21.51,0.8225,0.7324,294.14,14098,73.014,103.79,1105.84,19.9326,8.4971,1.3937,48.07,3.7329,8.2921,1.3283,30.01,7.4186,15.1184,727.38,3525.58,3.5994
2021-01-25,1.2943,5.4669,1.2721,0.88644,21.461,0.82291,0.73074,294.05,14078,72.934,103.74,1102.85,19.9909,8.5153,1.3869,48.08,3.7368,8.2805,1.3269,29.985,7.3951,15.2181,732.75,3585.88,3.5994
2021-01-26,1.2937,5.4201,1.2718,0.8885,21.477,0.82352,0.73045,295.32,14104,72.931,103.71,1103.11,20.044,8.5541,1.3829,48.076,3.7441,8.2941,1.3258,29.98,7.3515,15.1581,732.95,3611.63,3.6425
2021-01-27,1.2997,5.363,1.2756,0.88815,21.483,0.82549,0.72969,297.92,14135,73.006,103.9,1106.81,20.183,8.6309,1.3905,48.101,3.7576,8.3489,1.3281,30.0,7.3916,15.2203,738.33,3604.13,3.5994
2021-01-28,1.3162,5.4468,1.2872,0.89182,21.598,0.82706,0.7328,298.02,14117,73.046,104.38,1117.16,20.444,8.7011,1.4067,48.074,3.7607,8.3825,1.3331,30.035,7.3867,15.2473,735.73,3558.63,3.5994
2021-01-29,1.3035,5.4852,1.2788,0.88975,21.44,0.82399,0.72827,295.31,14003,72.866,104.69,1116.5,20.222,8.5226,1.3895,48.066,3.733,8.3314,1.3284,29.9,7.3148,15.0839,734.59,3567.63,3.636
2021-02-01,1.3101,5.4423,1.2805,0.89507,21.495,0.82754,0.72989,294.89,14078,73.105,104.91,1118.18,20.288,8.5973,1.3939,48.066,3.7306,8.41,1.3317,29.98,7.1915,15.026,733.5,3571.13,3.5994
2021-02-02,1.3158,5.3889,1.2805,0.89738,21.504,0.83029,0.73128,295.33,14014,72.991,105.0,1115.97,20.217,8.5904,1.3943,47.914,3.7324,8.4352,1.3319,29.99,7.1927,14.9508,732.44,3527.33,3.5994
2021-02-03,1.3132,5.3471,1.2793,0.89906,21.574,0.83215,0.7335,295.84,14024,72.913,105.06,1115.94,20.154,8.6161,1.3893,48.033,3.7378,8.43,1.3332,30.05,7.1678,14.9298,732.38,3533.83,3.5994
2021-02-04,1.311,5.3589,1.2803,0.9018,21.586,0.83361,0.73102,296.42,14037,72.883,105.24,1118.09,20.248,8.6179,1.3893,48.073,3.7463,8.4493,1.3359,30.06,7.1265,15.0298,735.4,3556.44,3.5994
2021-02-05,1.3153,5.445,1.2805,0.90336,21.536,0.83452,0.73052,297.57,14037,72.912,105.75,1122.8,20.32,8.6012,1.4,48.102,3.7572,8.4476,1.338,30.1,7.0728,14.9718,738.76,3553.75,3.5994
2021-02-08,1.305,5.4017,1.2776,0.90162,21.405,0.8316,0.73042,297.99,14034,72.948,105.59,1120.81,20.212,8.5426,1.3921,48.102,3.7276,8.4115,1.3361,30.019,7.0942,14.944,735.2,3569.25,3.5994
2021-02-09,1.2955,5.4139,1.2735,0.89367,21.264,0.82617,0.72561,296.5,13987,72.935,104.58,1113.2,20.093,8.4755,1.3831,48.035,3.698,8.3491,1.328,29.94,7.0954,14.7846,734.4,3574.55,3.6376
2021-02-10,1.2931,5.4128,1.2694,0.89099,21.304,0.82461,0.72277,294.82,13983,72.829,104.76,1105.52,20.102,8.4341,1.3856,48.049,3.6958,8.312,1.326,29.905,7.0506,14.7028,724.88,3557.75,3.6365
2021-02-11,1.2874,5.3458,1.2665,0.88927,21.217,0.82325,0.72244,294.05,13965,72.775,104.65,1103.13,19.9259,8.4461,1.3808,48.031,3.7026,8.3039,1.3238,29.86,7.0185,14.6154,725.75,3524.5,3.6396
2021-02-12,1.2939,5.3933,1.2734,0.89222,21.269,0.8259,0.72475,296.39,13987,72.58,105.01,1105.04,20.03,8.4944,1.3908,48.052,3.7165,8.3266,1.3269,29.91,7.021,14.6483,721.5,3494.5,3.6428
2021-02-15,1.2863,5.3701,1.2652,0.89059,21.174,0.82447,0.71914,295.28,13898,72.611,105.3,1102.42,19.9373,8.4065,1.3839,47.931,3.6989,8.2806,1.3229,29.89,6.96,14.4287,718.7,3489.0,3.6434
2021-02-16,1.2858,5.3701,1.2653,0.8894,21.208,0.82352,0.7192,295.24,13978,72.816,105.54,1104.41,20.083,8.3948,1.3814,48.263,3.7011,8.2694,1.3247,29.92,6.973,14.5387,718.33,3527.5,3.6514
2021-02-17,1.2913,5.3707,1.269,0.89602,21.462,0.82919,0.72106,297.7,14062,72.794,106.09,1106.77,20.302,8.4671,1.3919,48.452,3.7323,8.3261,1.329,29.99,6.994,14.78,712.94,3525.7,3.6506
2021-02-18,1.2842,5.3999,1.2667,0.89614,21.404,0.82754,0.71615,296.86,14067,72.55,105.67,1106.3,20.183,8.4556,1.3849,48.507,3.7147,8.3025,1.3264,30.02,6.9493,14.5318,710.73,3544.83,3.6505
2021-02-19,1.2723,5.4068,1.261,0.8939,21.294,0.82379,0.71265,295.33,14083,72.502,105.29,1103.54,20.355,8.4105,1.371,48.477,3.6931,8.2651,1.3229,29.974,6.9586,14.6133,708.4,3569.3,3.6505
2021-02-22,1.2686,5.5092,1.2633,0.89739,21.391,0.8242,0.71318,295.96,14175,72.505,105.5,1113.35,20.785,8.5045,1.3668,48.72,3.7074,8.2679,1.3235,30.04,7.0621,14.8959,706.6,3591.0,3.6515
2021-02-23,1.2664,5.4403,1.2615,0.90142,21.334,0.82352,0.71076,295.76,14107,72.519,105.39,1113.17,20.721,8.4979,1.3658,48.605,3.7113,8.2967,1.3216,30.02,7.056,14.708,704.33,3592.0,3.6515
2021-02-24,1.2635,5.4044,1.2569,0.90804,21.388,0.82332,0.7083,296.18,14054,72.353,105.95,1108.31,20.394,8.4376,1.3544,48.635,3.7196,8.3067,1.3213,30.04,7.1687,14.4676,700.75,3562.5,3.6435
2021-02-25,1.2529,5.453,1.248,0.90601,21.358,0.818,0.70681,294.63,14194,72.63,106.12,1111.77,20.73,8.3661,1.3422,48.664,3.691,8.2346,1.3186,30.15,7.2265,14.814,715.78,3607.95,3.6474
2021-02-26,1.2874,5.4982,1.2648,0.90636,21.611,0.82501,0.7182,298.18,14317,73.905,106.29,1127.88,20.863,8.5811,1.3713,48.75,3.7279,8.3647,1.3288,30.36,7.439,14.9348,723.51,3644.5,3.6474
2021-03-01,1.2918,5.579,1.2672,0.9138,21.644,0.82967,0.71814,301.05,14315,73.567,106.72,1122.38,20.768,8.5954,1.3797,48.561,3.7553,8.4488,1.331,30.23,7.2326,15.0583,722.55,3627.4,3.655
2021-03-02,1.2822,5.6857,1.2658,0.91869,21.734,0.83139,0.7186,302.38,14325,73.379,106.9,1126.01,20.683,8.5264,1.3772,48.502,3.768,8.4303,1.3316,30.264,7.3288,15.0776,728.79,3654.5,3.665
2021-03-03,1.2828,5.7127,1.2644,0.91833,21.695,0.83001,0.71672,301.92,14255,72.85,106.91,1118.22,20.744,8.5036,1.3762,48.489,3.7629,8.4039,1.3314,30.35,7.3879,14.9463,727.2,3679.34,3.6474
2021-03-04,1.2838,5.6065,1.2642,0.92355,21.778,0.83098,0.71689,302.92,14265,72.752,107.39,1125.05,20.826,8.5254,1.3793,48.528,3.7834,8.4423,1.3316,30.34,7.4511,15.0346,731.9,3643.15,3.681
2021-03-05,1.3038,5.6943,1.2699,0.92696,22.033,0.83766,0.7229,306.83,14394,73.069,108.31,1128.42,21.21,8.5534,1.402,48.625,3.8321,8.5327,1.3409,30.509,7.4972,15.2973,734.43,3633.4,3.6474
2021-03-08,1.3062,5.7499,1.2671,0.93435,22.263,0.84274,0.72247,309.45,14360,73.361,108.63,1139.12,21.554,8.5779,1.4051,48.713,3.8768,8.5794,1.3481,30.79,7.6742,15.4713,736.13,3602.95,3.6474
2021-03-09,1.2981,5.8477,1.2603,0.93081,22.102,0.84076,0.72056,308.42,14411,73.003,108.88,1138.31,21.325,8.4781,1.3963,48.532,3.8543,8.5219,1.3461,30.769,7.6529,15.3967,734.87,3590.75,3.697
2021-03-10,1.2975,5.786,1.2648,0.93079,22.053,0.8409,0.72027,309.01,14405,72.999,108.58,1141.15,21.209,8.4774,1.3951,48.587,3.8473,8.5188,1.347,30.77,7.5907,15.2825,724.13,3551.0,3.6474
2021-03-11,1.2853,5.6011,1.2575,0.92456,21.851,0.83549,0.71577,305.69,14405,72.596,108.46,1130.5,20.719,8.4309,1.3824,48.434,3.8232,8.4631,1.3395,30.554,7.4382,14.8782,712.93,3553.5,3.6474
2021-03-12,1.29,5.5662,1.2549,0.92969,21.914,0.83801,0.71931,306.86,14393,72.681,109.06,1135.45,20.83,8.4524,1.3939,48.414,3.8437,8.4964,1.3453,30.78,7.58,14.9589,723.65,3573.5,3.708
2021-03-15,1.2935,5.6121,1.2478,0.92987,21.974,0.83893,0.71871,308.41,14401,72.559,109.2,1134.2,20.689,8.4721,1.3916,48.547,3.8518,8.5445,1.3456,30.73,7.5379,14.8755,723.65,3573.5,3.6474
2021-03-16,1.2905,5.5947,1.2466,0.92512,21.966,0.8385,0.72065,307.98,14428,72.514,108.9,1129.77,20.629,8.4712,1.3901,48.628,3.8515,8.5014,1.3457,30.735,7.492,14.8471,727.58,3557.75,3.698
2021-03-17,1.2956,5.6521,1.2473,0.92777,21.969,0.83984,0.71948,308.84,14459,72.588,109.2,1130.97,20.734,8.5003,1.3956,48.696,3.8747,8.5122,1.3468,30.785,7.5164,14.8803,728.33,3569.25,3.6474
2021-03-18,1.2884,5.5595,1.2445,0.92923,21.969,0.83949,0.71839,309.08,14410,72.708,109.2,1127.64,20.594,8.4837,1.3908,48.688,3.8829,8.5267,1.3443,30.87,7.3624,14.792,720.23,3545.1,3.707
2021-03-19,1.2922,5.526,1.2511,0.93062,21.972,0.84097,0.72124,309.43,14405,72.509,108.94,1130.85,20.318,8.5794,1.3958,48.604,3.8853,8.5563,1.343,30.84,7.2621,14.7213,713.08,3556.9,3.6474
2021-03-22,1.2913,5.5272,1.2496,0.92428,21.864,0.8385,0.72307,307.65,14402,72.355,108.81,1127.6,20.656,8.5018,1.3933,48.502,3.8585,8.5175,1.3409,30.87,7.8901,14.7289,716.43,3557.4,3.6474
2021-03-23,1.3036,5.5173,1.2571,0.93125,22.047,0.84154,0.72539,308.43,14395,72.456,108.55,1129.75,20.696,8.5654,1.4237,48.623,3.8871,8.568,1.3427,30.985,7.88,14.7958,722.69,3616.75,3.719
2021-03-24,1.3135,5.5186,1.2587,0.93598,22.162,0.84567,0.72939,308.61,14446,72.609,108.75,1131.6,20.739,8.5888,1.4345,48.599,3.9137,8.5949,1.346,31.0,7.95,14.8201,727.32,3646.65,3.6474
2021-03-25,1.3174,5.6736,1.2582,0.93586,22.228,0.84731,0.72927,309.08,14425,72.666,109.09,1136.15,20.896,8.6132,1.436,48.581,3.9315,8.6371,1.3471,31.135,7.9913,14.9849,724.9,3665.25,3.735
2021-03-26,1.3121,5.696,1.2573,0.94127,22.136,0.84875,0.72571,308.59,14418,72.551,109.78,1130.68,20.589,8.5943,1.4313,48.491,3.9461,8.6492,1.3465,31.11,8.0227,15.0098,732.63,3687.14,3.6474
2021-03-29,1.3067,5.7675,1.2587,0.93983,22.131,0.84861,0.72234,307.47,14445,72.556,109.63,1132.46,20.749,8.5487,1.4261,48.466,3.9424,8.6732,1.3459,31.17,8.1644,15.0139,733.68,3716.24,3.6474
2021-03-30,1.3133,5.7648,1.2617,0.94174,22.249,0.85172,0.72718,309.43,14533,73.461,110.28,1133.93,20.634,8.5694,1.4304,48.561,3.9675,8.7278,1.347,31.27,8.3298,14.9388,728.93,3727.25,3.6474
2021-03-31,1.3145,5.7492,1.2607,0.94414,22.297,0.85288,0.72673,309.83,14525,73.186,110.8,1129.37,20.513,8.5249,1.4302,48.53,3.9666,8.732,1.3448,31.265,8.2942,14.7961,720.2,3658.95,3.6474
2021-04-01,1.3196,5.6316,1.2589,0.94492,22.208,0.85135,0.72531,308.05,14531,73.412,110.7,1130.9,20.329,8.5483,1.4308,48.592,3.9238,8.7479,1.3452,31.27,8.1647,14.6496,716.63,3654.2,3.735
2021-04-06,1.3107,5.6421,1.2563,0.93718,22.055,0.8466,0.72264,305.04,14505,73.4,110.29,1120.18,20.268,8.531,1.4235,48.615,3.8871,8.6869,1.341,31.37,8.1511,14.5106,717.68,3635.25,3.6474
2021-04-07,1.3111,5.5907,1.2607,0.92932,21.81,0.84147,0.72421,302.66,14562,74.36,109.86,1117.51,20.203,8.4597,1.4227,48.776,3.8502,8.6133,1.3394,31.375,8.1813,14.5408,713.49,3653.09,3.6474
2021-04-08,1.3088,5.6047,1.2589,0.92824,21.793,0.84225,0.72678,302.07,14535,74.615,109.25,1115.9,20.172,8.4882,1.4196,48.609,3.8333,8.5971,1.3405,31.455,8.1529,14.5437,708.06,3627.55,3.6474
2021-04-09,1.3105,5.6057,1.2576,0.92614,21.825,0.84118,0.72895,301.12,14599,74.706,109.71,1119.85,20.135,8.5069,1.4182,48.59,3.8183,8.5569,1.3409,31.45,8.1513,14.5609,710.45,3658.0,3.6474
2021-04-12,1.3116,5.667,1.2543,0.92389,21.867,0.84005,0.7268,299.42,14610,75.017,109.38,1124.38,20.135,8.4795,1.4209,48.593,3.8009,8.5664,1.3411,31.505,8.1517,14.6067,713.16,3663.5,3.6474
2021-04-13,1.3157,5.7344,1.2614,0.92476,21.87,0.84062,0.7288,302.15,14653,75.42,109.47,1124.18,20.196,8.547,1.4245,48.633,3.8389,8.5836,1.3434,31.59,8.145,14.6459,707.93,3667.0,3.6474
2021-04-14,1.3007,5.6995,1.2559,0.92218,21.673,0.83584,0.7265,299.74,14625,75.084,108.94,1114.9,20.103,8.4207,1.406,48.505,3.8062,8.4782,1.3372,31.36,8.0903,14.4591,709.46,3655.3,3.6474
2021-04-15,1.2906,5.65,1.2494,0.92281,21.673,0.83542,0.72475,299.86,14617,75.021,108.72,1115.54,20.005,8.3904,1.3965,48.465,3.8057,8.4627,1.3345,31.225,8.1129,14.24,698.33,3610.5,3.6246
2021-04-16,1.2898,5.6232,1.2503,0.91866,21.631,0.83431,0.72412,301.27,14534,74.454,108.77,1114.38,19.9241,8.3581,1.3954,48.391,3.7968,8.4311,1.3332,31.22,8.0671,14.2639,702.45,3601.88,3.6326
2021-04-19,1.2872,5.5717,1.2495,0.91383,21.523,0.83091,0.71753,299.32,14510,74.84,108.09,1114.16,19.8471,8.2869,1.3918,48.378,3.7784,8.3909,1.3306,31.233,8.0763,14.2416,700.28,3625.5,3.6716
2021-04-20,1.2855,5.5694,1.2521,0.91519,21.494,0.82981,0.71608,299.65,14528,75.139,108.41,1114.36,19.893,8.2952,1.3887,48.306,3.7777,8.4049,1.3284,31.275,8.1125,14.2965,696.7,3641.5,3.6896
2021-04-21,1.2954,5.5692,1.2607,0.9183,21.565,0.83285,0.71833,301.74,14546,75.456,108.1,1119.52,19.9092,8.3637,1.393,48.428,3.7945,8.4545,1.3301,31.37,8.1749,14.2792,697.85,3612.5,3.7086
2021-04-22,1.2935,5.5243,1.2508,0.91607,21.468,0.83015,0.72103,301.78,14540,75.037,108.17,1117.56,19.9303,8.3409,1.3937,48.401,3.7827,8.4042,1.3283,31.355,8.2644,14.3075,706.53,3633.85,3.7547
2021-04-23,1.2921,5.4344,1.2483,0.9148,21.421,0.82878,0.72025,301.23,14525,74.979,107.72,1116.38,19.8458,8.3234,1.3925,48.345,3.7811,8.4042,1.3269,31.369,8.3404,14.2606,713.1,3627.0,3.7785
2021-04-26,1.2841,5.4526,1.2437,0.91576,21.355,0.82747,0.71969,300.62,14482,74.787,108.02,1111.76,19.8436,8.3043,1.3841,48.352,3.7709,8.383,1.3262,31.44,8.3101,14.269,704.75,3693.13,3.8375
2021-04-27,1.285,5.437,1.2397,0.91314,21.422,0.82727,0.71885,300.11,14510,74.578,108.27,1111.41,19.9231,8.2787,1.3835,48.409,3.776,8.3887,1.3256,31.37,8.2056,14.3434,700.2,3716.0,3.8385
2021-04-28,1.2905,5.4366,1.239,0.915,21.508,0.8285,0.7207,299.71,14500,74.474,108.92,1114.29,20.027,8.268,1.3845,48.506,3.7994,8.377,1.3264,31.36,8.1754,14.346,695.93,3694.13,3.7686
2021-04-29,1.2824,5.3577,1.2286,0.90857,21.285,0.82447,0.71655,297.13,14417,74.079,108.99,1107.59,19.9819,8.1742,1.3771,48.348,3.764,8.3373,1.3254,31.2,8.2195,14.2429,709.0,3713.23,3.7846
2021-04-30,1.2896,5.3465,1.2278,0.91028,21.423,0.82768,0.71895,297.85,14421,74.061,108.94,1114.25,20.058,8.2381,1.3854,48.242,3.7771,8.4125,1.328,31.16,8.2583,14.3912,710.3,3751.43,3.7848
2021-05-03,1.293,5.439,1.2294,0.91465,21.399,0.83029,0.72101,298.85,14426,73.896,109.52,1122.51,20.265,8.3162,1.3937,48.224,3.7793,8.4526,1.3321,31.19,8.3101,14.4431,703.9,3801.2,3.777
2021-05-04,1.2984,5.4725,1.2342,0.9134,21.497,0.83188,0.72182,299.73,14471,73.879,109.19,1126.0,20.301,8.329,1.4048,48.072,3.792,8.4579,1.3371,31.175,8.3279,14.5107,703.3,3825.75,3.777
2021-05-05,1.292,5.4289,1.2271,0.91337,21.512,0.83299,0.71865,299.58,14421,73.878,109.29,1125.35,20.215,8.3172,1.3897,48.028,3.8132,8.4919,1.3357,31.125,8.3444,14.4117,704.65,3848.38,3.777
2021-05-06,1.2891,5.3654,1.2242,0.90821,21.432,0.82919,0.71897,297.0,14300,73.748,109.2,1121.71,20.249,8.3381,1.386,47.964,3.8033,8.4527,1.3347,31.27,8.3325,14.2687,699.7,3801.38,3.777
2021-05-07,1.2873,5.2907,1.2181,0.90911,21.297,0.82926,0.71988,296.88,14270,73.505,109.26,1119.93,20.069,8.3029,1.3873,47.887,3.7942,8.3973,1.3319,31.17,8.2941,14.2518,694.88,3747.38,3.777
2021-05-10,1.2682,5.2468,1.2115,0.89892,21.03,0.82176,0.70832,293.58,14125,73.35,108.73,1111.96,19.9244,8.2183,1.3701,47.865,3.7498,8.3191,1.3239,31.07,8.2583,14.0392,696.48,3704.18,3.777
2021-05-11,1.2744,5.224,1.2103,0.90189,21.012,0.82169,0.70676,294.45,14177,73.369,108.56,1118.51,19.8324,8.2432,1.3737,47.847,3.7405,8.3098,1.325,31.1,8.2836,13.9562,702.08,3709.38,3.7
2021-05-12,1.2812,5.2393,1.2084,0.90493,21.061,0.82522,0.70802,294.93,14263,73.411,108.78,1124.76,19.9521,8.2739,1.3825,47.8,3.7496,8.3397,1.3288,31.22,8.3446,13.9754,706.9,3747.88,3.777
2021-05-13,1.2973,5.2998,1.2139,0.90721,21.17,0.82775,0.71238,295.61,14335,73.554,109.57,1132.38,20.143,8.3826,1.3976,47.929,3.7635,8.4198,1.3343,31.35,8.4971,14.159,707.3,3718.48,3.777
2021-05-14,1.2896,5.2744,1.2126,0.90341,21.028,0.82488,0.71008,293.26,14297,73.257,109.29,1128.49,19.8161,8.2549,1.3834,47.733,3.7299,8.3531,1.3331,31.355,8.4281,14.0825,699.33,3682.88,3.777
2021-05-17,1.2915,5.3006,1.2122,0.90175,20.998,0.82352,0.71,290.62,14348,73.318,109.2,1138.25,19.9028,8.29,1.39,47.93,3.7411,8.363,1.3366,31.47,8.3719,14.1698,714.8,3682.88,3.777
2021-05-18,1.2806,5.2434,1.2022,0.89699,20.804,0.8182,0.70363,286.78,14273,73.008,108.89,1127.57,19.7357,8.1922,1.3763,47.877,3.7018,8.2935,1.3292,31.42,8.3362,13.9778,711.97,3658.88,3.777
2021-05-19,1.2909,5.2833,1.2076,0.90141,20.836,0.81887,0.70613,287.3,14373,73.149,109.15,1129.95,19.8944,8.2753,1.3905,47.847,3.7003,8.3224,1.3319,31.435,8.427,14.0392,714.68,3683.45,3.743
2021-05-20,1.2895,5.2911,1.211,0.90068,20.912,0.81947,0.70802,287.31,14414,73.064,108.95,1130.79,19.8984,8.3402,1.392,47.865,3.7002,8.3433,1.3325,31.39,8.3679,14.0653,720.72,3715.05,3.777
2021-05-21,1.288,5.3026,1.2045,0.89851,20.883,0.82048,0.70455,286.44,14355,72.859,108.8,1126.56,19.9163,8.3213,1.3878,47.909,3.6833,8.3049,1.3307,31.37,8.3813,13.9383,720.6,3744.75,3.777
2021-05-24,1.2941,5.3471,1.2063,0.89723,20.819,0.81887,0.70757,284.53,14355,72.92,108.88,1126.29,19.9541,8.3598,1.3918,48.093,3.6726,8.3254,1.3295,31.36,8.3874,13.9717,729.35,3732.25,3.777
2021-05-25,1.2871,5.2976,1.2034,0.89506,20.749,0.81539,0.70591,284.46,14331,72.766,108.85,1121.63,19.8288,8.3142,1.3795,48.135,3.6561,8.263,1.3254,31.35,8.4129,13.8284,733.51,3737.25,3.777
2021-05-26,1.2865,5.3157,1.2089,0.89607,20.812,0.81773,0.70594,286.66,14288,72.753,108.89,1117.02,19.8708,8.3228,1.3686,48.149,3.6774,8.3002,1.3238,31.24,8.4492,13.8427,729.6,3740.75,3.852
2021-05-27,1.2914,5.3028,1.2089,0.89908,20.855,0.81981,0.70559,285.74,14306,72.602,109.38,1117.1,19.8852,8.3582,1.3707,48.02,3.6758,8.3045,1.3237,31.3,8.4429,13.7438,724.22,3719.46,3.777
2021-05-28,1.3009,5.2581,1.2116,0.90265,20.961,0.82359,0.70635,286.48,14335,72.55,110.07,1116.67,20.029,8.3833,1.3845,47.83,3.695,8.3388,1.3261,31.3,8.5981,13.8317,724.05,3705.75,3.809
2021-05-31,1.2929,5.2347,1.207,0.90009,20.862,0.8196,0.70497,284.9,14264,72.568,109.65,1108.14,19.9271,8.375,1.3769,47.65,3.6764,8.2952,1.322,31.2,8.5016,13.7672,722.43,3705.75,3.777
2021-06-01,1.2919,5.2021,1.2031,0.89865,20.828,0.818,0.70581,283.4,14255,72.9,109.65,1108.7,19.9002,8.271,1.3773,47.776,3.6533,8.2581,1.3226,31.17,8.5204,13.7656,728.01,3664.05,3.861
2021-06-02,1.293,5.1609,1.2067,0.9012,20.897,0.82061,0.70675,283.98,14272,73.1,109.73,1112.84,19.9581,8.3204,1.3822,47.852,3.6643,8.2798,1.3236,31.15,8.587,13.7263,718.05,3651.25,3.777
2021-06-03,1.2958,5.0787,1.207,0.8994,20.881,0.82055,0.7053,283.76,14295,72.93,109.8,1114.1,19.9639,8.3286,1.388,47.762,3.6531,8.2994,1.3244,31.13,8.6691,13.5569,718.5,3658.75,3.777
2021-06-04,1.3043,5.1064,1.2115,0.90377,21.004,0.82529,0.70719,286.01,14326,73.005,110.09,1116.56,20.172,8.3816,1.3977,47.763,3.6893,8.3395,1.3282,31.25,8.6806,13.6522,717.8,3605.25,3.828
2021-06-07,1.2891,5.0476,1.2071,0.89903,20.885,0.82223,0.70568,284.42,14245,72.792,109.34,1111.03,19.7706,8.262,1.384,47.632,3.6723,8.2677,1.3232,31.19,8.6254,13.4783,715.88,3605.25,3.777
2021-06-08,1.2903,5.032,1.2072,0.89591,20.846,0.82088,0.70678,285.55,14249,72.878,109.41,1115.36,19.7587,8.2482,1.3861,47.691,3.6692,8.2708,1.3233,31.19,8.5919,13.5112,717.13,3592.35,3.777
2021-06-09,1.29,5.0303,1.2078,0.89487,20.809,0.82001,0.70564,284.7,14248,72.948,109.37,1115.13,19.6302,8.2426,1.3879,47.758,3.654,8.2489,1.3229,31.16,8.5815,13.555,719.38,3596.75,3.847
2021-06-10,1.2922,5.0462,1.2107,0.89609,20.857,0.82142,0.70883,284.33,14272,73.082,109.54,1116.12,19.7059,8.3061,1.3908,47.748,3.6815,8.273,1.3249,31.171,8.484,13.6431,719.28,3603.75,3.8925
2021-06-11,1.2938,5.0788,1.2113,0.89757,20.895,0.82474,0.70689,285.56,14199,73.13,109.59,1114.3,19.7113,8.3157,1.3964,47.733,3.6862,8.3005,1.3245,31.065,8.4098,13.5903,721.5,3652.25,3.777
2021-06-14,1.2959,5.1062,1.2167,0.89903,20.989,0.82563,0.7092,289.91,14257,73.233,109.77,1118.78,19.9125,8.3246,1.4002,47.861,3.7279,8.3342,1.3268,31.14,8.3702,13.8011,718.85,3652.25,3.777
2021-06-15,1.3001,5.0705,1.2189,0.90015,21.019,0.8259,0.71151,290.78,14250,73.34,110.08,1118.35,19.9851,8.327,1.403,48.07,3.736,8.3299,1.3266,31.15,8.5552,13.776,726.54,3695.75,3.777
2021-06-16,1.2965,5.0365,1.2177,0.89871,21.01,0.82481,0.70793,290.06,14245,73.309,109.86,1118.63,19.9604,8.3477,1.3981,48.065,3.7253,8.3539,1.3257,31.15,8.5461,13.7417,729.72,3671.75,3.9006
2021-06-17,1.3205,5.0503,1.233,0.91522,21.371,0.83773,0.71647,296.81,14465,74.122,110.66,1134.34,20.475,8.5426,1.4262,48.456,3.8012,8.5369,1.3404,31.4,8.6373,14.0787,737.88,3726.0,3.9154
2021-06-18,1.3306,5.0071,1.2373,0.91957,21.448,0.84048,0.721,298.71,14435,73.987,110.2,1132.23,20.455,8.6458,1.4346,48.425,3.8235,8.6006,1.3429,31.45,8.6955,14.1388,748.05,3766.0,3.9495
2021-06-21,1.3305,5.062,1.2411,0.9212,21.503,0.84097,0.72046,297.8,14444,74.165,110.09,1134.63,20.598,8.6345,1.4344,48.754,3.812,8.5916,1.3446,31.615,8.7867,14.2505,747.0,3757.05,3.9514
2021-06-22,1.3299,5.0178,1.2381,0.92004,21.467,0.84076,0.71935,298.6,14458,74.298,110.56,1135.63,20.583,8.5924,1.4302,48.673,3.811,8.5396,1.346,31.72,8.693,14.3292,740.83,3779.1,3.9786
2021-06-23,1.3189,4.9538,1.2273,0.91733,21.26,0.83675,0.71488,292.31,14446,74.178,110.82,1136.27,20.271,8.5118,1.4179,48.714,3.7844,8.4753,1.3442,31.785,8.6465,14.1735,735.53,3781.05,3.9785
2021-06-24,1.32,4.9465,1.2297,0.91882,21.299,0.8378,0.71953,293.67,14451,74.145,110.76,1131.93,20.08,8.5238,1.4161,48.635,3.7906,8.4729,1.3438,31.85,8.6965,14.245,733.41,3763.25,3.9835
2021-06-25,1.316,4.9067,1.2298,0.91682,21.328,0.83682,0.71925,294.46,14431,74.209,110.69,1126.65,19.8134,8.482,1.4126,48.502,3.7767,8.4605,1.3418,31.81,8.6935,14.0886,732.6,3742.15,3.9715
2021-06-28,1.3227,4.9672,1.2332,0.92099,21.41,0.83963,0.71965,295.53,14505,74.299,110.94,1131.75,19.8598,8.5443,1.4212,48.68,3.7842,8.5028,1.3446,31.975,8.7431,14.2608,734.45,3700.0,3.8834
2021-06-29,1.33,4.9484,1.237,0.92236,21.431,0.84118,0.72298,295.35,14586,74.277,110.65,1128.24,19.8612,8.5711,1.43,48.591,3.8016,8.5389,1.3446,32.105,8.7155,14.3439,727.1,3756.97,3.8836
2021-06-30,1.334,4.9689,1.2388,0.92393,21.447,0.84147,0.72202,295.93,14541,74.318,110.59,1128.75,19.8401,8.5592,1.4327,48.858,3.8035,8.5081,1.3443,32.075,8.6848,14.3145,731.7,3747.0,3.8395
2021-07-01,1.3325,4.9609,1.2368,0.92435,21.463,0.84147,0.72394,296.08,14524,74.52,111.43,1132.5,19.9655,8.5918,1.4275,49.22,3.8004,8.5609,1.3454,32.05,8.6929,14.2834,739.92,3786.5,3.8573
2021-07-02,1.3394,5.0259,1.2414,0.92574,21.658,0.84581,0.72742,297.81,14541,74.693,111.43,1136.34,19.956,8.659,1.4369,49.415,3.8285,8.592,1.3507,32.185,8.6932,14.4453,733.85,3739.0,3.8898
2021-07-05,1.3282,5.0623,1.2362,0.92154,21.562,0.84274,0.72194,296.25,14475,74.296,110.89,1130.31,19.8272,8.5773,1.4243,49.293,3.7973,8.5484,1.345,32.12,8.6709,14.2266,735.78,3739.0,3.9191
2021-07-06,1.3206,5.0931,1.2367,0.9233,21.634,0.84474,0.72183,298.53,14488,74.514,110.65,1133.36,19.8167,8.629,1.411,49.631,3.7963,8.5732,1.3448,32.21,8.6597,14.2151,747.49,3775.5,3.9392
2021-07-07,1.328,5.1749,1.2432,0.92275,21.712,0.84524,0.72268,300.54,14492,74.618,110.61,1136.75,19.9239,8.6616,1.4166,49.835,3.8198,8.6056,1.346,32.265,8.6693,14.2563,748.73,3828.0,3.9392
2021-07-08,1.3479,5.2765,1.2581,0.91662,21.874,0.84474,0.7276,302.9,14598,74.852,109.74,1149.97,20.098,8.7969,1.4401,50.133,3.8439,8.6085,1.3533,32.52,8.6927,14.4073,752.88,3837.0,3.9392
2021-07-09,1.3382,5.2597,1.2495,0.91516,21.75,0.84331,0.72321,299.46,14497,74.524,110.02,1145.39,19.8853,8.7161,1.4321,50.079,3.8368,8.5894,1.3517,32.55,8.6667,14.2317,747.21,3827.0,3.9392
2021-07-12,1.3405,5.2671,1.2498,0.91563,21.704,0.84374,0.72199,299.85,14511,74.595,110.15,1149.13,19.9173,8.7141,1.436,50.495,3.8426,8.6068,1.3523,32.68,8.6375,14.4677,743.17,3818.1,3.9392
2021-07-13,1.3374,5.177,1.2481,0.91667,21.651,0.84431,0.72204,301.14,14474,74.544,110.22,1145.53,19.8877,8.7036,1.4337,50.016,3.8574,8.5966,1.3521,32.62,8.5888,14.5842,749.27,3819.2,3.9392
2021-07-14,1.3391,5.1296,1.2472,0.91771,21.712,0.8466,0.72094,303.15,14484,74.492,110.31,1147.34,19.9568,8.747,1.4239,50.258,3.872,8.6395,1.3537,32.615,8.5917,14.644,744.68,3790.02,3.9392
2021-07-15,1.3444,5.0872,1.254,0.91693,21.667,0.84681,0.72138,304.39,14517,74.562,110.03,1143.31,19.9323,8.7902,1.4301,50.192,3.874,8.6658,1.3545,32.685,8.558,14.5675,755.25,3812.02,3.9392
2021-07-16,1.3478,5.0963,1.2588,0.91959,21.639,0.84731,0.72274,304.8,14475,74.589,110.18,1142.13,19.8771,8.8017,1.4265,50.3,3.8864,8.6789,1.3551,32.765,8.5173,14.3908,755.57,3813.6,3.9392
2021-07-19,1.3635,5.1685,1.2772,0.9213,21.762,0.84991,0.73018,305.52,14571,74.987,109.6,1153.77,20.046,8.9563,1.4437,50.88,3.8998,8.7143,1.3637,32.86,8.5961,14.5114,759.8,3831.5,3.9392
2021-07-20,1.3658,5.2342,1.2758,0.92042,21.777,0.84926,0.73499,305.27,14560,74.667,109.58,1148.53,20.042,9.0166,1.4479,50.96,3.9027,8.7079,1.3678,32.81,8.549,14.5519,757.8,3831.5,3.9392
2021-07-21,1.3667,5.244,1.2684,0.92151,21.827,0.84947,0.73363,305.98,14543,74.575,110.12,1154.91,20.195,8.9881,1.4444,50.455,3.9065,8.7027,1.368,32.87,8.585,14.6798,752.18,3851.0,3.9437
2021-07-22,1.3553,5.1829,1.2551,0.91966,21.774,0.84926,0.72665,303.92,14491,74.446,110.26,1148.7,20.152,8.8149,1.4358,50.039,3.8778,8.6832,1.3605,32.87,8.5535,14.5604,753.35,3866.2,3.9282
2021-07-23,1.355,5.1848,1.2567,0.92105,21.798,0.84983,0.72697,305.2,14490,74.437,110.57,1150.84,20.076,8.8438,1.4316,50.242,3.883,8.6772,1.3595,32.925,8.547,14.7771,761.76,3885.0,3.9144
2021-07-26,1.3583,5.2215,1.256,0.91847,21.743,0.84839,0.7251,306.82,14494,74.429,110.33,1154.4,20.092,8.8462,1.4328,50.345,3.8931,8.6578,1.3601,32.945,8.5665,14.8338,759.72,3909.5,3.9058
2021-07-27,1.3572,5.1895,1.2565,0.91499,21.749,0.84674,0.72399,304.34,14488,74.437,110.06,1152.2,20.041,8.8419,1.4357,50.426,3.887,8.6071,1.3598,32.96,8.558,14.8461,767.51,3928.0,3.924
2021-07-28,1.362,5.1606,1.2569,0.91488,21.703,0.84696,0.72072,304.67,14498,74.388,110.08,1154.39,19.9729,8.8785,1.4409,50.364,3.893,8.6358,1.36,32.845,8.552,14.8041,761.45,3867.5,3.9247
2021-07-29,1.3528,5.0888,1.2472,0.90862,21.482,0.84225,0.71658,301.59,14464,74.261,109.84,1145.52,19.8484,8.7588,1.4306,50.301,3.856,8.5635,1.3537,32.85,8.4941,14.5807,759.83,3843.6,3.9247
2021-07-30,1.3567,5.106,1.2439,0.90581,21.446,0.84097,0.716,300.4,14451,74.334,109.65,1151.07,19.8705,8.7802,1.4288,50.02,3.8379,8.5668,1.3531,32.88,8.4085,14.5726,753.8,3874.0,3.9247
2021-08-02,1.358,5.1707,1.2465,0.90535,21.434,0.84133,0.71991,299.52,14378,74.373,109.52,1150.66,19.8216,8.7931,1.4337,49.816,3.8332,8.574,1.3519,32.94,8.3444,14.3861,768.0,3887.5,
2021-08-03,1.3535,5.1991,1.2515,0.90324,21.447,0.8414,0.71817,298.35,14300,74.228,109.13,1148.16,19.8519,8.7794,1.4264,49.597,3.8336,8.586,1.3509,33.02,8.3783,14.388,775.35,3905.75,
2021-08-04,1.3491,5.1943,1.2545,0.90456,21.448,0.8431,0.71792,298.66,14304,74.159,109.02,1142.77,19.8617,8.8146,1.4151,49.733,3.8309,8.5971,1.349,33.11,8.4407,14.2662,773.89,3899.0,4.0535
2021-08-05,1.3494,5.1531,1.2504,0.90574,21.447,0.84388,0.71781,298.69,14340,74.118,109.53,1142.06,19.9249,8.811,1.4143,50.346,3.838,8.6062,1.3499,33.24,8.5363,14.3656,777.54,3914.0,4.065
2021-08-06,1.3524,5.2167,1.2504,0.90827,21.524,0.84696,0.71856,298.74,14342,74.109,109.8,1142.67,19.9187,8.8278,1.4175,50.516,3.859,8.6121,1.3511,33.335,8.5869,14.4815,787.65,3963.1,4.095
2021-08-09,1.3606,5.2491,1.2539,0.9171,21.589,0.85027,0.72056,300.88,14384,74.245,110.11,1144.31,20.026,8.918,1.4253,50.4,3.881,8.6876,1.3556,33.44,8.6454,14.631,784.98,3993.35,4.108
2021-08-10,1.362,5.2441,1.2565,0.92245,21.653,0.8531,0.72145,301.02,14386,74.382,110.46,1151.48,20.102,8.9302,1.4296,50.339,3.9033,8.714,1.3581,33.46,8.6003,14.8102,778.33,3964.0,4.078
2021-08-11,1.3618,5.2153,1.2525,0.9232,21.68,0.85339,0.7228,302.82,14407,74.381,110.67,1158.4,20.079,8.922,1.4255,50.457,3.9135,8.7306,1.3589,33.335,8.6591,14.7914,770.88,3938.2,4.09
2021-08-12,1.3598,5.2188,1.2517,0.92205,21.631,0.85186,0.72189,300.92,14350,74.206,110.41,1162.95,19.8969,8.8385,1.424,50.457,3.908,8.679,1.3573,33.02,8.5657,14.7185,774.28,3855.0,
2021-08-13,1.3605,5.2368,1.2515,0.92044,21.578,0.84998,0.72327,300.07,14366,74.263,110.19,1164.44,19.8691,8.8188,1.4259,50.61,3.8878,8.6692,1.3572,33.33,8.5549,14.8373,775.47,3838.2,4.078
2021-08-16,1.3642,5.2789,1.2557,0.91386,21.6,0.84947,0.72097,298.92,14374,74.218,109.37,1167.25,19.9049,8.8386,1.4232,50.767,3.8781,8.6653,1.3564,33.445,8.4707,14.7683,786.25,3838.2,4.08
2021-08-17,1.3715,5.2745,1.261,0.91043,21.621,0.84983,0.7251,298.42,14389,74.31,109.26,1174.39,19.9091,8.8368,1.4433,50.434,3.8757,8.6639,1.3591,33.32,8.423,14.8225,789.1,3876.0,4.0885
2021-08-18,1.3793,5.2813,1.2619,0.91495,21.707,0.85302,0.72663,299.0,14392,74.256,109.76,1170.31,19.9761,8.8902,1.4484,50.456,3.8927,8.7207,1.3599,33.285,8.4774,14.873,786.83,3847.5,4.094
2021-08-19,1.3953,5.4431,1.2756,0.91681,21.803,0.85499,0.73122,300.09,14468,74.384,109.62,1175.91,20.165,9.0159,1.4621,50.516,3.9186,8.7892,1.363,33.34,8.5269,15.1765,785.63,3866.4,4.0938
2021-08-20,1.4029,5.4513,1.2911,0.91774,21.9,0.85682,0.73473,300.68,14469,74.372,109.65,1182.98,20.294,9.0823,1.4659,50.351,3.9324,8.8478,1.363,33.37,8.5315,15.3157,785.93,3870.0,4.1075
2021-08-23,1.392,5.3615,1.2725,0.91688,21.773,0.85339,0.7308,298.8,14397,74.176,110.1,1171.31,20.339,8.9495,1.4561,50.186,3.9143,8.7535,1.3589,33.36,8.4613,15.2089,783.68,3879.95,4.0902
2021-08-24,1.3802,5.3391,1.2625,0.91235,21.749,0.85179,0.72894,297.86,14393,74.157,109.66,1166.1,20.325,8.8589,1.4389,50.071,3.9005,8.6959,1.3559,32.875,8.4187,15.0683,781.87,3865.0,4.0823
2021-08-25,1.3796,5.2579,1.2634,0.91505,21.754,0.85208,0.72929,297.17,14438,74.259,109.92,1167.49,20.262,8.8499,1.44,49.842,3.9007,8.7123,1.3549,32.775,8.4174,14.9796,783.27,3863.5,4.0707
2021-08-26,1.3772,5.227,1.261,0.91689,21.71,0.84983,0.72846,296.75,14444,74.131,110.14,1167.13,20.311,8.8056,1.4347,49.973,3.8905,8.7034,1.3529,32.74,8.3666,14.9078,786.21,3865.75,4.0588
2021-08-27,1.3791,5.2455,1.2681,0.91795,21.735,0.85027,0.72871,298.33,14428,73.718,110.19,1169.78,20.38,8.8066,1.4392,49.957,3.8965,8.7021,1.3509,32.655,8.4014,14.91,782.38,3824.91,4.066
2021-08-30,1.37,5.2139,1.2598,0.91501,21.664,0.84739,0.72662,295.14,14335,73.299,109.87,1165.18,20.191,8.6768,1.4273,49.814,3.8707,8.6275,1.3457,32.43,8.3814,14.624,782.0,3812.65,4.0694
2021-08-31,1.3652,5.1873,1.2587,0.91254,21.568,0.84502,0.72566,294.74,14264,72.993,109.81,1157.71,20.1,8.6699,1.4163,49.658,3.8276,8.5875,1.3433,32.22,8.3074,14.5582,772.63,3766.68,4.0764
2021-09-01,1.3614,5.1524,1.2591,0.91775,21.5,0.84624,0.72661,294.52,14279,73.073,110.31,1158.71,20.012,8.6852,1.4196,50.066,3.8147,8.6283,1.3469,32.33,8.2919,14.4311,770.71,3757.53,4.0737
2021-09-02,1.3539,5.1856,1.2615,0.91575,21.427,0.84417,0.72527,293.64,14244,73.037,110.0,1158.75,19.9671,8.6897,1.4099,49.839,3.8046,8.6054,1.344,32.455,8.2679,14.3409,767.65,3792.53,4.0899
2021-09-03,1.3444,5.1616,1.2533,0.91501,21.413,0.84232,0.72305,293.46,14264,73.029,109.96,1157.4,19.9208,8.6538,1.4028,49.867,3.7978,8.567,1.3427,32.53,8.3031,14.3434,766.05,3797.53,4.0817
2021-09-06,1.3446,5.1954,1.2545,0.91613,21.41,0.84289,0.72244,292.51,14225,73.087,109.86,1156.82,19.9098,8.6588,1.4002,49.955,3.8105,8.5686,1.3424,32.465,8.2771,14.2511,772.23,3797.53,4.0912
2021-09-07,1.3528,5.1706,1.2594,0.91509,21.436,0.84317,0.7261,293.92,14260,73.474,110.04,1163.7,19.9545,8.6838,1.4053,50.224,3.8094,8.5594,1.3454,32.58,8.325,14.3148,780.28,3797.53,4.0806
2021-09-08,1.3551,5.2184,1.2668,0.92061,21.471,0.84552,0.72608,296.05,14265,73.569,110.18,1165.09,19.896,8.6793,1.4064,50.124,3.8199,8.6024,1.3451,32.73,8.446,14.2757,786.93,3815.08,4.0831
2021-09-09,1.3545,5.294,1.2673,0.91747,21.455,0.84474,0.72271,296.4,14241,73.551,109.9,1168.04,19.8817,8.6711,1.4037,49.911,3.8296,8.6047,1.3432,32.68,8.4703,14.1458,792.9,3841.23,4.0886
2021-09-10,1.3501,5.1884,1.2599,0.91665,21.356,0.84452,0.72004,295.48,14199,73.431,109.81,1165.91,19.8801,8.6165,1.398,49.865,3.8356,8.6009,1.3383,32.645,8.4079,14.072,788.08,3832.53,4.0903
2021-09-13,1.3595,5.2261,1.2675,0.92301,21.518,0.8489,0.72258,296.76,14251,73.718,110.03,1174.65,19.865,8.649,1.407,49.931,3.864,8.6463,1.343,32.905,8.4438,14.1853,784.68,3828.13,4.0958
2021-09-14,1.364,5.2301,1.2655,0.92153,21.491,0.84645,0.72169,296.3,14269,73.675,110.11,1170.36,19.8976,8.6122,1.4072,49.829,3.8549,8.5875,1.3433,32.95,8.4517,14.2286,783.38,3828.02,4.0945
2021-09-15,1.3661,5.2418,1.2689,0.9172,21.412,0.84574,0.72319,295.04,14230,73.461,109.19,1167.77,19.8689,8.5773,1.4095,49.68,3.8482,8.5724,1.3413,32.87,8.4378,14.2907,777.67,3812.53,4.0997
2021-09-16,1.3667,5.2377,1.2635,0.92544,21.492,0.85012,0.72282,297.7,14253,73.51,109.39,1173.54,19.8699,8.6112,1.4068,49.915,3.8904,8.6303,1.3436,33.085,8.4726,14.4983,783.25,3814.7,4.0922
2021-09-17,1.3677,5.2665,1.266,0.92793,21.474,0.8489,0.72464,298.38,14230,73.455,110.03,1176.79,19.9253,8.5915,1.4141,49.931,3.8883,8.6208,1.3456,33.23,8.6013,14.5918,784.13,3825.03,4.1001
2021-09-20,1.3834,5.3364,1.2856,0.9293,21.716,0.8539,0.73183,302.25,14297,73.666,109.45,1189.75,20.188,8.7465,1.4255,50.248,3.9277,8.7245,1.3525,33.355,8.6681,14.7981,788.55,3841.53,4.1168
2021-09-21,1.3801,5.3231,1.2775,0.92392,21.639,0.85193,0.73143,302.12,14234,73.684,109.34,1183.21,20.098,8.6751,1.4233,50.115,3.9411,8.6695,1.3517,33.4,8.6545,14.86,785.6,3834.78,4.1
2021-09-22,1.3793,5.255,1.2786,0.9225,21.639,0.85259,0.73323,302.91,14234,73.851,109.56,1183.28,20.081,8.634,1.4235,50.298,3.9496,8.6758,1.3518,33.44,8.6557,14.7811,787.15,3830.53,4.0994
2021-09-23,1.3752,5.2743,1.2676,0.92454,21.641,0.85361,0.72979,304.01,14231,73.726,110.01,1173.48,20.0,8.6095,1.4189,50.252,3.9332,8.6554,1.3485,33.26,8.7461,14.6189,784.94,3831.53,4.0958
2021-09-24,1.3794,5.3189,1.271,0.92414,21.681,0.85332,0.73132,304.62,14290,73.786,110.5,1179.74,20.162,8.6091,1.4239,50.855,3.9293,8.6509,1.3538,33.45,8.8395,14.9717,792.38,3832.1,4.0978
2021-09-27,1.3788,5.316,1.2662,0.92751,21.75,0.85485,0.73021,306.15,14253,73.859,110.91,1181.43,20.092,8.6045,1.4285,51.189,3.9284,8.697,1.3541,33.575,8.8452,15.0606,793.2,3840.78,4.1126
2021-09-28,1.3799,5.4052,1.2653,0.92824,21.85,0.85631,0.736,307.75,14298,74.122,111.47,1186.34,20.201,8.6505,1.437,51.058,3.9541,8.7286,1.3569,33.79,8.8787,15.0967,802.37,3831.53,4.1162
2021-09-29,1.3825,5.4246,1.2693,0.92921,21.844,0.85807,0.74175,308.56,14305,74.198,111.46,1185.17,20.343,8.7034,1.4438,50.801,3.9695,8.7378,1.3576,33.885,8.8526,15.0343,809.7,3833.53,4.1162
2021-09-30,1.39,5.409,1.2739,0.93531,22.018,0.86363,0.74318,311.07,14312,74.341,111.99,1184.54,20.506,8.7788,1.4559,51.011,3.9897,8.7817,1.3611,33.885,8.8938,15.1679,810.53,3805.33,4.1162
2021-10-01,1.378,5.4152,1.2671,0.93026,21.818,0.86207,0.73839,308.76,14279,74.121,111.18,1182.17,20.514,8.6383,1.4441,50.648,3.9505,8.7533,1.3563,33.64,8.8434,14.9525,803.03,3787.53,4.1162
2021-10-04,1.3713,5.3781,1.2606,0.9254,21.76,0.8594,0.73505,305.86,14245,74.252,111.04,1179.53,20.498,8.5743,1.4341,50.756,3.9262,8.7173,1.3559,33.725,8.836,14.8819,805.63,3787.53,4.13
2021-10-05,1.3736,5.4392,1.2594,0.92674,21.813,0.86192,0.73412,307.62,14228,74.547,111.18,1186.11,20.505,8.5464,1.4351,50.761,3.9647,8.7321,1.3569,33.79,8.8525,14.9795,810.9,3781.03,4.1198
2021-10-06,1.3787,5.5089,1.2628,0.92835,22.02,0.8664,0.73618,311.41,14285,74.892,111.35,1195.56,20.762,8.5973,1.4493,50.948,3.9789,8.8051,1.3613,33.89,8.9068,15.124,812.93,3785.53,4.1198
2021-10-07,1.3699,5.4818,1.258,0.92648,21.981,0.8649,0.73537,309.77,14190,74.736,111.38,1189.99,20.501,8.5961,1.4423,50.431,3.9317,8.7747,1.3576,33.775,8.8734,14.8827,811.88,3772.03,4.09
2021-10-08,1.3689,5.5007,1.2533,0.92782,21.985,0.86438,0.73377,311.34,14202,74.985,111.78,1194.4,20.598,8.5448,1.4423,50.506,3.9919,8.7422,1.3554,33.85,8.9126,14.8897,824.0,3764.88,4.1198
2021-10-11,1.3609,5.5054,1.2468,0.92639,21.945,0.86401,0.73335,311.65,14208,75.454,112.93,1195.29,20.74,8.5433,1.4412,50.911,3.9669,8.7405,1.3535,33.865,8.962,14.9566,824.0,3750.53,4.1198
2021-10-12,1.3553,5.5367,1.2458,0.92852,21.961,0.86543,0.73349,311.48,14190,75.526,113.42,1197.23,20.79,8.5338,1.4358,50.81,3.9641,8.7476,1.3556,33.32,9.0042,14.9416,822.78,3719.03,4.1198
2021-10-13,1.3598,5.5193,1.2442,0.92735,21.942,0.8649,0.73428,311.54,14217,75.342,113.56,1191.95,20.714,8.524,1.4398,50.652,3.9588,8.7524,1.3532,33.28,9.067,14.8711,814.83,3737.53,4.1198
2021-10-14,1.3484,5.4756,1.2378,0.92105,21.882,0.86192,0.72934,309.43,14095,75.28,113.47,1185.58,20.553,8.4406,1.4227,50.662,3.9384,8.6311,1.3482,33.205,9.1453,14.7923,825.62,3767.03,3.917
2021-10-15,1.348,5.4848,1.2362,0.92475,21.895,0.86192,0.72718,310.04,14043,74.961,114.33,1181.87,20.56,8.4145,1.4174,50.77,3.9341,8.644,1.3478,33.33,9.2339,14.6961,823.45,3761.2,3.93
2021-10-18,1.3536,5.4853,1.2396,0.92313,21.935,0.86177,0.72766,311.4,14109,75.327,114.15,1187.44,20.44,8.4146,1.4164,50.866,3.9458,8.65,1.3494,33.46,9.2847,14.755,816.75,3766.53,3.947
2021-10-19,1.3386,5.5604,1.2346,0.91943,21.883,0.858,0.72308,309.43,14090,75.075,114.22,1178.0,20.335,8.3518,1.398,50.757,3.9236,8.6057,1.3441,33.36,9.3079,14.5863,810.35,3764.33,3.943
2021-10-20,1.336,5.5777,1.2345,0.92394,21.956,0.86036,0.72703,311.1,14113,74.86,114.24,1173.8,20.202,8.3829,1.3954,50.737,3.9448,8.6165,1.3447,33.36,9.2765,14.4805,813.6,3765.62,3.9369
2021-10-21,1.3344,5.6623,1.2339,0.91862,22.012,0.85933,0.72433,312.27,14145,74.882,114.16,1177.79,20.28,8.3411,1.3933,50.807,3.9555,8.6057,1.3467,33.395,9.4252,14.5411,817.63,3778.53,3.9415
2021-10-22,1.3336,5.7011,1.2331,0.91728,22.059,0.85985,0.72545,312.57,14187,74.867,113.87,1176.6,20.241,8.3469,1.3979,50.803,3.9531,8.5768,1.3473,33.33,9.6156,14.6712,815.4,3765.53,3.9552
2021-10-25,1.3363,5.6369,1.2365,0.91925,22.179,0.86185,0.72723,315.3,14179,75.17,113.66,1169.78,20.215,8.3684,1.3992,50.689,3.9806,8.6185,1.3473,33.115,9.6727,14.7861,807.37,3764.53,3.9655
2021-10-26,1.3311,5.5621,1.2361,0.91961,22.121,0.86073,0.72455,314.42,14123,74.953,114.02,1165.53,20.143,8.3343,1.392,50.738,3.9601,8.5943,1.3459,33.1,9.446,14.7451,803.68,3769.03,3.9749
2021-10-27,1.3306,5.5531,1.2408,0.91848,22.109,0.86081,0.72764,313.38,14211,75.062,113.63,1171.08,20.186,8.3815,1.3955,50.722,3.9775,8.5834,1.3485,33.27,9.4838,14.9724,805.1,3757.53,3.9653
2021-10-28,1.3293,5.5894,1.2357,0.91918,22.176,0.86259,0.72779,313.4,14206,74.873,113.6,1171.13,20.343,8.4075,1.3927,50.649,3.9845,8.5992,1.3476,33.25,9.6123,15.143,805.68,3777.03,3.9738
2021-10-29,1.3272,5.6417,1.2351,0.91121,22.067,0.85874,0.72555,309.15,14217,74.865,113.89,1170.39,20.442,8.3723,1.3959,50.368,3.9687,8.5331,1.3462,33.25,9.5657,15.238,813.2,3757.53,3.9863
2021-11-01,1.3301,5.6509,1.2373,0.91225,22.14,0.86371,0.73048,311.35,14280,74.909,114.17,1177.99,20.677,8.4097,1.3903,50.57,3.9925,8.5624,1.3495,33.35,9.5182,15.3266,811.2,3757.53,3.9872
2021-11-02,1.3397,5.6802,1.2401,0.91304,22.039,0.86185,0.73218,309.7,14281,74.636,113.79,1175.53,20.747,8.4392,1.4014,50.47,3.9712,8.5299,1.3477,33.24,9.5368,15.4407,812.31,3796.53,4.001
2021-11-03,1.3451,5.6714,1.2425,0.91277,22.064,0.86371,0.73262,309.97,14332,74.486,113.92,1182.46,20.811,8.517,1.4009,50.623,3.9623,8.5611,1.3497,33.36,9.6924,15.4269,812.53,3829.63,4.0041
2021-11-04,1.3486,5.604,1.2417,0.91227,22.015,0.86438,0.73775,311.06,14365,74.423,113.9,1183.62,20.589,8.5219,1.4033,50.634,3.9819,8.5625,1.3508,33.315,9.7245,15.2041,813.83,3869.53,4.0032
2021-11-05,1.3538,5.5728,1.245,0.91666,21.942,0.86813,0.74264,312.09,14329,74.26,113.71,1186.52,20.501,8.5839,1.41,50.307,3.9966,8.5974,1.3526,33.285,9.7107,15.1957,811.05,3870.03,4.0023
2021-11-08,1.3491,5.585,1.2446,0.91467,21.808,0.86363,0.73822,310.7,14256,74.108,113.39,1181.9,20.402,8.5279,1.3949,50.107,3.9689,8.6007,1.3482,33.0,9.7402,15.0027,802.33,3874.53,4.003
2021-11-09,1.3511,5.515,1.2436,0.91492,21.765,0.86378,0.7375,311.82,14252,74.104,113.07,1176.88,20.328,8.513,1.3986,50.082,3.967,8.551,1.3476,32.765,9.7266,15.0267,791.41,3864.52,4.0092
2021-11-10,1.3581,5.4477,1.2434,0.91322,21.811,0.8652,0.74016,313.33,14242,74.304,113.25,1178.91,20.356,8.5523,1.409,50.06,3.9904,8.6213,1.3484,32.79,9.8255,15.1665,793.95,3875.03,4.0147
2021-11-11,1.3699,5.4435,1.2582,0.92155,22.037,0.8726,0.7464,318.32,14260,74.442,113.95,1180.74,20.538,8.6994,1.4239,50.063,4.0398,8.6953,1.3539,32.855,9.9132,15.2509,793.18,3876.53,4.0058
2021-11-12,1.3705,5.4072,1.2593,0.92313,22.046,0.87352,0.7469,319.84,14186,74.415,113.99,1178.46,20.656,8.6922,1.4232,49.786,4.0556,8.7426,1.3534,32.78,9.9569,15.2794,799.95,3880.33,4.0103
2021-11-15,1.3577,5.4577,1.2525,0.92039,22.035,0.87382,0.74419,319.8,14179,74.397,113.88,1179.97,20.544,8.6659,1.4133,50.078,4.0523,8.7443,1.3507,32.705,10.0177,15.1647,796.12,3882.33,3.9818
2021-11-16,1.3626,5.4397,1.2533,0.92611,22.191,0.87966,0.7436,322.26,14235,74.367,114.26,1181.39,20.621,8.6966,1.4238,50.339,4.0944,8.8224,1.3541,32.682,10.2058,15.2337,811.72,3892.53,3.9854
2021-11-17,1.3716,5.4814,1.2554,0.93054,22.287,0.8837,0.74311,322.31,14243,74.258,114.69,1181.88,20.702,8.7394,1.4282,50.322,4.1155,8.8638,1.3577,32.67,10.4808,15.4804,828.7,3916.53,4.0038
2021-11-18,1.3733,5.5389,1.26,0.92649,22.239,0.88145,0.74194,320.57,14225,74.235,114.22,1183.13,20.767,8.7724,1.4197,50.33,4.1045,8.8634,1.3581,32.64,11.0641,15.6202,831.68,3926.75,4.0111
2021-11-19,1.3824,5.5612,1.2647,0.92822,22.547,0.88723,0.74464,326.32,14290,74.253,113.76,1193.01,20.818,8.9152,1.4283,50.637,4.1538,8.9575,1.3614,32.8,11.1123,15.7495,826.65,3908.23,3.996
2021-11-22,1.3772,5.5899,1.2641,0.92694,22.498,0.88668,0.74413,327.29,14254,74.348,114.11,1187.02,20.913,8.9302,1.4271,50.67,4.166,8.9803,1.3617,32.91,11.2355,15.7651,811.38,3919.98,3.9968
2021-11-23,1.3839,5.622,1.2722,0.93188,22.6,0.88818,0.74771,329.43,14272,74.465,114.89,1190.69,21.118,8.9448,1.4425,50.732,4.185,8.9999,1.3661,33.107,12.5505,15.8531,811.55,3939.23,3.9977
2021-11-24,1.3876,5.5957,1.2696,0.93557,22.757,0.89238,0.74902,329.42,14294,74.46,115.17,1188.21,21.268,8.947,1.4507,50.423,4.1765,9.0938,1.368,33.365,12.0491,15.8913,813.45,3968.73,4.0139
2021-11-25,1.3924,5.5817,1.2673,0.9338,22.699,0.89103,0.75109,326.66,14288,74.499,115.31,1191.34,21.532,8.9686,1.4608,50.299,4.1576,9.0671,1.3677,33.41,12.0056,15.8761,820.37,3975.23,4.0221
2021-11-26,1.3989,5.605,1.2751,0.92516,22.728,0.88566,0.74945,326.42,14391,74.874,114.09,1194.67,21.696,8.9995,1.4647,50.48,4.173,9.0869,1.3701,33.66,12.1904,16.1587,831.37,4001.23,4.011
2021-11-29,1.3996,5.6034,1.2737,0.92586,22.766,0.88684,0.75012,326.87,14361,75.08,113.7,1192.56,21.878,9.0582,1.4679,50.361,4.1648,9.1258,1.3694,33.68,12.6965,16.1856,845.83,4029.23,4.0531
2021-11-30,1.3991,5.6114,1.2777,0.91789,22.464,0.88005,0.74956,321.82,14325,75.095,112.82,1188.32,21.566,9.0465,1.4648,50.401,4.1045,9.0522,1.3659,33.69,13.1428,16.0406,826.7,3992.2,4.0536
2021-12-01,1.4008,5.6123,1.2757,0.9216,22.488,0.88386,0.75128,321.53,14362,74.907,113.37,1176.0,21.29,9.0326,1.4626,50.384,4.0908,9.0384,1.3639,33.72,13.405,15.8221,838.53,3963.76,4.0646
2021-12-02,1.4089,5.6385,1.2811,0.91842,22.418,0.88191,0.75082,319.64,14412,75.007,112.83,1176.09,21.339,9.0803,1.4694,50.551,4.0527,9.0535,1.3671,33.877,13.4877,15.8437,836.03,3934.2,4.0626
2021-12-03,1.417,5.6405,1.2816,0.91994,22.509,0.88566,0.75324,322.26,14426,75.148,113.34,1181.51,21.242,9.1112,1.4732,50.525,4.0672,9.1387,1.3698,33.88,13.8279,15.8984,840.38,3963.4,4.0687
2021-12-06,1.4206,5.6844,1.2791,0.92283,22.522,0.88598,0.75421,322.88,14447,75.414,113.21,1181.72,21.236,9.1205,1.4798,50.425,4.0688,9.0979,1.3694,33.89,13.7895,15.968,845.45,3929.1,4.0775
2021-12-07,1.4069,5.6261,1.2667,0.9252,22.623,0.88842,0.75456,325.05,14371,75.409,113.57,1177.59,21.23,9.0529,1.4754,50.437,4.0816,9.1127,1.3664,33.68,13.6541,15.957,839.3,3907.0,4.0767
2021-12-08,1.402,5.6067,1.2639,0.92327,22.546,0.88503,0.75762,325.81,14343,75.431,113.79,1175.55,20.919,8.9353,1.4744,50.256,4.0678,9.0727,1.3643,33.48,13.7,15.7685,838.46,3891.2,4.071
2021-12-09,1.4004,5.5449,1.2698,0.92353,22.486,0.8841,0.75802,323.41,14381,75.599,113.35,1177.1,21.042,8.978,1.474,50.433,4.0708,9.0682,1.3656,33.56,13.8074,15.9305,848.08,3899.6,4.0787
2021-12-10,1.3985,5.5817,1.2721,0.92469,22.501,0.88708,0.75716,324.3,14373,75.676,113.72,1181.01,20.943,8.9892,1.4756,50.338,4.0915,9.0892,1.3657,33.66,13.9189,16.0041,844.5,3896.6,4.0558
2021-12-13,1.4005,5.6029,1.2758,0.92375,22.523,0.88668,0.75508,325.47,14325,75.74,113.66,1182.48,20.868,9.0085,1.4764,50.302,4.0983,9.0716,1.3673,33.35,14.2335,15.9331,841.03,3887.35,4.0421
2021-12-14,1.403,5.6347,1.2813,0.91998,22.402,0.88425,0.75466,324.39,14307,75.94,113.58,1183.4,21.031,9.0614,1.4787,50.298,4.0941,9.091,1.3678,33.35,14.333,16.0243,842.6,4002.6,4.0515
2021-12-15,1.3997,5.7143,1.2872,0.92488,22.439,0.88794,0.75457,327.73,14354,76.39,113.88,1185.76,21.209,9.0817,1.4819,50.234,4.1087,9.1072,1.3679,33.4,14.7054,16.1584,850.63,3996.9,4.0413
2021-12-16,1.3862,5.6791,1.2777,0.92246,22.302,0.88215,0.74837,325.72,14349,76.217,114.12,1183.29,20.969,8.9501,1.4652,50.001,4.0824,9.0389,1.3634,33.45,15.5102,15.9775,845.83,4015.4,4.029
2021-12-17,1.3959,5.7059,1.2822,0.91871,22.29,0.88261,0.75206,324.42,14359,75.958,113.22,1185.14,20.783,8.9835,1.4773,49.974,4.0897,9.0691,1.3644,33.28,16.8716,15.8235,842.13,3970.92,4.0323
2021-12-20,1.4065,5.6967,1.2924,0.92327,22.384,0.88708,0.75583,325.28,14410,75.845,113.53,1191.7,20.794,9.0406,1.4883,49.903,4.1104,9.1378,1.3674,33.61,17.7797,15.814,870.61,4003.1,4.0478
2021-12-21,1.4024,5.717,1.2925,0.92227,22.346,0.88535,0.75502,325.81,14286,75.573,113.71,1191.14,20.777,8.9852,1.4808,49.924,4.1058,9.147,1.3647,33.66,13.0263,15.8499,871.05,3998.5,4.0444
2021-12-22,1.3944,5.7177,1.2909,0.9231,22.334,0.88488,0.75126,326.11,14249,75.577,114.22,1191.27,20.768,8.903,1.4754,50.236,4.0988,9.1059,1.3647,33.74,12.4519,15.8984,860.15,3996.59,4.0292
2021-12-23,1.3828,5.66,1.2829,0.92069,22.182,0.88417,0.74472,327.0,14184,75.225,114.4,1187.7,20.698,8.8517,1.4685,50.073,4.092,9.1101,1.3598,33.54,11.187,15.7179,858.23,3996.6,3.9928
2021-12-24,1.3824,5.6754,1.2814,0.91915,22.103,0.88363,0.74568,327.67,14188,75.002,114.39,1186.87,20.597,8.8401,1.4658,50.006,4.0815,9.1279,1.3557,33.43,11.6994,15.536,864.15,3987.6,4.001
2021-12-27,1.3866,5.6716,1.2844,0.91902,22.223,0.88402,0.74549,327.28,14217,74.973,114.74,1187.77,20.617,8.876,1.4728,50.239,4.0709,9.1275,1.3573,33.56,11.3242,15.5241,856.05,3996.6,3.9873
2021-12-28,1.377,5.6465,1.2785,0.91616,22.046,0.88253,0.74352,325.73,14233,74.689,114.87,1187.13,20.651,8.8013,1.4652,50.559,4.0652,9.0485,1.3534,33.49,11.7837,15.7191,853.87,4005.6,3.97
2021-12-29,1.3835,5.6466,1.2816,0.91834,22.081,0.88472,0.74418,327.54,14255,74.662,114.99,1186.46,20.573,8.8369,1.4708,50.953,4.073,9.0779,1.3544,33.52,12.521,15.8782,848.25,4034.46,3.9651
2021-12-30,1.3759,5.6233,1.2777,0.91433,21.984,0.8823,0.74052,326.58,14261,74.343,115.09,1188.95,20.507,8.7968,1.4598,51.04,4.0551,9.0381,1.3526,33.41,12.9861,15.8967,851.1,4065.0,3.9798
2021-12-31,1.3787,5.5713,1.2708,0.91215,21.948,0.88292,0.7419,325.97,14215,74.369,115.12,1188.75,20.434,8.8194,1.4638,51.0,4.0587,9.0502,1.349,33.245,13.45,15.9478,851.1,4065.41,3.985
2022-01-03,1.3819,5.5957,1.2699,0.91343,21.856,0.88067,0.74095,323.83,14269,74.32,114.98,1192.78,20.454,8.8078,1.4664,51.124,4.0418,9.0672,1.3503,33.17,13.2785,15.8222,851.15,4066.6,3.9737
2022-01-04,1.3904,5.6897,1.2751,0.91808,21.939,0.8866,0.74136,323.72,14363,74.661,116.3,1199.49,20.552,8.8783,1.4778,51.412,4.0489,9.115,1.3574,33.32,13.4218,16.0546,846.68,4076.8,3.9454
2022-01-05,1.3782,5.6671,1.2721,0.91563,21.717,0.88347,0.7381,319.95,14368,74.353,115.76,1196.76,20.445,8.8057,1.4663,50.988,4.0345,9.0595,1.3552,33.225,13.4682,15.8467,840.7,4022.1,3.9527
2022-01-06,1.3944,5.6933,1.2772,0.91869,21.677,0.88378,0.73878,318.02,14399,74.459,115.82,1203.76,20.552,8.8688,1.4805,51.209,4.0313,9.1264,1.36,33.55,13.7432,15.7253,836.85,4030.51,3.9552
2022-01-07,1.3988,5.6951,1.2723,0.92246,21.631,0.88511,0.73845,317.47,14328,74.332,115.86,1203.72,20.456,8.8766,1.4824,51.377,4.0269,9.1024,1.3592,33.7,13.9145,15.64,827.33,4047.06,3.919
2022-01-10,1.3937,5.652,1.2659,0.92295,21.521,0.88355,0.73686,316.66,14298,74.041,115.26,1197.81,20.375,8.8578,1.4802,51.37,4.0055,9.1039,1.3557,33.64,13.8879,15.6387,835.0,4047.06,3.9204
2022-01-11,1.3941,5.636,1.264,0.92643,21.535,0.88215,0.73637,315.32,14309,73.88,115.52,1193.41,20.368,8.836,1.4795,51.146,4.0083,9.0927,1.3534,33.4,13.8462,15.6223,827.65,3987.91,3.8954
2022-01-12,1.3863,5.5812,1.2543,0.92225,21.48,0.87951,0.73296,313.09,14332,73.905,115.38,1190.21,20.391,8.7309,1.4754,51.082,3.9894,9.0273,1.3507,33.365,13.7135,15.4481,822.97,3970.51,3.8842
2022-01-13,1.3704,5.5411,1.2478,0.91189,21.336,0.87237,0.72882,309.9,14289,73.907,114.26,1185.76,20.404,8.6655,1.4548,51.097,3.9572,8.9313,1.3458,33.22,13.5867,15.387,815.67,3963.41,3.8867
2022-01-14,1.3805,5.5352,1.2519,0.91107,21.397,0.87359,0.72952,311.09,14317,74.203,113.72,1189.19,20.327,8.7239,1.4628,51.303,3.9673,8.9704,1.3469,33.225,13.563,15.379,818.88,4003.26,3.8657
2022-01-17,1.3866,5.508,1.2529,0.91458,21.457,0.87696,0.7329,312.28,14328,74.305,114.57,1192.57,20.337,8.7366,1.4702,51.299,3.9688,9.0371,1.3482,33.115,13.3962,15.4354,821.68,4003.26,3.8697
2022-01-18,1.3929,5.5245,1.2517,0.91616,21.489,0.87974,0.7361,314.07,14356,74.611,114.71,1192.34,20.361,8.7655,1.4778,51.511,3.9817,9.0776,1.3503,33.109,13.5873,15.4305,817.08,4033.2,3.8594
2022-01-19,1.3847,5.5229,1.2467,0.9152,21.431,0.88145,0.73308,313.69,14353,74.403,114.46,1187.4,20.354,8.7587,1.4706,51.502,3.9867,9.1166,1.348,33.025,13.5925,15.3274,808.18,3990.36,3.8552
2022-01-20,1.3814,5.4349,1.2487,0.91568,21.4,0.88199,0.73439,313.82,14348,74.405,114.24,1189.95,20.434,8.7827,1.4757,51.407,3.9891,9.1469,1.346,32.915,13.4145,15.2171,801.93,3971.01,3.8253
2022-01-21,1.39,5.4691,1.2523,0.91232,21.455,0.88121,0.73698,315.64,14314,74.392,113.8,1191.3,20.464,8.8582,1.4878,51.261,3.9935,9.1769,1.3447,32.92,13.4147,15.1168,798.13,3952.44,3.83
2022-01-24,1.4036,5.476,1.2623,0.91189,21.699,0.88464,0.74136,318.33,14344,74.62,113.78,1196.4,20.574,8.9913,1.4951,51.349,4.0315,9.2921,1.3461,33.07,13.413,15.2609,806.53,3971.91,3.8404
2022-01-25,1.4034,5.5067,1.2644,0.91977,21.743,0.88747,0.74293,318.99,14350,74.796,114.03,1198.71,20.67,8.9976,1.5008,51.254,4.0603,9.3202,1.3451,33.085,13.5537,15.3238,798.98,3963.56,3.8365
2022-01-26,1.3946,5.4167,1.2568,0.92099,21.753,0.88676,0.74007,318.94,14352,74.869,114.27,1197.15,20.559,8.8778,1.4955,51.191,4.067,9.266,1.3445,32.96,13.5565,15.151,802.4,3924.22,3.825
2022-01-27,1.4132,5.3906,1.2689,0.93109,21.888,0.89606,0.74703,320.87,14384,75.081,115.36,1204.75,20.737,8.9519,1.5118,51.34,4.0853,9.3593,1.3521,33.265,13.6152,15.3326,804.42,3956.63,3.8274
2022-01-28,1.4339,5.4002,1.2784,0.93177,21.946,0.89783,0.74679,321.8,14408,75.058,115.53,1211.59,20.816,9.0016,1.5291,51.201,4.108,9.4739,1.3565,33.425,13.5953,15.6082,812.55,3951.63,3.8382
2022-01-31,1.4181,5.381,1.2758,0.93259,21.847,0.89638,0.74537,320.18,14375,74.731,115.44,1209.29,20.783,8.9714,1.5223,51.08,4.1137,9.4021,1.3544,33.295,13.3838,15.5731,799.9,3941.41,3.8368
2022-02-01,1.4092,5.2906,1.2699,0.92131,21.612,0.8881,0.74155,316.5,14321,74.778,114.67,1202.14,20.542,8.8488,1.5126,51.08,4.0679,9.2751,1.3498,33.195,13.3787,15.2427,801.75,3919.13,3.874
2022-02-02,1.3979,5.2704,1.2656,0.9184,21.459,0.88316,0.73651,313.04,14346,74.724,114.25,1200.42,20.501,8.7634,1.5023,51.033,4.0139,9.1716,1.3472,33.185,13.5133,15.3192,809.7,3928.64,3.8469
2022-02-03,1.4043,5.3024,1.2701,0.92212,21.385,0.88605,0.73727,313.61,14392,74.889,114.86,1203.63,20.588,8.8202,1.5064,51.044,4.0152,9.2034,1.3479,33.16,13.5608,15.3167,817.58,3950.06,3.846
2022-02-04,1.4101,5.3062,1.2721,0.92176,21.249,0.8723,0.7379,307.85,14387,74.703,114.9,1198.57,20.574,8.7651,1.5079,51.251,3.9667,9.1124,1.345,32.97,13.5269,15.3415,828.05,3946.18,3.8315
2022-02-07,1.4062,5.2888,1.2707,0.92347,21.16,0.87359,0.7398,308.8,14396,74.718,114.96,1198.36,20.595,8.7934,1.5094,51.523,3.9689,9.1275,1.3444,32.965,13.5612,15.4626,824.08,3959.23,3.8344
2022-02-08,1.4047,5.2778,1.2715,0.92435,21.265,0.87658,0.73951,309.51,14392,74.728,115.43,1199.05,20.652,8.8322,1.5074,51.468,3.9719,9.1544,1.3455,32.965,13.6359,15.4611,826.6,3941.63,3.8232
2022-02-09,1.3934,5.2644,1.2693,0.92304,21.24,0.87451,0.73682,308.65,14334,74.84,115.47,1194.33,20.526,8.7962,1.496,51.249,3.9471,9.1014,1.3423,32.71,13.5995,15.3285,811.8,3930.16,3.7922
2022-02-10,1.3895,5.2162,1.2674,0.92412,21.287,0.8742,0.7365,309.49,14328,75.129,115.76,1195.49,20.42,8.8026,1.4928,51.213,3.927,9.2032,1.3415,32.635,13.536,15.1305,804.9,3916.44,3.7253
2022-02-11,1.395,5.1908,1.2699,0.92467,21.376,0.87589,0.73538,309.52,14311,75.195,115.83,1194.43,20.424,8.823,1.4965,51.224,3.9594,9.2432,1.3435,32.655,13.4944,15.1297,806.48,3921.42,3.77
2022-02-14,1.4053,5.2108,1.2753,0.92542,21.675,0.8837,0.73984,315.54,14308,75.53,115.41,1196.98,20.443,8.8983,1.5122,51.356,4.012,9.3812,1.3474,32.52,13.5657,15.1387,812.93,3941.48,3.7866
2022-02-15,1.4004,5.1985,1.2722,0.92402,21.524,0.88145,0.73834,313.2,14269,75.311,115.63,1196.56,20.371,8.8932,1.5111,51.251,3.9697,9.3203,1.3455,32.37,13.6374,15.1403,800.2,3947.59,3.7918
2022-02-16,1.3946,5.1675,1.2677,0.92473,21.425,0.87935,0.73813,312.74,14275,75.088,115.69,1197.07,20.376,8.8898,1.5044,51.307,3.9537,9.2651,1.3446,32.335,13.6133,15.1372,797.3,3960.41,3.742
2022-02-17,1.3884,5.1447,1.2699,0.92049,21.445,0.87951,0.73433,313.18,14329,75.013,115.07,1196.75,20.261,8.9028,1.4908,51.288,3.9635,9.3166,1.3437,32.135,13.6275,14.9422,794.5,3930.35,3.715
2022-02-18,1.3875,5.1466,1.2704,0.92056,21.435,0.88075,0.73476,313.87,14360,74.555,115.02,1194.69,20.281,8.9365,1.4881,51.438,3.9811,9.3179,1.3436,32.09,13.6232,15.0483,800.5,3928.01,3.721
2022-02-21,1.3892,5.1195,1.2748,0.91612,21.472,0.88199,0.73468,315.35,14355,74.687,114.84,1193.35,20.281,8.9732,1.4879,51.42,3.9999,9.3963,1.3464,32.27,13.6434,15.161,797.79,3931.01,3.7482
2022-02-22,1.3877,5.0853,1.2732,0.91889,21.598,0.88168,0.73783,313.78,14366,74.731,115.09,1193.21,20.308,8.9065,1.4855,51.321,4.007,9.3454,1.3461,32.4,13.8387,15.1444,791.89,3926.01,3.7134
2022-02-23,1.3745,5.0078,1.2689,0.91952,21.574,0.88152,0.73575,314.92,14342,74.586,115.11,1190.26,20.194,8.8448,1.4703,51.111,4.0093,9.314,1.3446,32.265,13.8285,15.0307,790.2,3909.01,3.7182
2022-02-24,1.3968,5.0949,1.2825,0.92448,22.476,0.89582,0.74768,330.22,14399,75.517,114.92,1207.29,20.546,9.0368,1.4953,51.465,4.1704,9.6155,1.3549,32.71,14.3801,15.3753,815.7,3923.01,3.7928
2022-02-25,1.3856,5.1159,1.2772,0.92707,21.986,0.89158,0.74661,325.68,14345,75.205,115.58,1200.46,20.43,8.8941,1.4846,51.31,4.1342,9.4372,1.3531,32.49,13.8016,15.185,800.99,3909.55,3.7967
2022-02-28,1.3848,5.1637,1.2737,0.92294,22.321,0.89294,0.74605,330.14,14377,75.498,115.47,1203.34,20.449,8.8816,1.4848,51.283,4.1821,9.47,1.3574,32.675,13.7987,15.4356,798.0,3933.01,3.7728
2022-03-01,1.3765,5.1602,1.2684,0.91803,22.814,0.8959,0.74619,340.08,14364,75.703,114.81,1202.83,20.477,8.8334,1.4768,51.33,4.2956,9.5765,1.3573,32.705,13.932,15.4224,805.49,3879.01,3.776
2022-03-02,1.3751,5.1605,1.2685,0.91986,23.29,0.90041,0.75019,344.24,14389,75.797,115.33,1205.65,20.709,8.8984,1.477,51.509,4.3239,9.7137,1.3559,32.72,14.0717,15.4785,804.18,3830.18,3.7451
2022-03-03,1.3668,5.0597,1.2633,0.92019,23.144,0.90285,0.74732,341.86,14386,75.993,115.73,1204.59,20.67,8.8857,1.4743,51.727,4.3058,9.7226,1.3581,32.56,14.1655,15.24,795.15,3755.45,3.7278
2022-03-04,1.3608,5.0611,1.2752,0.92012,23.549,0.915,0.75385,353.68,14388,76.347,115.45,1218.99,20.82,8.9997,1.4645,51.985,4.4405,9.876,1.3608,32.735,14.2448,15.376,803.53,3826.01,3.751
2022-03-07,1.3539,5.0542,1.2725,0.92419,23.482,0.91785,0.75838,360.95,14397,76.925,115.24,1228.5,21.134,9.0248,1.4558,52.163,4.5457,9.9654,1.3613,32.92,14.3715,15.3236,811.58,3809.01,3.7197
2022-03-08,1.3745,5.0813,1.2833,0.9283,23.542,0.91811,0.76373,356.48,14359,77.047,115.71,1234.59,21.38,8.9905,1.4651,52.24,4.5082,9.9893,1.3639,33.195,14.5229,15.337,809.37,3767.06,3.7378
2022-03-09,1.3637,5.0215,1.2834,0.92768,23.073,0.90967,0.76021,345.37,14291,76.594,115.81,1234.49,21.117,8.9129,1.4605,52.087,4.3842,9.7644,1.3614,33.045,14.6751,15.1515,803.9,3739.01,3.7269
2022-03-10,1.3631,5.0485,1.2801,0.92656,22.84,0.9022,0.75943,344.31,14277,76.335,115.97,1227.43,21.035,8.9489,1.4602,52.17,4.3521,9.6601,1.3585,33.12,14.9531,15.0906,801.4,3818.01,3.7078
2022-03-11,1.3664,5.0116,1.2761,0.93085,22.942,0.90992,0.76406,346.61,14283,76.424,116.89,1232.07,20.884,8.9202,1.4607,52.285,4.3512,9.687,1.3602,33.25,14.7911,15.0042,805.43,3816.01,3.6988
2022-03-14,1.3811,5.0443,1.2754,0.93513,22.71,0.91241,0.76565,341.13,14306,76.578,117.97,1238.84,20.831,8.9953,1.4717,52.37,4.3082,9.6139,1.3638,33.385,14.781,15.0574,813.05,3793.61,3.7178
2022-03-15,1.386,5.1301,1.2828,0.93913,22.625,0.90984,0.76474,337.92,14294,76.39,117.98,1242.88,20.867,8.961,1.4754,52.348,4.3085,9.5769,1.3641,33.52,14.6454,15.1259,808.9,3825.01,3.7337
2022-03-16,1.3794,5.1413,1.2704,0.94015,22.455,0.90959,0.76394,337.62,14271,76.205,118.29,1231.37,20.788,8.9129,1.4706,52.24,4.2537,9.4784,1.3613,33.365,14.7156,15.0604,797.13,3831.01,3.7188
2022-03-17,1.3623,5.0981,1.2667,0.93973,22.421,0.9049,0.76296,336.67,14330,75.866,118.79,1212.58,20.621,8.8499,1.4596,52.203,4.243,9.4564,1.3555,33.27,14.7609,14.9567,798.58,3821.01,3.7387
2022-03-18,1.3576,5.0676,1.2637,0.93695,22.563,0.90843,0.7624,340.96,14337,76.108,119.37,1214.85,20.521,8.8063,1.4559,52.346,4.2819,9.4752,1.3583,33.38,14.8123,15.0206,802.53,3814.76,3.7808
2022-03-21,1.3496,4.9846,1.2591,0.93115,22.362,0.90596,0.75897,339.26,14339,76.264,119.2,1216.36,20.366,8.7493,1.4493,52.38,4.2544,9.43,1.3553,33.555,14.8372,14.907,792.78,3796.01,3.7827
2022-03-22,1.3427,4.9079,1.2579,0.93206,22.387,0.90711,0.75497,336.75,14340,76.116,120.61,1218.99,20.289,8.7294,1.4387,52.385,4.2499,9.4178,1.3568,33.455,14.8251,14.8249,792.03,3756.52,3.7758
2022-03-23,1.3407,4.907,1.2599,0.93482,22.399,0.91033,0.75812,338.87,14376,76.441,120.76,1217.81,20.208,8.7779,1.4403,52.403,4.2833,9.4679,1.3581,33.65,14.8482,14.793,791.63,3779.51,3.7654
2022-03-24,1.3361,4.833,1.2576,0.93141,22.518,0.91091,0.75868,341.08,14372,76.407,121.8,1222.93,20.201,8.6467,1.4403,52.31,4.3196,9.433,1.3584,33.555,14.8403,14.7092,788.36,3783.01,3.7349
2022-03-25,1.3292,4.784,1.2526,0.92774,22.4,0.90893,0.75786,339.77,14341,76.186,121.86,1220.98,19.9882,8.6534,1.4349,52.101,4.2999,9.4078,1.356,33.545,14.8431,14.5779,777.18,3790.66,3.7348
2022-03-28,1.3305,4.7541,1.2495,0.93535,22.479,0.91191,0.76275,341.17,14352,76.126,123.96,1224.23,20.047,8.6744,1.4443,52.052,4.3024,9.5044,1.3607,33.765,14.8413,14.5837,777.75,3781.21,3.7287
2022-03-29,1.3347,4.7302,1.2512,0.93478,22.069,0.90212,0.76175,333.6,14340,75.751,123.28,1213.91,19.9874,8.6599,1.4483,51.964,4.2033,9.318,1.3578,33.64,14.7294,14.5967,779.38,3751.16,3.7228
2022-03-30,1.331,4.7464,1.2485,0.92657,21.976,0.8988,0.76005,330.87,14342,75.84,121.76,1210.65,19.9137,8.6642,1.4333,52.046,4.1955,9.3024,1.3539,33.385,14.677,14.4965,788.08,3748.52,3.7075
2022-03-31,1.3358,4.7752,1.2518,0.92487,21.957,0.90082,0.76205,333.1,14365,75.786,121.76,1213.74,19.8991,8.7479,1.4426,51.81,4.1916,9.3118,1.3538,33.25,14.6674,14.5687,785.88,3767.82,3.6758
2022-04-01,1.3297,4.722,1.2491,0.92445,22.056,0.90481,0.76136,333.08,14376,75.986,122.47,1217.53,19.8236,8.743,1.4396,51.65,4.1984,9.3485,1.3559,33.425,14.6952,14.6295,782.47,3743.87,3.6369
2022-04-04,1.3313,4.649,1.2493,0.92712,22.099,0.90868,0.76229,335.44,14343,75.529,122.74,1216.18,19.8274,8.6769,1.4412,51.359,4.214,9.4365,1.3574,33.525,14.7051,14.6258,778.5,3699.32,3.6278
2022-04-05,1.3104,4.5933,1.2441,0.92451,22.188,0.91166,0.76115,338.16,14343,75.34,122.86,1213.25,19.8259,8.6971,1.4274,51.23,4.2178,9.353,1.3554,33.455,14.7233,14.5436,786.66,3735.77,3.6957
2022-04-06,1.3212,4.6687,1.2494,0.93262,22.376,0.9155,0.76419,345.85,14358,75.831,123.87,1218.02,20.027,8.7451,1.439,51.421,4.2413,9.4164,1.359,33.6,14.7394,14.6419,799.16,3746.82,3.717
2022-04-07,1.3355,4.7142,1.2554,0.93303,22.455,0.91609,0.76447,347.43,14375,75.989,123.96,1219.24,20.136,8.7573,1.4489,51.405,4.2479,9.4476,1.3602,33.475,14.7425,14.705,805.22,3764.27,3.7107
2022-04-08,1.3398,4.7494,1.2591,0.935,22.538,0.92073,0.76747,345.88,14365,75.859,124.18,1227.44,20.139,8.7543,1.4593,51.551,4.2756,9.4621,1.3628,33.595,14.7534,14.7287,813.9,3751.82,3.7098
2022-04-11,1.3444,4.7294,1.2604,0.93394,22.412,0.91743,0.76783,347.04,14365,75.881,125.7,1234.16,20.06,8.7594,1.4622,52.067,4.262,9.4613,1.3646,33.59,14.7234,14.5988,816.15,3733.82,3.71
2022-04-12,1.3442,4.6905,1.2636,0.93279,22.512,0.92073,0.76839,347.83,14373,76.172,125.49,1229.62,19.8527,8.7833,1.4616,52.089,4.2862,9.5129,1.363,33.635,14.69,14.5926,806.4,3748.15,3.7206
2022-04-13,1.3489,4.66,1.2655,0.93442,22.585,0.9237,0.76926,349.58,14363,76.187,125.86,1227.11,19.7829,8.8392,1.4771,52.139,4.2909,9.544,1.3642,33.535,14.5938,14.4855,804.75,3719.01,3.7327
2022-04-14,1.3433,4.7091,1.256,0.93666,22.449,0.91929,0.76216,346.18,14360,76.126,125.32,1226.98,19.8511,8.762,1.4669,52.178,4.2727,9.4694,1.3543,33.66,14.6209,14.6471,814.3,3739.01,3.7284
2022-04-19,1.3573,4.6525,1.2618,0.94492,22.609,0.92567,0.76789,346.31,14346,76.46,128.11,1239.9,19.876,8.815,1.4826,52.47,4.3093,9.5722,1.3666,33.755,14.6641,14.8478,819.3,3745.5,3.7068
2022-04-20,1.3464,4.6612,1.2538,0.94681,22.538,0.92336,0.76607,342.9,14346,76.297,127.91,1235.36,19.9806,8.8128,1.4728,52.398,4.2787,9.446,1.3646,33.765,14.6715,15.0525,813.35,3755.41,3.7127
2022-04-21,1.3459,4.6224,1.2492,0.9493,22.394,0.91853,0.76718,340.41,14351,76.201,128.24,1238.48,20.101,8.7984,1.4745,52.43,4.2528,9.4198,1.3613,33.885,14.6949,15.2472,823.75,3770.01,3.7353
2022-04-22,1.3697,4.708,1.2678,0.95553,22.483,0.92447,0.77586,342.38,14425,76.444,128.34,1242.53,20.341,8.8985,1.497,52.437,4.2836,9.5017,1.3667,33.95,14.7403,15.5914,836.15,3852.01,3.7639
2022-04-25,1.3933,4.8346,1.2757,0.95543,22.723,0.93058,0.78476,348.11,14456,76.605,128.17,1251.15,20.379,9.0283,1.5113,52.353,4.3177,9.6293,1.3733,34.005,14.7627,15.6848,843.53,3929.45,3.8027
2022-04-26,1.3892,4.9176,1.2753,0.95831,22.881,0.93686,0.78822,350.82,14396,76.569,127.55,1255.41,20.287,9.1758,1.5085,52.165,4.3532,9.7372,1.374,34.285,14.7971,15.7192,845.53,3937.65,3.8228
2022-04-27,1.4011,5.0123,1.2824,0.96655,23.198,0.94491,0.79576,358.82,14419,76.604,128.1,1268.05,20.435,9.2448,1.523,52.154,4.4451,9.8304,1.3798,34.33,14.8216,15.9129,845.57,3947.95,3.8257
2022-04-28,1.4129,5.0038,1.2874,0.97434,23.392,0.95374,0.80448,359.62,14518,76.652,130.79,1275.94,20.461,9.4411,1.5471,52.308,4.4722,9.8802,1.3883,34.48,14.8175,15.9725,856.63,3977.9,3.8398
2022-04-29,1.3946,4.8964,1.2738,0.97049,23.344,0.94877,0.79609,359.31,14518,76.509,129.99,1258.74,20.321,9.2528,1.5293,52.372,4.4383,9.7683,1.38,34.18,14.8373,15.7944,850.13,3950.95,3.8347
2022-05-02,1.417,4.9867,1.2885,0.97425,23.443,0.95021,0.79637,359.66,14532,76.492,129.83,1267.3,20.407,9.4306,1.5547,52.479,4.4517,9.8855,1.3859,34.405,14.8895,15.9049,859.88,4002.93,3.8323
2022-05-03,1.4044,5.0344,1.2855,0.9731,23.363,0.94733,0.79699,362.02,14483,76.582,129.84,1265.29,20.369,9.3871,1.5504,52.534,4.4453,9.8501,1.3836,34.47,14.8675,15.9438,854.9,4022.95,3.815
2022-05-04,1.4035,4.9758,1.2817,0.98034,23.401,0.94958,0.79949,358.51,14435,76.346,129.94,1264.31,20.221,9.4048,1.5509,52.474,4.4511,9.8726,1.3825,34.315,14.7915,15.8094,852.9,4061.2,3.7598
2022-05-05,1.3881,4.9387,1.2758,0.97984,23.283,0.94625,0.80611,358.3,14431,76.287,129.81,1259.36,20.067,9.3171,1.5398,52.388,4.4164,9.8172,1.3778,34.09,14.861,15.6947,860.23,4081.2,3.7887
2022-05-06,1.4085,5.0315,1.2829,0.98571,23.335,0.94607,0.81008,360.9,14486,76.916,130.46,1271.43,20.204,9.4426,1.5553,52.476,4.4492,9.9041,1.3852,34.345,14.9553,16.0467,858.44,4050.7,3.806
2022-05-09,1.4251,5.1445,1.2933,0.99081,23.729,0.94706,0.80723,362.94,14554,77.413,130.79,1274.25,20.299,9.5258,1.5706,52.723,4.4498,10.0216,1.3899,34.565,15.0527,16.2262,868.21,4083.95,3.8197
2022-05-10,1.4366,5.1385,1.2987,0.99289,23.701,0.94751,0.81102,360.2,14543,77.26,130.17,1275.88,20.345,9.6944,1.583,52.387,4.4308,10.0507,1.3897,34.535,15.2438,16.1124,866.3,4070.95,3.7781
2022-05-11,1.4266,5.1037,1.2968,0.98986,24.036,0.9476,0.80918,359.26,14507,77.22,129.89,1273.56,20.266,9.6459,1.5773,52.11,4.4134,9.9744,1.3856,34.58,15.337,16.0405,861.58,4076.7,3.7847
2022-05-12,1.4569,5.2038,1.3037,0.99702,23.948,0.9608,0.81949,367.22,14658,77.508,128.6,1289.37,20.42,9.8864,1.6038,52.449,4.485,10.1507,1.3959,34.733,15.3855,16.2189,865.11,4102.93,3.7598
2022-05-13,1.4508,5.1232,1.3004,1.0,23.823,0.96293,0.8196,370.73,14631,77.448,128.95,1281.49,20.21,9.826,1.6016,52.43,4.5145,10.1016,1.3962,34.77,15.473,16.1569,858.75,4103.45,3.7752
2022-05-16,1.4447,5.068,1.2927,1.0055,23.709,0.95951,0.81601,370.23,14675,77.797,129.54,1283.73,20.084,9.805,1.5929,52.49,4.4785,10.0727,1.3943,34.805,15.6516,16.2344,857.09,4047.95,3.7668
2022-05-17,1.4224,4.992,1.2823,0.99203,23.444,0.94868,0.80068,366.47,14641,77.459,129.32,1265.21,19.9478,9.6556,1.5711,52.307,4.4102,9.9035,1.384,34.495,15.7506,15.9795,850.31,4023.45,3.7607
2022-05-18,1.4235,4.9391,1.2818,0.99648,23.422,0.9503,0.80462,363.85,14678,77.592,129.01,1266.52,19.8803,9.7049,1.5726,52.34,4.4135,9.9473,1.3872,34.59,15.9471,15.8997,854.04,4065.91,3.7718
2022-05-19,1.4286,4.9495,1.2817,0.9753,23.468,0.95012,0.80502,366.58,14648,77.634,127.75,1276.21,19.9563,9.7959,1.5725,52.39,4.4107,9.9856,1.3849,34.53,15.9655,15.9919,837.0,4047.67,3.7297
2022-05-20,1.4163,4.9153,1.2788,0.97192,23.324,0.94545,0.80193,362.04,14656,77.678,127.96,1267.45,19.8837,9.7022,1.5617,52.171,4.3836,9.9192,1.3792,34.305,15.9025,15.8014,835.95,3964.95,3.7278
2022-05-23,1.4056,4.8431,1.2784,0.96726,23.073,0.93817,0.79541,358.05,14644,77.568,127.64,1261.08,19.8208,9.6182,1.5445,52.243,4.3353,9.8431,1.3734,34.159,15.8244,15.7085,829.93,3964.47,3.713
2022-05-24,1.4134,4.8314,1.2793,0.96399,23.007,0.93284,0.79991,357.58,14657,77.593,127.32,1262.73,19.819,9.5979,1.5537,52.381,4.2924,9.796,1.3733,34.15,16.0981,15.6543,829.86,3969.28,3.6961
2022-05-25,1.4195,4.8551,1.2875,0.96368,23.131,0.93844,0.80044,364.35,14628,77.581,127.01,1271.22,19.9146,9.6381,1.5521,52.353,4.3365,9.8929,1.3773,34.3,16.3245,15.7309,831.55,3930.55,3.6797
2022-05-26,1.4125,4.837,1.2821,0.9613,23.068,0.93484,0.7953,366.2,14611,77.601,127.09,1264.55,19.813,9.6022,1.5463,52.328,4.308,9.9077,1.3751,34.205,16.4147,15.828,823.27,3914.95,3.6563
2022-05-27,1.3985,4.7528,1.2741,0.95672,23.037,0.93266,0.7916,366.38,14535,77.588,126.89,1253.15,19.7127,9.4936,1.532,52.248,4.277,9.8203,1.3691,34.125,16.3981,15.6184,825.95,3926.45,3.6707
2022-05-30,1.3919,4.7035,1.2678,0.9594,22.958,0.92902,0.79106,364.34,14569,77.555,127.51,1237.14,19.4156,9.4069,1.5272,52.324,4.26,9.7715,1.3674,34.095,16.3894,15.4664,829.94,3792.95,3.6747
2022-05-31,1.3939,4.7573,1.267,0.95968,23.069,0.93345,0.79472,369.83,14543,77.691,128.22,1240.85,19.5902,9.4262,1.5364,52.574,4.2756,9.8061,1.371,34.305,16.4116,15.6305,823.38,3760.6,3.7097
2022-06-01,1.3873,4.728,1.2636,0.96201,23.103,0.93353,0.79498,368.77,14539,77.53,129.46,1242.94,19.6677,9.3762,1.5349,52.448,4.2861,9.7795,1.3723,34.355,16.451,15.505,822.92,3797.02,3.7253
2022-06-02,1.3869,4.8013,1.2645,0.95997,23.103,0.93528,0.79681,369.34,14480,77.553,129.74,1247.72,19.625,9.4318,1.5351,52.812,4.2824,9.7928,1.375,34.375,16.4773,15.539,812.54,3764.6,3.6923
2022-06-03,1.3798,4.813,1.2567,0.95955,23.027,0.93197,0.79609,367.92,14444,77.605,130.09,1246.41,19.5573,9.4157,1.5293,52.878,4.2829,9.7473,1.3738,34.275,16.5312,15.4849,811.12,3766.1,3.6966
2022-06-06,1.3837,4.7535,1.2552,0.96215,23.042,0.93231,0.79634,361.78,14418,77.606,130.67,1250.35,19.4928,9.4027,1.5316,52.834,4.2707,9.7445,1.3735,34.285,16.5915,15.3032,822.05,3783.6,3.7259
2022-06-07,1.396,4.8074,1.2603,0.97758,23.203,0.93791,0.80065,365.16,14455,77.725,132.86,1257.5,19.5498,9.552,1.5552,52.918,4.2968,9.8517,1.3773,34.485,16.7606,15.3873,828.48,3777.6,3.7385
2022-06-08,1.389,4.8838,1.254,0.97644,22.928,0.93119,0.79686,364.33,14506,77.67,134.02,1256.49,19.5977,9.4418,1.5499,52.89,4.2553,9.7717,1.3753,34.525,17.1832,15.3297,821.2,3795.6,3.7543
2022-06-09,1.3949,4.8875,1.2572,0.97692,22.981,0.93084,0.79729,369.03,14564,77.753,133.98,1255.69,19.5709,9.4776,1.552,52.939,4.2749,9.778,1.3757,34.515,17.2302,15.278,825.76,3842.5,3.7433
2022-06-10,1.4034,4.8892,1.2747,0.98355,23.355,0.94536,0.80401,376.71,14552,77.841,133.95,1270.8,19.6899,9.5949,1.5581,53.036,4.3537,9.9504,1.3821,34.765,17.0274,15.6182,843.8,3935.0,3.7542
2022-06-13,1.4345,5.0488,1.285,0.99235,23.648,0.95648,0.82114,381.92,14707,78.058,134.4,1291.18,20.287,9.873,1.5911,53.295,4.4355,10.154,1.3905,34.84,17.264,16.0756,861.99,3961.6,3.7651
2022-06-14,1.4518,5.1023,1.2937,0.99445,23.679,0.95675,0.82834,381.44,14734,78.033,134.54,1288.48,20.554,9.945,1.603,53.262,4.4549,10.1626,1.3912,34.985,17.279,16.0696,868.1,3959.5,3.7446
2022-06-15,1.4429,5.0967,1.294,1.0004,23.682,0.95868,0.82761,381.52,14727,78.142,134.69,1291.21,20.589,9.9576,1.6016,53.329,4.4761,10.1887,1.3919,35.02,17.3008,16.0206,856.08,3883.5,3.7044
2022-06-16,1.4364,5.0538,1.2929,0.97519,23.79,0.96154,0.8226,382.79,14834,78.067,132.92,1295.08,20.588,10.0565,1.5969,53.558,4.5325,10.2829,1.3895,35.16,17.3198,15.9665,864.86,3890.95,3.6972
2022-06-17,1.4342,5.1329,1.2999,0.96367,23.595,0.95365,0.81537,381.97,14817,78.076,134.67,1293.41,20.453,9.9681,1.5832,53.758,4.4825,10.18,1.3873,35.26,17.3083,15.9387,875.86,3897.94,3.7082
2022-06-20,1.4321,5.1457,1.299,0.96625,23.512,0.95084,0.81533,378.29,14824,77.959,134.96,1290.81,20.255,9.8968,1.5735,54.076,4.4233,10.1146,1.3872,35.33,17.328,16.0315,882.1,3897.94,3.712
2022-06-21,1.4386,5.1583,1.2948,0.96815,23.403,0.94787,0.81526,375.81,14825,78.123,136.26,1293.92,20.14,9.7899,1.5806,54.317,4.4014,10.091,1.385,35.35,17.3506,15.9129,878.0,4010.75,3.7089
2022-06-22,1.4499,5.1658,1.2984,0.96502,23.488,0.95048,0.81632,376.39,14846,78.329,136.02,1301.48,20.102,9.9843,1.6001,54.343,4.4582,10.1405,1.3891,35.435,17.351,15.9666,888.88,4011.11,3.7124
2022-06-23,1.4497,5.1954,1.2961,0.96541,23.587,0.95302,0.81786,380.83,14862,78.29,135.43,1302.97,20.101,9.9828,1.5928,54.741,4.4873,10.202,1.3904,35.51,17.3639,16.0269,902.65,4096.13,3.7497
2022-06-24,1.4489,5.212,1.2977,0.95705,23.5,0.95021,0.81502,381.36,14856,78.297,135.11,1296.17,19.9449,9.915,1.5898,54.951,4.4682,10.1615,1.3892,35.5,17.3751,15.8815,916.77,4131.1,3.7685
2022-06-27,1.4451,5.2446,1.2901,0.95942,23.386,0.94589,0.81536,380.84,14789,78.443,135.5,1284.22,19.9026,9.8449,1.5892,54.767,4.4448,10.0939,1.3849,35.34,16.5337,15.8879,920.14,4123.6,3.7622
2022-06-28,1.4402,5.237,1.2844,0.95644,23.413,0.94688,0.81763,377.38,14838,78.979,136.04,1289.41,19.9678,9.7879,1.5928,54.777,4.4413,10.0883,1.3867,35.18,16.6548,16.0091,910.35,4086.6,3.776
2022-06-29,1.4506,5.2451,1.2849,0.95132,23.523,0.95084,0.82211,374.9,14845,78.958,136.47,1296.97,20.099,9.7998,1.6042,54.933,4.4565,10.1596,1.3889,35.11,16.6395,16.0973,926.35,4107.6,3.7719
2022-06-30,1.4536,5.2209,1.2925,0.95889,23.817,0.96274,0.82623,382.25,14973,79.051,136.27,1301.24,20.183,9.9629,1.6083,55.021,4.5156,10.3302,1.3943,35.385,16.6766,16.3804,917.89,4141.97,3.8141
2022-07-01,1.4755,5.287,1.2942,0.96182,23.744,0.95923,0.83116,384.76,14985,79.012,135.3,1297.44,20.254,9.9425,1.6239,55.11,4.5245,10.3389,1.3971,35.67,16.749,16.4339,931.89,4195.65,3.832
2022-07-04,1.4543,5.3241,1.285,0.96002,23.668,0.95648,0.82219,384.05,15001,78.919,135.35,1294.5,20.275,9.8477,1.6019,54.985,4.505,10.2973,1.3952,35.675,16.8335,16.2865,928.06,4195.65,3.815
2022-07-05,1.4752,5.3587,1.2987,0.96521,24.053,0.97182,0.83426,395.9,15052,79.368,135.83,1310.95,20.425,9.9951,1.6299,55.402,4.6111,10.4986,1.4048,35.84,17.0116,16.4376,952.85,4270.6,3.8464
2022-07-06,1.4701,5.4157,1.3043,0.97239,24.347,0.98261,0.84186,404.64,15021,79.129,135.31,1308.53,20.653,10.1015,1.6218,55.791,4.688,10.5581,1.4056,36.14,17.2453,16.7285,969.55,4344.1,3.8502
2022-07-07,1.462,5.4011,1.2993,0.97308,24.341,0.98232,0.836,402.79,14995,79.175,135.67,1301.24,20.597,10.109,1.617,55.932,4.6877,10.5334,1.4003,36.09,17.2447,16.736,951.33,4385.6,
2022-07-08,1.4632,5.3473,1.2989,0.9754,24.219,0.98396,0.83228,396.0,14967,79.238,135.84,1300.41,20.514,10.0984,1.62,55.97,4.6866,10.4954,1.4,36.015,17.3203,16.9165,972.73,4411.1,3.8192
2022-07-11,1.4765,5.3152,1.3012,0.98118,24.353,0.9903,0.8372,404.26,14985,79.461,137.42,1307.55,20.582,10.199,1.6306,56.025,4.7502,10.5905,1.404,36.23,17.3744,16.9968,991.79,4568.74,3.9473
2022-07-12,1.4838,5.3783,1.3039,0.98417,24.479,0.99582,0.84468,408.27,14991,79.562,136.74,1309.6,20.801,10.2324,1.6326,56.411,4.7988,10.5845,1.4068,36.24,17.3663,17.0792,1019.2,4622.04,3.9543
2022-07-13,1.4703,5.417,1.2986,0.97636,24.235,0.99334,0.83809,406.63,15016,79.597,137.1,1302.67,20.764,10.1746,1.6241,56.292,4.7919,10.5314,1.404,36.135,17.446,16.9392,1008.8,4480.6,3.9543
2022-07-14,1.4886,5.4559,1.3155,0.98361,24.405,0.9995,0.84518,408.58,15112,80.04,138.97,1321.63,20.948,10.2485,1.6429,56.537,4.8122,10.5966,1.4058,36.614,17.4853,17.1934,1049.3,4482.6,3.8911
2022-07-15,1.4799,5.4115,1.307,0.97912,24.417,0.99413,0.8449,401.36,14994,79.849,138.67,1325.97,20.798,10.216,1.6281,56.346,4.7672,10.5322,1.403,36.65,17.4422,17.1861,972.4,4349.6,3.8923
2022-07-18,1.4647,5.38,1.2981,0.97828,24.191,0.98707,0.83613,396.85,14962,79.982,138.35,1316.09,20.442,10.1227,1.622,56.318,4.7142,10.3904,1.397,36.65,17.4933,17.1582,944.08,4304.07,3.8909
2022-07-19,1.4513,5.4128,1.2947,0.96808,23.968,0.97609,0.83263,387.95,14977,79.941,137.64,1308.28,20.356,9.9327,1.6062,56.206,4.646,10.2454,1.3928,36.595,17.5871,17.0395,926.05,4313.2,3.8612
2022-07-20,1.4479,5.4346,1.2876,0.97029,24.015,0.98049,0.83516,391.71,14978,80.01,138.17,1311.51,20.489,9.9346,1.599,56.278,4.6887,10.2565,1.3927,36.675,17.5943,17.053,926.03,4344.25,3.8771
2022-07-21,1.4558,5.4689,1.2921,0.97304,24.018,0.98049,0.83876,392.32,15043,79.861,138.7,1311.37,20.532,9.9765,1.6157,56.39,4.6681,10.2226,1.3941,36.925,17.6809,17.1777,928.37,4414.8,3.9029
2022-07-22,1.4403,5.478,1.2861,0.96487,24.057,0.98135,0.83553,390.87,14991,79.863,136.91,1310.76,20.569,9.9605,1.5962,56.173,4.6622,10.2383,1.3887,36.695,17.7566,16.8802,950.11,4453.25,3.9025
2022-07-25,1.4368,5.4685,1.2864,0.96415,23.969,0.97694,0.82858,387.36,14951,79.787,136.62,1310.33,20.455,9.8382,1.5949,55.89,4.5995,10.1576,1.3849,36.66,17.8442,16.7548,936.9,4456.05,3.9023
2022-07-26,1.4426,5.377,1.2875,0.96454,24.306,0.98775,0.83522,396.08,14999,79.81,136.66,1310.4,20.529,9.8879,1.6036,55.472,4.6839,10.3166,1.3894,36.725,17.8492,16.8777,924.45,4432.25,3.9082
2022-07-27,1.4401,5.323,1.2854,0.96217,24.207,0.98503,0.82878,398.61,14985,79.925,136.81,1314.02,20.442,9.8067,1.6062,55.61,4.726,10.298,1.3877,36.84,17.9136,16.8782,914.48,4415.6,3.9097
2022-07-28,1.436,5.2658,1.2829,0.96275,24.312,0.98795,0.82579,402.39,14926,79.678,135.61,1304.53,20.427,9.779,1.5977,55.91,4.7331,10.3231,1.384,36.65,17.923,16.7962,907.9,4361.6,3.9208
2022-07-29,1.4362,5.1715,1.2846,0.95548,24.132,0.98058,0.82359,396.94,14862,79.31,133.77,1303.59,20.273,9.6855,1.5967,55.28,4.6455,10.1858,1.3814,36.26,17.8929,16.5353,900.65,4277.6,3.9158
2022-08-01,1.4204,5.1523,1.2778,0.94957,24.067,0.97723,0.81794,392.21,14857,79.087,132.3,1302.94,20.291,9.6392,1.5792,55.442,4.6262,10.1308,1.3766,36.135,17.9297,16.4774,891.25,4268.1,3.8707
2022-08-02,1.4422,5.201,1.2862,0.95305,24.104,0.97809,0.81832,388.13,14872,78.56,130.97,1309.82,20.493,9.7129,1.5898,55.589,4.6032,10.1717,1.3794,36.105,17.9542,16.6099,909.34,4314.6,3.9157
2022-08-03,1.4402,5.2528,1.2836,0.9587,24.181,0.98097,0.82037,387.51,14895,79.154,133.59,1310.6,20.678,9.6864,1.5956,55.773,4.6017,10.1935,1.3801,36.26,17.9627,16.8023,911.17,4296.2,3.8984
2022-08-04,1.4347,5.2661,1.2838,0.95914,24.221,0.98222,0.82734,388.94,14931,79.334,133.4,1309.99,20.387,9.7304,1.5884,55.626,4.6393,10.1896,1.3787,35.955,17.967,16.7323,901.95,4285.6,3.879
2022-08-05,1.4378,5.2133,1.2885,0.95534,24.021,0.97723,0.82349,384.81,14889,79.205,133.12,1294.37,20.363,9.7547,1.5878,55.237,4.6013,10.1215,1.3756,35.545,17.9667,16.6463,917.69,4335.7,3.9012
2022-08-08,1.4322,5.1358,1.2878,0.95725,24.037,0.98049,0.82523,386.58,14852,79.586,134.93,1303.98,20.277,9.7465,1.5886,55.451,4.6125,10.1628,1.3784,35.67,17.9601,16.6383,905.45,4306.96,3.9113
2022-08-09,1.4351,5.1278,1.2862,0.95398,23.971,0.97714,0.82587,388.26,14850,79.549,135.1,1306.18,20.24,9.7093,1.5931,55.637,4.6008,10.15,1.3787,35.435,17.915,16.6602,903.3,4344.13,3.9173
2022-08-10,1.4321,5.1219,1.2882,0.94742,23.797,0.97542,0.82528,387.88,14845,79.467,134.76,1311.12,20.204,9.6682,1.5813,55.658,4.5906,10.1222,1.376,35.525,17.9574,16.4639,886.2,4268.13,3.876
2022-08-11,1.4057,5.0732,1.277,0.93945,23.55,0.96731,0.8181,381.29,14719,79.59,132.1,1300.66,19.9652,9.4835,1.552,55.354,4.5297,10.0213,1.3688,35.155,17.9603,16.162,883.53,4225.13,3.8607
2022-08-12,1.4094,5.1538,1.2784,0.94205,23.704,0.97229,0.82368,381.43,14685,79.718,133.66,1305.39,19.9242,9.5411,1.5542,55.66,4.5477,10.1619,1.3715,35.385,17.9614,16.2682,874.93,4156.13,3.864
2022-08-15,1.4231,5.1268,1.2915,0.94468,23.992,0.98087,0.82761,390.98,14754,79.51,133.02,1310.79,20.001,9.6822,1.5696,56.029,4.5962,10.2972,1.3768,35.525,17.964,16.4174,880.18,4157.13,3.8446
2022-08-16,1.4276,5.1165,1.2907,0.95005,24.223,0.98707,0.83129,400.95,14775,79.331,134.35,1312.47,19.8993,9.7155,1.5805,55.87,4.6435,10.4003,1.3799,35.465,17.9641,16.4402,881.05,4244.29,3.8404
2022-08-17,1.4419,5.1985,1.2905,0.95297,24.17,0.98386,0.82849,397.76,14774,79.457,135.14,1315.45,20.053,9.684,1.5904,55.856,4.6318,10.3913,1.3824,35.47,17.9622,16.6396,897.15,4338.09,3.8274
2022-08-18,1.4361,5.1411,1.2889,0.95137,24.181,0.98251,0.82915,398.04,14829,79.623,134.77,1321.29,19.9578,9.6564,1.5863,55.783,4.6414,10.4051,1.3807,35.62,18.0875,16.7031,928.4,4383.54,3.8304
2022-08-19,1.4506,5.2053,1.2992,0.95644,24.493,0.99463,0.84482,405.16,14872,79.869,136.93,1336.17,20.218,9.7889,1.6116,56.022,4.7255,10.5525,1.3904,35.795,18.105,17.0089,944.05,4369.95,3.8512
2022-08-22,1.4477,5.1747,1.2988,0.9579,24.649,0.9999,0.8465,407.96,14894,79.854,137.07,1344.08,20.156,9.7709,1.6123,56.212,4.7635,10.6489,1.3957,36.095,18.125,17.0749,940.46,4392.93,3.8689
2022-08-23,1.4543,5.1359,1.3023,0.96726,24.839,1.0074,0.84963,413.57,14851,79.863,137.34,1341.9,20.062,9.8155,1.6189,56.07,4.8139,10.6843,1.3962,36.12,18.1152,17.0815,915.51,4350.95,3.849
2022-08-24,1.4485,5.0942,1.2994,0.96396,24.793,1.0066,0.84843,413.66,14856,79.828,136.64,1341.7,19.9095,9.7,1.6172,56.07,4.7985,10.6563,1.3949,36.145,18.156,17.0099,920.05,4403.95,3.8557
2022-08-25,1.4349,5.1032,1.292,0.96449,24.722,1.003,0.84547,410.16,14797,79.896,136.48,1335.99,19.8728,9.669,1.6054,56.01,4.7721,10.5843,1.3899,35.84,18.1665,16.8408,897.26,4388.35,3.8488
2022-08-26,1.4323,5.1033,1.2935,0.96353,24.618,0.9993,0.84531,410.19,14816,79.846,136.92,1332.53,19.9101,9.6602,1.6101,56.07,4.7452,10.5629,1.3896,36.01,18.1796,16.7877,891.23,4394.06,3.8196
2022-08-29,1.4549,5.0734,1.3044,0.96836,24.626,1.0014,0.8554,410.47,14892,79.942,138.68,1349.36,20.016,9.7812,1.6328,56.266,4.7517,10.6429,1.397,36.45,18.186,16.9128,881.68,4359.95,3.8181
2022-08-30,1.4423,5.0116,1.3003,0.9708,24.494,0.99661,0.85355,405.0,14825,79.532,138.24,1346.34,19.9402,9.7222,1.619,56.202,4.7163,10.6139,1.395,36.37,18.1772,16.7996,883.74,4415.45,3.8022
2022-08-31,1.4591,5.1482,1.3111,0.9796,24.55,1.0,0.86035,402.8,14850,79.546,138.72,1342.79,20.204,9.9388,1.6322,56.153,4.7283,10.6788,1.3969,36.45,18.1849,17.0667,895.15,4421.95,3.832
2022-09-01,1.4645,5.2218,1.3164,0.97981,24.478,0.9996,0.86438,399.42,14872,79.588,139.28,1353.15,20.187,10.009,1.6382,56.586,4.7109,10.7372,1.3996,36.695,18.2076,17.1455,896.62,4480.95,3.8424
2022-09-02,1.4681,5.219,1.314,0.98459,24.498,1.0007,0.86539,398.66,14906,79.866,140.46,1361.79,20.116,10.0105,1.6405,56.894,4.7096,10.7573,1.4023,36.65,18.22,17.2912,878.27,4479.45,3.8636
2022-09-05,1.4734,5.1822,1.3148,0.98256,24.821,1.0081,0.87054,407.16,14902,79.872,140.59,1370.95,19.979,9.9988,1.642,56.932,4.7742,10.8155,1.4044,36.555,18.225,17.2258,881.3,4457.95,3.8758
2022-09-06,1.4757,5.1672,1.3123,0.98157,24.728,1.0073,0.86365,405.57,14891,79.805,141.93,1376.56,19.9985,9.9663,1.6431,57.066,4.7409,10.76,1.4048,36.505,18.225,17.2044,892.55,4473.95,3.8684
2022-09-07,1.492,5.2485,1.3189,0.98634,24.918,1.0116,0.87516,406.5,14951,79.947,144.87,1390.43,20.154,10.064,1.665,57.19,4.784,10.8132,1.4093,36.745,18.2359,17.459,883.58,4393.25,3.8783
2022-09-08,1.4811,5.1995,1.3122,0.97302,24.521,0.9991,0.86578,395.12,14879,79.666,143.52,1380.46,19.995,10.0525,1.6476,56.98,4.7113,10.6979,1.4041,36.385,18.2382,17.3641,881.4,4390.7,3.8701
2022-09-09,1.4632,5.1833,1.3006,0.96099,24.416,0.99512,0.86436,394.37,14832,79.578,142.6,1377.89,19.8935,9.9349,1.6383,56.82,4.698,10.6123,1.3994,36.33,18.2388,17.2906,907.8,4345.95,3.8694
2022-09-12,1.4524,5.114,1.2993,0.95194,24.171,0.98474,0.85453,389.69,14854,79.458,142.28,1376.25,19.7952,9.8196,1.6247,56.82,4.6248,10.4744,1.3952,36.31,18.2405,17.0576,896.95,4354.2,3.841
2022-09-13,1.4483,5.0874,1.2973,0.95027,24.129,0.9828,0.853,390.0,14839,79.165,142.01,1373.27,19.8152,9.8268,1.627,56.673,4.6241,10.4283,1.3942,36.225,18.2447,17.0135,916.13,4405.45,3.8398
2022-09-14,1.4888,5.1879,1.319,0.96216,24.552,1.001,0.86585,403.3,14919,79.502,143.22,1393.36,20.048,10.1226,1.6692,57.111,4.721,10.6857,1.4053,36.645,18.258,17.4517,920.0,4385.45,3.832
2022-09-15,1.4865,5.1879,1.3183,0.95797,24.538,1.0008,0.87004,407.48,14937,79.776,143.54,1398.3,20.018,10.1284,1.6702,57.304,4.7311,10.6986,1.4073,36.845,18.2623,17.5423,923.3,4412.8,3.8774
2022-09-16,1.4963,5.2521,1.3287,0.96233,24.61,1.0046,0.87804,405.85,14974,79.727,143.19,1389.97,20.095,10.2456,1.6794,57.375,4.7361,10.8038,1.409,36.97,18.2764,17.6817,921.92,4429.91,3.8731
2022-09-19,1.4965,5.2939,1.3307,0.96677,24.519,1.001,0.87873,401.25,14990,79.733,143.56,1393.21,20.133,10.2929,1.6824,57.404,4.7105,10.8101,1.4096,37.02,18.2921,17.7444,922.37,4401.71,3.859
2022-09-20,1.4914,5.2212,1.3287,0.96575,24.59,1.0014,0.87518,399.14,15019,79.722,143.54,1392.66,19.9947,10.2874,1.6932,57.578,4.7274,10.849,1.4094,37.02,18.3089,17.751,931.86,4420.96,3.8885
2022-09-21,1.4992,5.1407,1.3388,0.96396,24.871,1.0095,0.88164,408.94,15007,79.907,144.01,1394.49,19.9724,10.3834,1.7004,57.829,4.7956,11.025,1.4139,37.135,18.3212,17.6538,935.38,4402.71,3.8966
2022-09-22,1.5014,5.1272,1.3434,0.97977,24.946,1.0117,0.8828,410.01,14998,80.83,140.81,1401.04,19.8431,10.3551,1.703,58.398,4.8151,11.0,1.4162,37.235,18.369,17.555,943.78,4359.81,3.8725
2022-09-23,1.5202,5.1729,1.3509,0.98062,25.28,1.0252,0.90425,416.55,15068,81.06,142.95,1416.82,20.064,10.4916,1.7271,58.66,4.8742,11.2085,1.4247,37.56,18.4042,17.8238,969.11,4432.63,3.9097
2022-09-26,1.5403,5.3394,1.3679,0.99057,25.544,1.0367,0.92685,423.83,15158,81.59,144.17,1430.02,20.326,10.7386,1.7506,58.996,4.9355,11.3285,1.435,37.835,18.4533,18.0642,992.63,4535.73,3.922
2022-09-27,1.5408,5.3126,1.3683,0.98538,25.571,1.0369,0.92571,421.66,15144,81.47,144.42,1420.63,20.306,10.7293,1.7546,59.035,4.9399,11.2539,1.4349,37.915,18.482,17.8724,983.78,4548.13,3.9347
2022-09-28,1.5603,5.4081,1.3755,0.98662,25.771,1.0455,0.94373,430.44,15288,81.83,144.68,1441.55,20.418,10.9332,1.7771,59.099,5.0228,11.416,1.4476,38.355,18.5375,18.078,956.08,4484.13,3.9317
2022-09-29,1.5436,5.4112,1.3697,0.98269,25.435,1.0303,0.92196,434.71,15182,81.72,144.71,1430.39,20.171,10.7684,1.7556,58.582,5.0041,11.2899,1.4384,38.065,18.5452,17.9751,962.65,4522.82,3.9613
2022-09-30,1.5466,5.3943,1.3747,0.98082,25.184,1.0259,0.90583,433.09,15247,81.48,144.66,1436.9,20.147,10.8574,1.7621,58.757,4.9736,11.1811,1.4363,37.775,18.5516,17.9886,966.63,4604.13,3.9744
2022-10-03,1.5494,5.3032,1.3736,0.98914,25.12,1.0242,0.89175,435.13,15332,81.83,144.91,1442.29,20.078,10.8209,1.768,58.991,4.9488,11.1371,1.4354,38.08,18.5621,18.0122,939.08,4524.14,3.9458
2022-10-04,1.5487,5.1146,1.3652,0.98746,24.814,1.011,0.88235,422.28,15246,81.59,144.88,1427.76,19.9949,10.6071,1.7559,58.744,4.8724,10.9358,1.4304,37.57,18.5395,17.737,930.34,4490.63,3.9363
2022-10-05,1.5512,5.2017,1.3609,0.98396,24.734,1.0086,0.88089,427.23,15191,81.6,144.41,1418.77,20.033,10.5757,1.7568,58.711,4.8321,10.9305,1.4245,37.42,18.578,17.7739,938.78,4576.03,3.957
2022-10-06,1.548,5.1912,1.3666,0.98469,24.827,1.0142,0.88827,428.59,15234,82.21,144.71,1408.1,20.098,10.5759,1.7525,58.772,4.9194,11.0272,1.4257,37.35,18.5792,17.8265,942.7,4607.63,3.9619
2022-10-07,1.5582,5.2133,1.3715,0.9901,25.025,1.0207,0.89194,432.63,15242,82.22,144.86,1410.04,20.05,10.6663,1.7687,58.944,4.9602,11.0804,1.4286,37.36,18.5863,17.9873,936.95,4614.13,3.9443
2022-10-10,1.584,5.1901,1.3728,0.99825,25.287,1.0312,0.90471,441.58,15338,82.47,145.57,1427.51,19.9637,10.6608,1.7912,58.984,5.0175,11.2924,1.4375,37.96,18.576,18.1361,936.8,4600.15,3.9514
2022-10-11,1.589,5.1893,1.3784,0.99506,25.234,1.0285,0.90202,440.94,15356,82.23,145.57,1432.52,19.9645,10.7205,1.7817,58.874,5.0077,11.3149,1.4365,38.085,18.5834,18.1171,926.13,4601.38,3.9574
2022-10-12,1.5995,5.2934,1.3801,0.99567,25.305,1.0303,0.90501,442.66,15359,82.32,146.65,1426.6,20.041,10.73,1.7898,58.879,4.9964,11.3538,1.4363,38.02,18.5892,18.2234,943.13,4602.03,3.9671
2022-10-13,1.591,5.2587,1.3803,0.99856,25.227,1.0268,0.88832,442.19,15354,82.14,146.77,1430.03,19.9653,10.6299,1.7778,58.889,4.9597,11.3049,1.4323,37.83,18.5893,18.2948,937.56,4569.83,3.9456
2022-10-14,1.5944,5.2667,1.3817,1.0041,25.303,1.0291,0.89352,430.42,15470,82.3,147.81,1439.23,20.071,10.6332,1.7806,59.046,4.9736,11.324,1.4255,38.19,18.5874,18.2085,960.63,4692.13,3.977
2022-10-17,1.6017,5.2877,1.3813,1.0024,25.22,1.0268,0.88561,429.51,15466,82.28,148.89,1436.91,20.023,10.6192,1.787,58.972,4.9433,11.2838,1.4268,38.165,18.5895,18.1506,969.0,4729.13,3.9651
2022-10-18,1.5818,5.2664,1.3721,0.99563,25.006,1.0168,0.88386,420.01,15470,82.28,149.11,1424.42,19.9939,10.5265,1.754,58.868,4.8846,11.089,1.4197,38.05,18.588,18.0889,971.4,4756.23,3.9616
2022-10-19,1.5921,5.293,1.3785,1.0033,25.121,1.0227,0.88968,423.17,15530,83.04,149.66,1430.1,20.131,10.618,1.7656,59.052,4.8965,11.1933,1.4247,38.32,18.592,18.2388,977.7,4834.13,3.9706
2022-10-20,1.5854,5.2377,1.372,1.0025,24.997,1.0193,0.88939,419.12,15544,82.74,149.82,1427.28,20.08,10.6024,1.7537,58.854,4.8647,11.1936,1.4228,38.08,18.5768,18.2556,972.1,4892.25,3.9712
2022-10-21,1.608,5.2535,1.3839,1.0128,25.191,1.0277,0.90162,424.34,15621,82.98,151.69,1443.29,20.095,10.721,1.7828,58.877,4.9214,11.3945,1.4303,38.385,18.601,18.5016,982.7,4906.35,3.9729
2022-10-24,1.5867,5.2239,1.3706,1.0005,24.852,1.0151,0.88387,418.11,15595,82.78,148.98,1439.85,19.9486,10.5492,1.7605,58.899,4.8633,11.2471,1.422,38.169,18.607,18.3357,983.0,4978.25,3.9857
2022-10-25,1.5819,5.2991,1.3728,1.0027,24.817,1.0141,0.88371,419.53,15624,82.8,148.91,1437.48,19.9121,10.5375,1.7565,58.805,4.8443,11.1275,1.4248,38.29,18.6095,18.4779,967.5,4963.45,3.9865
2022-10-26,1.5431,5.2823,1.3537,0.98942,24.479,0.99771,0.86404,407.15,15553,82.02,146.98,1418.85,19.8045,10.3171,1.7209,58.359,4.7439,10.9279,1.4072,37.775,18.6033,17.9798,,4871.14,3.9676
2022-10-27,1.5552,5.369,1.3622,0.99123,24.44,0.99631,0.86425,410.63,15571,82.36,146.83,1423.3,19.9412,10.3039,1.7252,58.226,4.741,10.9179,1.4102,37.835,18.6121,18.0852,942.38,4787.08,3.9617
2022-10-28,1.5587,5.3532,1.3609,0.99688,24.585,1.0049,0.86544,413.73,15558,82.46,147.51,1424.68,19.8692,10.3201,1.7235,58.023,4.7508,10.9942,1.4124,37.91,18.6131,18.1419,942.3,4822.08,3.9612
2022-10-31,1.5664,5.3151,1.3671,1.0011,24.7,1.0087,0.86862,413.2,15624,82.81,148.68,1428.4,19.8832,10.3922,1.7247,58.301,4.7493,10.9956,1.416,38.075,18.6163,18.3312,949.9,4929.35,3.9567
2022-11-01,1.5491,5.1611,1.3541,0.99306,24.614,1.0053,0.86517,409.07,15618,82.52,147.13,1412.11,19.7028,10.2378,1.6966,58.094,4.7304,10.9319,1.4092,37.65,18.6203,18.076,953.9,5003.0,3.9714
2022-11-02,1.5569,5.1437,1.3595,0.99526,24.734,1.0093,0.86899,410.78,15637,82.75,147.1,1415.03,19.6731,10.3339,1.7,58.378,4.7472,11.0078,1.4113,37.66,18.6201,18.1276,940.7,4998.03,3.9358
2022-11-03,1.591,5.1535,1.3793,1.0139,25.16,1.0253,0.89437,418.2,15790,82.93,148.24,1427.0,19.7235,10.6165,1.7386,58.918,4.8283,11.2089,1.4229,38.03,18.6201,18.4736,944.55,5063.86,3.9573
2022-11-04,1.551,5.0326,1.3524,0.99909,24.739,1.013,0.88612,406.35,15693,82.07,147.07,1415.82,19.5108,10.3342,1.6986,58.42,4.7432,10.9945,1.4071,37.385,18.6229,18.0291,926.7,5087.0,3.9422
2022-11-07,1.5439,5.0736,1.3473,0.98809,24.318,1.0007,0.87196,401.31,15660,81.9,146.28,1392.22,19.4531,10.2627,1.6846,58.402,4.6898,10.8396,1.4032,37.31,18.6005,17.7707,916.8,5104.0,3.9385
2022-11-08,1.5441,5.2051,1.3494,0.9915,24.336,1.0004,0.87413,400.91,15659,81.55,146.31,1378.49,19.4573,10.2836,1.6867,58.21,4.6937,10.8416,1.4028,37.235,18.6065,17.8468,907.7,4969.25,3.8848
2022-11-09,1.5478,5.1745,1.3449,0.98416,24.242,0.99612,0.87433,401.96,15656,81.34,146.25,1364.41,19.579,10.2819,1.6967,58.01,4.6827,10.8029,1.4006,36.855,18.6003,17.8076,904.6,4891.81,3.8807
2022-11-10,1.5597,5.3104,1.3529,0.98794,24.474,1.0046,0.87701,402.8,15688,81.69,146.14,1380.31,19.5461,10.4094,1.7062,58.06,4.7277,10.9246,1.4028,36.87,18.5955,17.7699,891.5,4797.06,3.8389
2022-11-11,1.4997,5.3499,1.3289,0.95499,23.553,0.97012,0.84922,390.07,15502,80.74,139.59,1318.59,19.4257,9.9568,1.6511,57.34,4.5368,10.4037,1.3775,35.98,18.528,17.2627,894.4,4801.1,3.8397
2022-11-14,1.495,5.2917,1.3282,0.94496,23.538,0.96909,0.84808,394.69,15556,81.19,140.38,1326.99,19.4767,9.9954,1.6433,57.215,4.5448,10.4383,1.3739,35.835,18.599,17.2878,893.2,4802.0,3.847
2022-11-15,1.4816,5.3326,1.328,0.94098,23.381,0.96117,0.84059,389.71,15537,80.86,139.22,1312.58,19.3003,9.9548,1.6241,57.22,4.5245,10.3884,1.3685,35.505,18.609,17.1878,885.0,4843.0,3.8078
2022-11-16,1.4791,5.3244,1.3255,0.94074,23.391,0.96043,0.84021,392.03,15605,81.24,139.54,1323.57,19.3267,9.9573,1.6228,57.317,4.5203,10.4451,1.3686,35.635,18.6115,17.3065,911.15,4936.0,3.8287
2022-11-17,1.5046,5.4787,1.3393,0.95145,23.645,0.96909,0.84771,402.75,15722,81.78,140.32,1350.96,19.4418,10.1735,1.6461,57.46,4.5695,10.6474,1.3781,35.975,18.6185,17.5367,920.6,4994.38,3.8012
2022-11-18,1.4888,5.3511,1.3352,0.95321,23.491,0.96469,0.83989,393.03,15651,81.7,140.0,1339.98,19.4501,10.1158,1.6165,57.312,4.5372,10.5928,1.3727,35.76,18.6194,17.2757,941.75,4984.25,3.8147
2022-11-21,1.51,5.3095,1.3439,0.95813,23.771,0.97599,0.84709,399.6,15730,81.73,141.84,1361.51,19.4571,10.2379,1.6363,57.41,4.5945,10.7235,1.3822,36.23,18.624,17.3588,941.75,4947.0,3.8258
2022-11-22,1.506,5.3122,1.3398,0.95299,23.702,0.97333,0.84055,397.34,15677,81.64,141.33,1355.54,19.5591,10.166,1.6261,57.37,4.5868,10.6729,1.3789,36.12,18.6121,17.2832,926.0,4902.39,3.8285
2022-11-23,1.5033,5.3898,1.342,0.94867,23.589,0.96852,0.8365,392.98,15680,81.81,141.16,1353.43,19.3714,10.0396,1.6192,57.06,4.5553,10.5504,1.3845,36.245,18.6262,17.1528,915.35,4876.47,3.8427
2022-11-24,1.4803,5.3303,1.3343,0.94286,23.425,0.96034,0.82525,396.94,15649,81.66,138.19,1327.46,19.3508,9.9333,1.594,56.652,4.5096,10.4267,1.3751,35.78,18.6276,17.0216,909.25,4904.7,3.8367
2022-11-25,1.4847,5.3471,1.3363,0.94805,23.486,0.96386,0.82781,396.46,15693,81.65,139.39,1333.2,19.3802,9.9263,1.6049,56.67,4.5181,10.4273,1.3761,35.81,18.6345,17.1255,921.0,4861.6,3.8428
2022-11-28,1.494,5.386,1.344,0.94352,23.271,0.95575,0.82774,390.78,15713,81.66,138.49,1334.76,19.3252,9.9054,1.6082,56.59,4.4861,10.4151,1.3739,35.635,18.6222,17.1438,911.68,4830.64,3.8292
2022-11-29,1.487,5.318,1.3511,0.95138,23.475,0.96469,0.83174,392.15,15726,81.66,138.3,1327.13,19.1081,9.9665,1.6052,56.57,4.508,10.5161,1.3734,35.41,18.636,16.9812,904.5,4806.38,3.8284
2022-11-30,1.4866,5.3068,1.3513,0.94969,23.456,0.96376,0.83354,393.6,15682,81.36,139.05,1315.67,19.2859,9.8928,1.6031,56.57,4.4945,10.5383,1.3666,35.262,18.6327,16.9399,893.0,4828.0,3.8171
2022-12-01,1.4709,5.2141,1.3448,0.94394,23.303,0.95657,0.81993,395.54,15459,81.24,136.29,1304.58,19.272,9.8044,1.5732,56.24,4.4957,10.4251,1.3579,34.94,18.6319,17.7342,878.23,4759.6,3.8207
2022-12-02,1.4668,5.1867,1.3437,0.93319,23.132,0.94895,0.81472,389.07,15354,81.27,134.11,1296.9,19.1564,9.7376,1.5613,55.735,4.4449,10.3454,1.3501,34.745,18.6366,17.3419,882.26,4768.6,3.823
2022-12-05,1.468,5.2414,1.3411,0.93445,23.001,0.94455,0.81312,389.28,15426,81.72,135.14,1294.86,19.5806,9.7635,1.5583,55.96,4.4347,10.2891,1.348,34.695,18.6385,17.1945,894.89,4832.68,3.8364
2022-12-06,1.4858,5.2409,1.3623,0.93876,23.123,0.95093,0.81942,394.71,15634,82.4,136.3,1318.36,19.6729,9.9285,1.5769,55.898,4.467,10.3547,1.3563,35.02,18.6392,17.3134,878.4,4830.0,3.8066
2022-12-07,1.4938,5.2259,1.3664,0.9396,23.1,0.94976,0.82067,390.0,15638,82.33,137.18,1320.99,19.7103,9.9967,1.574,55.496,4.4641,10.3704,1.3568,35.05,18.6396,17.2241,865.8,4817.18,3.8591
2022-12-08,1.4821,5.2172,1.3601,0.94011,23.124,0.95066,0.82002,397.05,15614,82.4,136.66,1318.62,19.6777,9.9705,1.5731,55.36,4.4541,10.3679,1.3553,34.755,18.6438,17.1333,862.9,4815.18,3.846
2022-12-09,1.473,5.2521,1.3619,0.93342,23.007,0.94706,0.814,395.43,15582,82.35,135.71,1301.2,19.7452,9.9768,1.5609,55.375,4.4388,10.3408,1.3505,34.715,18.6449,17.2704,860.78,4806.0,3.8286
2022-12-12,1.4794,5.2604,1.366,0.93306,23.014,0.94679,0.8143,394.6,15646,82.61,137.15,1304.61,19.7927,9.9932,1.5644,55.66,4.4426,10.3271,1.3524,34.755,18.6435,17.4869,866.15,4840.33,3.8353
2022-12-13,1.4749,5.2901,1.36,0.93589,23.032,0.94832,0.81321,388.48,15668,82.79,137.36,1307.49,19.8615,9.9269,1.5613,55.81,4.4512,10.3333,1.355,34.81,18.6486,17.7198,855.92,4762.0,3.7999
2022-12-14,1.4565,5.3378,1.3561,0.92638,22.797,0.93906,0.8087,381.85,15588,82.49,134.92,1295.89,19.5924,9.7305,1.5502,55.71,4.3957,10.2017,1.3475,34.605,18.6477,17.1437,870.05,4778.0,3.8038
2022-12-15,1.4777,5.2958,1.3599,0.92854,22.851,0.94153,0.81154,382.64,15621,82.8,136.59,1312.47,19.7185,9.7931,1.5656,55.83,4.4148,10.2608,1.3564,34.95,18.648,17.2864,877.45,4791.0,3.8144
2022-12-16,1.4941,5.2955,1.366,0.93031,22.848,0.94171,0.82148,383.37,15609,82.7,137.05,1308.69,19.8352,9.8722,1.5714,55.53,4.419,10.3732,1.3573,34.98,18.6495,17.5824,885.26,4785.51,3.8263
2022-12-19,1.4903,5.3149,1.3655,0.93263,22.866,0.94357,0.82202,380.43,15576,82.59,136.49,1299.46,19.7905,9.9099,1.5694,55.34,4.4209,10.3853,1.3567,34.84,18.6522,17.2744,888.1,4773.88,3.8287
2022-12-20,1.5069,5.3056,1.3634,0.92971,22.814,0.94349,0.82583,381.05,15602,82.71,132.64,1286.66,19.7528,9.9158,1.5866,55.24,4.4115,10.4364,1.3536,34.77,18.6569,17.3827,884.93,4762.07,3.8003
2022-12-21,1.4911,5.1629,1.3609,0.92478,22.77,0.9402,0.8241,378.84,15583,82.84,131.9,1285.85,19.7367,9.8072,1.5842,55.055,4.3875,10.4008,1.3507,34.7,18.6669,17.2555,873.16,4765.0,3.7832
2022-12-22,1.4863,5.2089,1.3622,0.92655,22.773,0.94047,0.8299,378.19,15542,82.8,132.06,1280.68,19.6069,9.7924,1.5911,55.21,4.3678,10.3922,1.3501,34.655,18.6733,17.1389,871.3,4758.0,3.7981
2022-12-23,1.4928,5.1623,1.3588,0.92892,22.827,0.94144,0.82875,377.22,15599,82.81,132.61,1279.89,19.4992,9.8332,1.5898,55.19,4.3705,10.4542,1.3497,34.685,18.681,17.0446,877.5,4728.76,3.8032
2022-12-27,1.4844,5.2744,1.3539,0.93044,22.835,0.94127,0.83145,378.06,15645,82.91,133.36,1270.57,19.3449,9.8734,1.5922,55.87,4.3941,10.4749,1.346,34.615,18.7123,17.2422,872.5,4760.41,3.7948
2022-12-28,1.4718,5.2734,1.3497,0.92697,22.793,0.93985,0.82761,379.04,15758,82.79,133.66,1267.47,19.4417,9.821,1.5763,56.027,4.418,10.4359,1.3461,34.73,18.7165,17.1889,860.15,4769.71,3.7949
2022-12-29,1.4892,5.1978,1.3593,0.92403,22.717,0.93906,0.83152,375.25,15663,82.85,133.57,1267.89,19.3924,9.907,1.5858,55.749,4.3999,10.478,1.3485,34.63,18.7191,17.0877,854.4,4847.0,3.7853
2022-12-30,1.4713,5.2865,1.3538,0.92321,22.61,0.93756,0.83155,375.84,15488,82.66,131.88,1260.16,19.5537,9.8573,1.5749,55.616,4.3885,10.4273,1.3407,34.535,18.7183,16.9685,847.11,4849.0,3.8027
2023-01-02,1.4695,5.3401,1.3579,0.92418,22.63,0.93607,0.82964,375.39,15569,82.78,130.69,1270.99,19.5001,9.8413,1.5806,55.821,4.382,10.4524,1.3408,34.555,18.7251,17.0101,849.03,4840.93,3.8047
2023-01-03,1.4896,5.3728,1.3669,0.93684,22.877,0.94832,0.83497,382.48,15621,82.89,130.8,1276.92,19.467,9.9839,1.6057,55.97,4.4411,10.5671,1.3455,34.38,18.7355,17.0877,857.75,4890.21,3.8043
2023-01-04,1.4579,5.4494,1.3551,0.92867,22.67,0.94349,0.83098,373.48,15572,82.83,130.9,1272.71,19.2933,10.1311,1.5827,55.977,4.4047,10.5343,1.3409,34.01,18.7442,16.827,853.53,4921.52,3.8216
2023-01-05,1.4635,5.3825,1.3504,0.92812,22.666,0.94331,0.83297,374.38,15605,82.52,132.96,1269.6,19.3765,10.1168,1.5878,55.83,4.4052,10.5507,1.3407,33.91,18.7701,17.0974,851.5,4960.2,3.7984
2023-01-06,1.4848,5.3366,1.3649,0.93943,22.909,0.95238,0.84262,378.06,15684,82.77,134.57,1273.5,19.299,10.2924,1.6085,55.594,4.4714,10.7219,1.3482,34.035,18.7681,17.3421,838.15,4857.7,3.7837
2023-01-09,1.4441,5.28,1.3369,0.92231,22.429,0.93493,0.82319,371.4,15578,82.35,132.15,1243.8,19.1492,9.9203,1.5652,55.11,4.3907,10.4675,1.3317,33.46,18.7752,17.0212,834.84,4848.3,3.7866
2023-01-10,1.4563,5.2663,1.3412,0.924,22.367,0.93257,0.82374,372.1,15551,81.79,132.35,1248.14,19.1458,9.9585,1.5741,54.79,4.3784,10.4414,1.3326,33.595,18.7783,17.0712,825.9,4782.78,3.7797
2023-01-11,1.4505,5.1959,1.3426,0.92742,22.357,0.93049,0.8251,371.36,15457,81.71,132.7,1247.8,19.0714,9.9916,1.5736,54.911,4.3565,10.4944,1.3321,33.4,18.7764,17.0119,823.1,4729.95,3.7706
2023-01-12,1.4454,5.1574,1.3404,0.93353,22.313,0.92833,0.82334,370.96,15277,81.49,130.53,1244.12,18.9139,9.9543,1.5723,55.043,4.3557,10.4651,1.3284,33.28,18.7811,16.8415,817.32,4681.54,3.7711
2023-01-13,1.4413,5.1333,1.3403,0.92944,22.204,0.92473,0.82116,367.08,15177,81.47,128.56,1242.29,18.9005,9.8895,1.5733,54.966,4.3359,10.4058,1.3234,33.06,18.7905,16.8746,815.93,4684.21,3.7947
2023-01-16,1.437,5.1091,1.3398,0.9273,22.195,0.9249,0.82092,369.02,15108,81.65,128.49,1239.57,18.8291,9.8913,1.5672,54.51,4.341,10.4259,1.3215,33.015,18.7921,17.0597,821.1,4684.21,3.7947
2023-01-17,1.4397,5.1284,1.3416,0.92207,22.103,0.92225,0.81707,368.51,15188,81.69,128.65,1239.05,18.8131,9.9108,1.5639,54.82,4.3307,10.4076,1.3228,33.08,18.7918,17.1564,814.36,4724.85,3.8158
2023-01-18,1.422,5.0975,1.3382,0.91392,22.1,0.92259,0.80755,365.49,15045,81.32,128.97,1233.66,18.6539,9.8305,1.5392,54.59,4.3346,10.3086,1.3175,32.875,18.7942,16.972,823.21,4689.4,3.8261
2023-01-19,1.4541,5.2081,1.3503,0.91734,22.121,0.92464,0.81043,366.56,15192,81.41,128.54,1239.5,18.9958,9.9362,1.5699,54.645,4.3516,10.3128,1.3246,33.105,18.798,17.2844,822.44,4664.48,3.8468
2023-01-20,1.4427,5.1978,1.347,0.92019,22.097,0.9237,0.80916,365.68,15119,81.12,130.11,1234.5,18.923,9.8961,1.5566,54.46,4.3506,10.3136,1.3219,32.75,18.8038,17.1596,814.25,4590.65,3.8427
2023-01-23,1.4285,5.1855,1.3359,0.92107,21.968,0.91988,0.80922,364.25,15007,81.36,130.3,1228.65,18.8051,9.8275,1.5434,54.59,4.3338,10.2275,1.318,32.775,18.8097,17.1647,813.03,4556.45,3.8615
2023-01-24,1.4248,5.1726,1.337,0.92586,21.987,0.92098,0.81385,365.93,14974,81.62,130.29,1235.59,18.8432,9.8723,1.542,54.45,4.3406,10.2224,1.3204,32.795,18.8092,17.2856,801.2,4505.2,3.8859
2023-01-25,1.412,5.1195,1.337,0.92113,21.886,0.91929,0.81125,357.37,14965,81.57,129.78,1235.46,18.7865,9.9187,1.5437,54.56,4.3352,10.2349,1.3152,32.835,18.8141,17.1672,803.15,4527.05,3.8807
2023-01-26,1.405,5.1007,1.3371,0.91804,21.861,0.91785,0.80721,355.56,14960,81.53,129.77,1232.23,18.8417,9.8779,1.5419,54.43,4.3318,10.2582,1.3118,32.755,18.8123,17.0837,802.03,4525.15,3.8165
2023-01-27,1.4072,5.0717,1.3326,0.92195,21.929,0.92039,0.80888,357.89,14985,81.61,129.87,1234.58,18.7464,9.9034,1.5425,54.475,4.3336,10.3183,1.314,32.86,18.809,17.2283,805.73,4566.35,3.822
2023-01-30,1.4115,5.1045,1.3328,0.92131,21.885,0.91718,0.80692,358.19,14982,81.53,130.05,1227.98,18.7902,9.8987,1.5388,54.545,4.3202,10.3293,1.3125,32.725,18.8077,17.3246,806.8,4652.1,3.8347
2023-01-31,1.4286,5.1115,1.345,0.92606,21.963,0.92311,0.81301,360.85,15031,81.82,130.41,1235.95,18.8277,10.0695,1.5562,54.64,4.3469,10.4754,1.3171,33.035,18.812,17.4673,795.48,4641.49,3.8274
2023-02-01,1.4129,5.0646,1.3316,0.9161,21.824,0.91794,0.81158,358.18,14961,81.8,129.77,1229.32,18.8104,9.9659,1.5516,54.45,4.3212,10.4144,1.3129,32.9,18.8159,17.2873,786.1,4600.0,3.837
2023-02-02,1.4022,4.9926,1.3289,0.90936,21.668,0.91008,0.8126,352.38,14890,82.18,128.43,1224.88,18.5703,9.9686,1.5339,53.85,4.2788,10.3374,1.3062,32.79,18.8178,17.0228,779.55,4585.95,3.8158
2023-02-03,1.4171,5.0667,1.3364,0.91332,21.692,0.91433,0.81604,353.46,14915,81.91,128.42,1230.84,18.709,10.0378,1.5439,53.69,4.29,10.3614,1.3103,33.02,18.8178,17.155,795.65,4694.95,3.8147
2023-02-06,1.4473,5.1619,1.3418,0.92465,22.126,0.92799,0.82849,362.69,15161,82.67,132.15,1256.17,19.0126,10.2476,1.5845,54.46,4.3827,10.5468,1.3239,33.6,18.8307,17.5402,803.29,4783.2,3.8322
2023-02-07,1.4458,5.1604,1.3431,0.92579,22.273,0.93458,0.83493,368.6,15177,82.72,132.06,1260.57,19.0953,10.3975,1.5882,55.17,4.4453,10.636,1.327,33.635,18.8299,17.6398,792.94,4726.01,3.815
2023-02-08,1.4361,5.1834,1.3404,0.92045,22.154,0.93153,0.8272,362.11,15116,82.52,131.17,1258.87,18.9082,10.2711,1.5809,54.79,4.4141,10.5657,1.3246,33.51,18.8319,17.618,801.0,4766.0,3.8422
2023-02-09,1.4306,5.2145,1.3391,0.91821,22.002,0.92842,0.82179,358.18,15115,82.53,130.72,1258.36,18.8738,10.1312,1.5696,54.46,4.3996,10.3417,1.3218,33.435,18.832,17.6524,800.5,4742.2,3.8411
2023-02-10,1.4436,5.2615,1.3437,0.92348,22.163,0.93545,0.82645,364.62,15185,82.55,130.85,1266.7,18.7596,10.1693,1.5813,54.45,4.4724,10.4425,1.3283,33.73,18.8363,17.8516,798.09,4770.95,3.819
2023-02-13,1.44,5.2008,1.3347,0.92167,22.215,0.9358,0.82614,360.73,15233,82.73,132.56,1276.49,18.6174,10.1266,1.5765,54.82,4.4802,10.4389,1.3316,33.855,18.8452,17.936,795.5,4787.26,3.8412
2023-02-14,1.4324,5.1633,1.3321,0.91737,22.074,0.92945,0.81908,355.47,15154,82.83,132.11,1266.47,18.6002,10.1104,1.5765,54.83,4.4263,10.3179,1.3263,33.82,18.8475,17.8136,784.7,4748.95,3.8289
2023-02-15,1.4513,5.2206,1.3417,0.92383,22.118,0.93458,0.83014,355.68,15253,82.84,133.69,1284.43,18.6665,10.205,1.5947,55.21,4.4486,10.4112,1.335,34.365,18.8486,18.0272,791.78,4895.4,3.8372
2023-02-16,1.4486,5.2421,1.3396,0.92271,22.136,0.93458,0.83068,357.62,15134,82.67,133.93,1286.47,18.572,10.2349,1.5919,55.15,4.464,10.4131,1.3352,34.335,18.8486,18.137,790.83,4926.29,3.8324
2023-02-17,1.4645,5.2223,1.3521,0.93139,22.32,0.94118,0.83659,363.87,15210,82.84,134.76,1301.95,18.5706,10.3671,1.6116,55.37,4.4963,10.5396,1.3394,34.58,18.8687,18.1318,787.82,4899.4,3.8372
2023-02-20,1.448,5.1679,1.346,0.92383,22.197,0.93686,0.83135,358.66,15157,82.73,134.05,1296.96,18.4144,10.2757,1.6008,54.97,4.444,10.3635,1.3359,34.39,18.8664,18.1254,798.25,4913.89,3.8233
2023-02-21,1.4551,5.1679,1.3457,0.92395,22.252,0.93773,0.8245,358.39,15187,82.78,134.81,1300.67,18.3876,10.2652,1.6028,55.03,4.4522,10.3243,1.3383,34.6,18.8691,18.2463,803.13,4953.38,3.8189
2023-02-22,1.4634,5.168,1.3536,0.92728,22.237,0.9395,0.82624,359.2,15199,82.9,134.57,1303.07,18.4119,10.303,1.6033,55.1,4.4573,10.3498,1.339,34.55,18.8754,18.2307,800.88,4893.31,3.7893
2023-02-23,1.4649,5.1587,1.3532,0.9318,22.312,0.94197,0.83026,359.3,15204,82.58,135.0,1296.71,18.3225,10.3189,1.605,54.965,4.4685,10.4163,1.3422,34.71,18.8734,18.2815,807.4,4855.35,3.7864
2023-02-24,1.4823,5.1687,1.3599,0.93642,22.368,0.94607,0.83486,360.08,15230,82.76,135.81,1312.37,18.451,10.3472,1.6186,54.915,4.4659,10.4096,1.3471,34.93,18.8803,18.4714,826.0,4837.35,3.8187
2023-02-27,1.4913,5.1969,1.3582,0.94078,22.379,0.94751,0.8345,359.99,15274,82.76,136.33,1322.72,18.3605,10.388,1.6283,55.52,4.4684,10.479,1.3498,35.1,18.8861,18.436,832.7,4758.21,3.7936
2023-02-28,1.4841,5.2058,1.3571,0.93672,22.127,0.94171,0.82589,355.66,15249,82.61,136.76,1320.12,18.3143,10.3318,1.6212,55.335,4.4378,10.4322,1.348,35.3,18.8869,18.4121,827.47,4856.63,3.777
2023-03-01,1.4766,5.198,1.3601,0.9357,21.926,0.93598,0.82903,349.66,15231,82.44,135.55,1300.1,18.2406,10.3299,1.5957,55.0,4.3752,10.3894,1.3399,34.69,18.8881,18.1364,810.43,4827.76,3.7494
2023-03-02,1.4873,5.2091,1.3624,0.94182,22.147,0.94295,0.8372,353.26,15320,82.55,136.79,1312.83,18.153,10.4526,1.6084,55.015,4.4215,10.4998,1.3491,34.835,18.8892,18.2189,812.05,4811.85,3.7695
2023-03-03,1.4817,5.2047,1.3601,0.93811,22.146,0.94206,0.83401,356.77,15314,81.88,136.18,1303.1,18.0873,10.4202,1.608,54.76,4.4352,10.4974,1.3468,34.65,18.9006,18.1665,802.5,4784.45,3.7681
2023-03-06,1.4848,5.1997,1.3614,0.93434,22.116,0.93932,0.83252,354.12,15335,81.85,135.86,1297.66,17.9804,10.4367,1.6145,54.96,4.4233,10.4819,1.3455,34.53,18.9029,18.1935,796.25,4700.46,3.7559
2023-03-07,1.5004,5.1781,1.3645,0.9338,22.03,0.93765,0.83421,353.85,15381,81.82,136.16,1305.29,18.0089,10.4955,1.6155,55.06,4.3974,10.5284,1.3462,34.615,18.9161,18.3755,805.08,4762.95,3.7685
2023-03-08,1.5152,5.1693,1.375,0.94177,22.366,0.94832,0.8447,360.24,15449,81.95,137.22,1317.78,18.0397,10.6406,1.6351,55.36,4.4337,10.7003,1.3532,35.09,18.9385,18.5769,804.63,4773.82,3.7837
2023-03-09,1.5127,5.1357,1.3809,0.93908,22.386,0.94751,0.84152,359.2,15439,82.07,136.27,1321.77,17.9304,10.6798,1.6327,55.18,4.4329,10.7414,1.3529,35.12,18.953,18.6259,796.0,4742.97,3.7671
2023-03-10,1.5175,5.199,1.3832,0.92802,22.327,0.94464,0.83372,362.41,15495,82.13,136.69,1320.84,18.461,10.665,1.6335,55.167,4.4224,10.7609,1.3555,35.06,18.9628,18.3497,800.3,4712.2,3.7806
2023-03-13,1.5007,5.2546,1.3773,0.9107,22.181,0.93406,0.82542,365.17,15410,82.24,132.6,1306.92,18.8614,10.6382,1.6089,54.99,4.3848,10.6847,1.3488,34.56,18.9735,18.1716,805.4,4767.95,3.7826
2023-03-14,1.495,5.2283,1.3681,0.91124,22.158,0.93136,0.8201,364.63,15361,82.36,134.2,1306.1,18.7129,10.557,1.6018,55.075,4.366,10.5132,1.3438,34.47,18.9746,18.0619,802.2,4734.65,3.7841
2023-03-15,1.5061,5.2775,1.3749,0.92208,22.696,0.94796,0.82703,376.81,15502,82.77,132.25,1321.22,18.9311,10.7498,1.6121,55.03,4.4554,10.619,1.3504,34.65,18.9847,18.4084,820.95,4867.95,3.7897
2023-03-16,1.5037,5.286,1.3747,0.92685,22.663,0.94384,0.82888,374.17,15446,82.8,132.31,1310.43,19.0713,10.8058,1.6187,54.92,4.4326,10.5504,1.3474,34.39,18.9891,18.3822,823.3,4829.45,3.7712
2023-03-17,1.4943,5.2595,1.3729,0.92799,22.544,0.94135,0.82357,372.71,15374,82.64,132.33,1308.33,18.811,10.752,1.6016,54.71,4.4286,10.5427,1.3426,34.12,19.0022,18.3553,826.61,4845.45,3.7789
2023-03-20,1.4909,5.2424,1.3688,0.92638,22.383,0.9331,0.81702,372.5,15352,82.57,131.35,1308.03,18.9419,10.6569,1.5962,54.382,4.3898,10.41,1.3394,34.07,19.0202,18.4623,825.78,4813.93,3.7614
2023-03-21,1.4974,5.2423,1.3666,0.9252,22.129,0.92799,0.81694,363.38,15303,82.62,132.36,1305.07,18.6943,10.4979,1.6158,54.273,4.3614,10.2997,1.3356,34.27,19.0275,18.5281,822.45,4806.2,3.7588
2023-03-22,1.4958,5.2557,1.3706,0.9235,21.995,0.92721,0.81525,360.27,15267,82.6,132.71,1304.06,18.548,10.5072,1.6098,54.412,4.3426,10.3417,1.3344,34.4,19.0403,18.4079,810.41,4770.45,3.754
2023-03-23,1.493,5.239,1.3673,0.91635,21.746,0.9192,0.81371,353.66,15122,82.25,131.33,1283.37,18.5605,10.3723,1.5969,54.348,4.3081,10.3153,1.3268,34.12,19.044,18.1806,807.02,4753.95,3.7527
2023-03-24,1.5067,5.3325,1.3789,0.91894,22.04,0.93067,0.81843,359.98,15185,82.42,130.15,1303.97,18.6924,10.5226,1.6128,54.37,4.3616,10.4309,1.3336,34.2,19.0675,18.2182,810.22,4732.45,3.7634
2023-03-27,1.5041,5.2318,1.3709,0.91664,22.029,0.92825,0.81517,357.65,15148,82.31,131.48,1299.76,18.3912,10.5245,1.6149,54.16,4.3493,10.4075,1.3321,34.41,19.094,18.3211,805.49,4669.45,3.7545
2023-03-28,1.4961,5.173,1.3655,0.91754,21.832,0.92242,0.81116,353.24,15084,82.15,130.7,1298.72,18.2999,10.4455,1.6034,54.378,4.3183,10.3491,1.3277,34.27,19.108,18.1744,796.92,4666.15,3.7489
2023-03-29,1.4983,5.1588,1.3588,0.91942,21.786,0.92191,0.81117,350.14,15059,82.33,132.37,1301.09,18.1919,10.4181,1.6046,54.399,4.321,10.4135,1.3299,34.19,19.1297,18.1151,793.1,4616.45,3.736
2023-03-30,1.4939,5.1011,1.354,0.91521,21.631,0.91861,0.80988,349.65,15043,82.09,132.67,1298.59,18.0822,10.4327,1.6041,54.351,4.3003,10.3837,1.3288,34.22,19.1668,18.047,789.35,4643.45,3.7455
2023-03-31,1.4959,5.072,1.3551,0.9166,21.602,0.91954,0.80846,348.97,14989,82.21,133.18,1305.99,18.059,10.4772,1.5993,54.299,4.2943,10.3729,1.33,34.125,19.1844,17.7724,796.32,4660.22,3.7609
2023-04-03,1.4793,5.0401,1.3457,0.91527,21.564,0.91996,0.80764,348.52,14967,82.31,132.94,1315.02,17.987,10.351,1.59,54.63,4.3022,10.3804,1.3306,34.32,19.2024,17.8664,810.45,4599.84,3.7549
2023-04-04,1.4819,5.0565,1.3431,0.91313,21.482,0.91735,0.80115,345.68,14908,82.19,132.96,1316.11,18.0315,10.3059,1.5903,54.523,4.2857,10.3224,1.3271,34.23,19.2285,17.8345,807.42,4596.25,3.7574
2023-04-05,1.4922,5.0729,1.3454,0.90503,21.416,0.91408,0.80151,343.87,14928,82.01,131.39,1311.52,18.139,10.4196,1.5858,54.483,4.2795,10.3533,1.3265,33.85,19.2523,17.9257,809.8,4580.95,3.7531
2023-04-06,1.4945,5.0477,1.3471,0.90499,21.447,0.91617,0.8016,344.57,14925,81.88,131.46,1318.2,18.289,10.4311,1.5929,54.569,4.2934,10.4329,1.3291,34.055,19.2579,18.2253,818.42,4568.42,3.7461
2023-04-11,1.5027,5.0502,1.3509,0.90491,21.521,0.91701,0.80457,344.09,14913,82.09,133.22,1322.16,18.1477,10.5855,1.6108,55.017,4.2815,10.4773,1.332,34.26,19.2875,18.2497,805.76,4503.45,3.7768
2023-04-12,1.4995,5.0023,1.3485,0.90212,21.444,0.91558,0.80606,344.47,14881,82.12,133.76,1325.86,18.126,10.5059,1.6159,55.201,4.2695,10.39,1.3311,34.235,19.317,18.4334,803.79,4457.45,3.7595
2023-04-13,1.4837,4.913,1.3399,0.89006,21.127,0.90785,0.79944,340.04,14730,81.86,133.28,1308.35,18.0876,10.4013,1.6,55.354,4.2052,10.3392,1.3247,34.088,19.3291,18.1307,795.22,4414.9,3.7602
2023-04-14,1.475,4.9209,1.3317,0.88876,21.11,0.9044,0.79986,337.96,14735,81.72,132.59,1300.92,18.0517,10.312,1.5907,55.279,4.1996,10.2609,1.3263,34.06,19.3742,18.0295,796.87,4411.48,3.7589
2023-04-17,1.4895,4.9049,1.3362,0.89354,21.259,0.91066,0.80478,338.49,14843,82.01,133.84,1315.12,17.988,10.3488,1.6134,55.959,4.2153,10.3053,1.3309,34.38,19.3826,18.1165,800.58,4432.95,3.7703
2023-04-18,1.4834,4.9124,1.3379,0.89601,21.302,0.91141,0.80334,338.75,14873,82.03,133.88,1317.31,17.9707,10.4516,1.6075,56.261,4.2089,10.2948,1.3319,34.29,19.3957,18.1643,794.3,4489.55,3.7618
2023-04-19,1.491,5.0163,1.3444,0.89893,21.472,0.91466,0.80589,344.23,14991,82.23,134.67,1334.37,18.1155,10.5493,1.616,56.443,4.2292,10.3412,1.3368,34.49,19.3982,18.2757,793.94,4531.45,3.7607
2023-04-20,1.4885,5.0698,1.3484,0.89638,21.475,0.91374,0.80549,345.1,14953,82.18,134.74,1325.24,18.1064,10.6031,1.6231,56.13,4.2133,10.3509,1.334,34.365,19.4033,18.1425,793.45,4524.02,3.7476
2023-04-21,1.4934,5.0494,1.3535,0.89224,21.466,0.91091,0.8068,343.62,14960,82.08,133.83,1328.69,18.0017,10.6126,1.6317,55.931,4.2,10.322,1.3346,34.37,19.4024,18.1242,802.36,4516.45,3.745
2023-04-24,1.4968,5.0707,1.3548,0.89075,21.304,0.90893,0.80406,340.98,14950,81.92,134.68,1334.84,18.0268,10.5863,1.6284,55.75,4.1861,10.279,1.3347,34.41,19.4065,18.1309,813.96,4457.45,3.7362
2023-04-25,1.5028,5.0562,1.3595,0.88786,21.299,0.90728,0.80426,340.61,14937,81.95,134.2,1338.87,17.9676,10.6106,1.6228,55.53,4.1644,10.2563,1.3369,34.43,19.4221,18.2816,811.91,4507.83,3.74
2023-04-26,1.5151,5.0493,1.362,0.88994,21.267,0.90588,0.80225,340.46,14847,81.76,133.77,1337.68,18.0621,10.6187,1.6335,55.67,4.1605,10.3139,1.3357,34.18,19.4239,18.3966,804.46,4638.45,3.7151
2023-04-27,1.5099,5.0292,1.3622,0.89314,21.293,0.90563,0.80083,338.33,14719,81.8,133.27,1341.12,18.129,10.6086,1.6247,55.72,4.1569,10.3066,1.3357,34.11,19.4285,18.244,802.72,4648.5,3.7062
2023-04-28,1.5175,4.997,1.3643,0.896,21.402,0.91066,0.80184,340.39,14673,81.83,136.01,1339.49,18.0477,10.7376,1.6268,55.48,4.1722,10.3374,1.3368,34.12,19.4527,18.3553,806.36,4693.89,3.7054
2023-05-02,1.493,5.0026,1.3575,0.89749,21.511,0.91199,0.80135,339.24,14722,81.85,137.44,1340.92,17.9392,10.7269,1.61,55.369,4.1731,10.2978,1.3357,34.18,19.472,18.373,808.97,4687.45,3.6969
2023-05-03,1.5,5.0277,1.3624,0.88826,21.334,0.90555,0.79928,340.15,14680,81.82,135.52,1333.6,17.9581,10.7634,1.6044,55.314,4.1492,10.2567,1.3315,33.98,19.4748,18.2613,802.5,4633.47,3.695
2023-05-04,1.4977,4.9841,1.361,0.88514,21.185,0.90302,0.79479,337.67,14687,81.77,134.48,1323.54,17.8985,10.6811,1.5954,55.342,4.1453,10.2411,1.327,33.8,19.4889,18.1831,798.4,4598.87,3.7028
2023-05-05,1.4871,4.99,1.3492,0.89232,21.247,0.90794,0.79334,338.19,14669,81.71,134.19,1318.23,17.893,10.6133,1.5878,55.23,4.1556,10.202,1.3256,33.75,19.497,18.3712,792.53,4524.26,3.692
2023-05-08,1.4718,4.9482,1.3328,0.8891,21.21,0.90604,0.79032,337.23,14711,81.8,135.14,1321.25,17.7941,10.4653,1.5755,55.282,4.14,10.1488,1.3246,33.87,19.5071,18.3519,797.25,4512.47,3.6868
2023-05-09,1.4798,5.0062,1.3394,0.89315,21.319,0.91249,0.79378,339.16,14745,82.08,135.02,1324.85,17.7909,10.5621,1.5804,55.774,4.1722,10.2094,1.3271,33.69,19.5146,18.4323,788.3,4566.47,3.678
2023-05-10,1.4815,4.9769,1.3385,0.89233,21.387,0.91324,0.79281,338.79,14750,82.03,135.32,1324.01,17.7127,10.5466,1.5802,55.703,4.1427,10.2226,1.3279,33.66,19.5406,18.7215,787.93,4547.47,3.6551
2023-05-11,1.4845,4.9605,1.3424,0.89277,21.489,0.91491,0.7941,339.84,14711,82.06,134.07,1328.25,17.5884,10.538,1.5762,55.681,4.1389,10.2639,1.3275,33.665,19.559,18.9826,792.4,4596.01,3.645
2023-05-12,1.4974,4.9434,1.3498,0.8946,21.673,0.91811,0.79893,340.6,14809,82.19,134.98,1335.86,17.6338,10.6785,1.607,55.824,4.163,10.3218,1.3344,33.99,19.6098,19.2279,784.9,4555.77,3.6524
2023-05-15,1.4951,4.9127,1.3501,0.89619,21.675,0.91946,0.7994,339.55,14794,82.29,136.22,1336.7,17.5498,10.6501,1.6085,56.072,4.1447,10.3811,1.3376,33.81,19.6672,19.0787,785.63,4495.47,3.6386
2023-05-16,1.4987,4.9021,1.3466,0.8944,21.758,0.91903,0.79899,339.31,14826,82.23,135.92,1340.67,17.4453,10.6727,1.6017,56.062,4.1232,10.3635,1.3367,33.97,19.7059,19.0699,798.43,4537.27,3.669
2023-05-17,1.5027,4.9615,1.3491,0.89999,21.823,0.92345,0.80243,342.83,14884,82.36,136.96,1337.59,17.591,10.8316,1.5988,56.139,4.162,10.458,1.3429,34.265,19.7581,19.2806,790.84,4493.47,3.6804
2023-05-18,1.5061,4.9581,1.3473,0.90031,21.902,0.92481,0.80357,345.76,14879,82.58,137.87,1333.64,17.7065,10.8545,1.6021,55.788,4.2014,10.5067,1.345,34.325,19.7873,19.3924,795.8,4532.47,3.6813
2023-05-19,1.5018,4.955,1.3485,0.901,21.987,0.92524,0.80348,348.57,14923,82.74,138.37,1325.65,17.6582,10.8262,1.592,55.755,4.1825,10.5195,1.3451,34.39,19.8085,19.3236,797.84,4539.47,3.6828
2023-05-22,1.5056,4.995,1.3508,0.89632,21.878,0.92404,0.80249,346.27,14877,82.86,138.27,1315.62,17.9026,10.882,1.5923,55.769,4.1705,10.5124,1.3449,34.45,19.8327,19.3254,795.4,4525.76,3.6779
2023-05-23,1.5105,4.9772,1.3518,0.90157,21.97,0.92773,0.80706,349.24,14884,82.82,138.42,1319.93,17.9261,10.9398,1.6,55.712,4.1765,10.622,1.3477,34.73,19.8525,19.2894,802.15,4467.37,3.6597
2023-05-24,1.5208,4.951,1.3537,0.90236,21.948,0.92721,0.80661,345.57,14895,82.66,138.43,1318.42,17.8482,10.9573,1.6302,55.696,4.1632,10.6725,1.3469,34.465,19.8878,19.2378,806.4,4443.47,3.6617
2023-05-25,1.5317,4.9669,1.3599,0.90433,22.026,0.93153,0.8085,346.81,14943,82.73,139.39,1326.78,17.7734,10.9637,1.6446,56.015,4.2021,10.7583,1.3521,34.61,19.9292,19.3265,809.6,4492.47,3.6826
2023-05-26,1.5291,5.0114,1.3608,0.90289,21.996,0.93015,0.80749,345.65,14962,82.6,139.75,1325.89,17.737,10.996,1.6423,55.819,4.2186,10.7227,1.3506,34.66,20.03,19.547,797.7,4434.47,3.6742
2023-05-29,1.5291,4.9893,1.3592,0.90369,22.112,0.93327,0.81013,346.66,14960,82.61,140.26,1323.34,17.5939,11.1223,1.6497,56.068,4.2184,10.8218,1.3531,34.75,20.102,19.6556,804.75,4437.47,3.657
2023-05-30,1.5262,5.0034,1.3576,0.9019,22.067,0.93075,0.80384,344.75,14972,82.65,139.62,1317.24,17.5414,11.0522,1.6489,56.286,4.2103,10.8284,1.3496,34.68,20.395,19.664,803.9,4394.47,3.6582
2023-05-31,1.5442,5.0817,1.365,0.91023,22.223,0.93607,0.80881,347.14,15005,82.69,139.6,1325.74,17.7163,11.237,1.6655,56.214,4.2467,10.8844,1.3542,34.76,20.717,19.7838,807.9,4447.47,3.6559
2023-06-01,1.5338,5.0511,1.3568,0.90979,22.144,0.93484,0.80231,346.28,14925,82.46,139.53,1321.15,17.64,11.1872,1.6617,56.144,4.2451,10.8867,1.3523,34.78,20.802,19.7784,804.06,4388.47,3.6672
2023-06-02,1.5096,4.9941,1.3419,0.90662,21.98,0.92911,0.79838,345.03,14843,82.36,138.86,1302.29,17.5162,11.0053,1.6401,55.869,4.1787,10.7317,1.3448,34.61,20.881,19.4611,798.3,4348.47,3.6845
2023-06-05,1.5172,4.9541,1.344,0.91038,22.051,0.93545,0.80751,345.44,14870,82.63,140.28,1306.35,17.5561,11.0641,1.6522,56.19,4.1848,10.8906,1.3518,34.88,21.231,19.3508,798.11,4281.97,3.6654
2023-06-06,1.5013,4.9179,1.3425,0.9078,22.016,0.93607,0.80598,345.06,14875,82.59,139.56,1300.13,17.4517,11.1181,1.6455,56.224,4.2043,10.8785,1.349,34.785,21.507,19.2446,795.68,4217.47,3.6588
2023-06-07,1.4933,4.9087,1.3391,0.90548,22.044,0.9331,0.80218,344.06,14838,82.5,139.42,1300.77,17.3629,11.0082,1.646,55.988,4.1705,10.8477,1.3466,34.74,23.133,19.0342,790.2,4221.47,3.6487
2023-06-08,1.4959,4.9237,1.3358,0.90817,22.003,0.93136,0.80202,343.35,14882,82.54,139.69,1303.77,17.3408,10.9509,1.6481,56.094,4.1714,10.8485,1.3467,34.84,23.366,18.9327,786.0,4170.46,3.6368
2023-06-09,1.4864,4.9133,1.3323,0.9013,21.954,0.92764,0.79587,342.05,14840,82.46,139.37,1290.45,17.38,10.7718,1.6352,56.054,4.1378,10.8284,1.3432,34.58,23.306,18.7208,787.5,4177.47,3.6466
2023-06-12,1.4789,4.8815,1.3337,0.90581,22.071,0.92894,0.79589,341.99,14860,82.42,139.37,1287.28,17.2779,10.8072,1.6294,56.039,4.124,10.7928,1.343,34.59,23.583,18.5629,806.0,4172.97,3.6208
2023-06-13,1.4752,4.8614,1.3345,0.90651,22.063,0.92653,0.79542,343.86,14866,82.33,139.55,1272.8,17.2941,10.7695,1.6274,55.825,4.1462,10.7848,1.3404,34.54,23.67,18.6315,803.25,4181.0,3.6393
2023-06-14,1.4724,4.856,1.3302,0.90212,22.015,0.92515,0.79059,343.05,14895,82.05,139.89,1277.56,17.2183,10.6171,1.6191,55.914,4.1218,10.6953,1.3414,34.71,23.582,18.4217,801.6,4174.47,3.63
2023-06-15,1.4719,4.8289,1.3324,0.90221,21.953,0.9243,0.79078,347.56,14982,82.24,141.29,1282.56,17.1764,10.6318,1.623,56.048,4.131,10.7409,1.3442,34.84,23.672,18.4169,792.78,4148.47,3.6237
2023-06-16,1.4537,4.814,1.3223,0.89094,21.719,0.91191,0.77903,340.14,14944,81.89,141.03,1274.55,17.123,10.5025,1.6041,55.851,4.0788,10.5713,1.3357,34.61,23.663,18.1489,793.7,4165.47,3.6008
2023-06-19,1.4616,4.8149,1.3194,0.89471,21.771,0.91558,0.7807,342.79,14998,81.95,141.86,1282.67,17.1002,10.6514,1.6137,55.743,4.0808,10.7071,1.341,34.78,23.645,18.1741,794.55,4176.47,3.6104
2023-06-20,1.4744,4.7906,1.3238,0.8971,21.729,0.91466,0.78391,340.76,15010,82.09,141.32,1286.32,17.1034,10.7157,1.6202,55.578,4.0669,10.7546,1.3435,34.74,23.57,18.268,803.18,4148.17,3.6175
2023-06-21,1.4789,4.7856,1.3215,0.89746,21.755,0.9155,0.78575,338.64,14951,82.01,141.8,1294.41,17.1558,10.7544,1.6202,55.614,4.0582,10.7629,1.3438,34.84,23.559,18.3814,803.45,4142.47,3.626
2023-06-22,1.4742,4.7639,1.3166,0.8944,21.559,0.91033,0.78393,336.3,14953,81.96,142.06,1296.88,17.1535,10.5589,1.6111,55.651,4.0285,10.6713,1.3419,35.08,24.238,18.4415,803.7,4097.47,3.6117
2023-06-23,1.4962,4.7992,1.3212,0.89792,21.733,0.91878,0.78536,339.86,15011,81.97,143.18,1310.11,17.246,10.8935,1.6316,55.766,4.0645,10.7268,1.353,35.21,25.246,18.711,805.45,4186.47,3.6147
2023-06-26,1.4972,4.779,1.3147,0.89183,21.661,0.91592,0.78657,338.07,15056,82.03,143.26,1305.71,17.1151,10.7236,1.6203,55.746,4.0633,10.7002,1.3524,35.17,25.903,18.606,804.45,4160.16,3.6299
2023-06-27,1.4947,4.7768,1.3157,0.89389,21.559,0.91316,0.78523,336.5,15001,81.99,143.49,1300.52,17.0844,10.7354,1.6199,55.289,4.0437,10.7209,1.3485,35.25,26.042,18.4668,796.93,4169.47,3.6174
2023-06-28,1.5108,4.84,1.3248,0.89797,21.652,0.91424,0.79009,339.85,14993,82.05,144.29,1311.33,17.0813,10.8242,1.6449,55.22,4.0924,10.7835,1.353,35.61,26.071,18.7265,799.85,4146.47,3.6108
2023-06-29,1.5067,4.846,1.3259,0.8944,21.655,0.91424,0.78991,339.09,15001,82.02,144.21,1315.39,17.0814,10.7556,1.6399,55.275,4.067,10.8041,1.3522,35.59,26.037,18.7091,802.65,4183.67,3.6161
2023-06-30,1.5091,4.8581,1.3266,0.90079,21.85,0.9203,0.78988,342.29,15079,82.1,144.63,1321.44,17.0821,10.7712,1.6435,55.294,4.085,10.8646,1.3558,35.415,26.062,18.938,800.93,4172.47,3.61
2023-07-03,1.5032,4.7787,1.325,0.89917,21.755,0.91752,0.78888,344.1,15059,81.95,144.79,1308.14,17.1218,10.7299,1.629,55.299,4.0724,10.857,1.3521,35.18,26.078,18.7577,798.12,4172.0,3.6069
2023-07-04,1.4948,4.7997,1.322,0.89601,21.749,0.91785,0.78635,344.55,15013,82.02,144.41,1298.4,17.0411,10.6432,1.6158,55.223,4.0583,10.8417,1.3487,34.91,26.054,18.6462,798.2,4137.37,3.6121
2023-07-05,1.501,4.8656,1.328,0.89916,21.854,0.9192,0.78762,347.83,15057,82.29,144.55,1300.94,17.0606,10.7046,1.6169,55.454,4.0958,10.8737,1.3525,34.91,26.09,18.7416,796.18,4125.82,3.6173
2023-07-06,1.4963,4.856,1.3294,0.89522,21.873,0.91752,0.78273,351.36,15067,82.44,143.66,1302.68,17.0666,10.6771,1.6086,55.549,4.1062,10.9226,1.3498,35.02,26.015,18.9265,801.84,4226.47,3.6322
2023-07-07,1.5077,4.9161,1.337,0.89585,21.992,0.91844,0.78341,356.66,15174,82.71,143.29,1305.94,17.256,10.7536,1.6205,55.561,4.1181,10.9364,1.3517,35.23,26.068,19.0963,807.02,4151.97,3.6264
2023-07-10,1.5049,4.86,1.3282,0.8902,21.763,0.91274,0.78252,349.26,15203,82.6,142.14,1304.77,17.1179,10.5545,1.6162,55.674,4.0624,10.8384,1.3484,35.12,26.095,18.8499,812.87,4153.14,3.635
2023-07-11,1.5009,4.8848,1.3275,0.88206,21.708,0.91,0.7745,345.35,15177,82.42,140.39,1294.26,17.0676,10.4213,1.6167,55.316,4.0552,10.7016,1.3421,34.77,26.108,18.6505,814.62,4171.67,3.6064
2023-07-12,1.4951,4.8518,1.3223,0.87852,21.619,0.90728,0.77461,341.57,15069,82.31,139.58,1289.06,17.0101,10.2803,1.6166,54.857,4.0349,10.597,1.3383,34.87,26.144,18.4513,810.82,4134.24,3.5679
2023-07-13,1.4576,4.8066,1.3159,0.86246,21.241,0.89429,0.7651,335.49,14959,82.09,138.47,1268.71,16.9243,10.059,1.5722,54.355,3.9638,10.2933,1.325,34.58,26.156,18.0782,810.62,4095.47,3.5588
2023-07-14,1.4571,4.7988,1.3125,0.85991,21.19,0.89119,0.76277,333.79,14970,82.17,138.59,1268.18,16.8877,9.9906,1.5675,54.483,3.9649,10.2424,1.3207,34.635,26.189,18.0046,813.7,4056.47,3.542
2023-07-17,1.4681,4.805,1.3219,0.85948,21.155,0.89047,0.76467,332.17,14998,82.02,138.36,1266.18,16.7833,10.0107,1.5785,54.43,3.9633,10.2291,1.3214,34.6,26.315,18.0392,817.68,4010.47,3.5432
2023-07-18,1.4681,4.798,1.3205,0.85713,21.162,0.88849,0.76267,332.01,14984,82.03,138.07,1261.24,16.7063,10.0751,1.5911,54.43,3.9501,10.2212,1.3208,34.15,26.968,17.9049,815.05,3993.47,3.5586
2023-07-19,1.4776,4.8116,1.3184,0.85796,21.322,0.89111,0.77453,334.17,14998,82.08,139.69,1265.66,16.7634,10.0392,1.5994,54.6,3.9661,10.2263,1.3255,34.155,26.932,17.9175,805.9,3972.47,3.5674
2023-07-20,1.4661,4.7928,1.3143,0.8605,21.399,0.8931,0.77628,338.7,14984,81.97,139.64,1271.08,16.79,9.9629,1.595,54.54,3.9754,10.2523,1.3224,33.96,26.913,17.8307,816.2,3977.97,3.5688
2023-07-21,1.4843,4.8042,1.3187,0.86577,21.633,0.89904,0.77952,341.9,15027,81.97,141.72,1285.19,16.9497,10.049,1.6166,54.73,4.0082,10.3854,1.3299,34.37,26.937,18.0149,822.0,3967.13,3.5727
2023-07-24,1.4842,4.7748,1.3189,0.86473,21.755,0.90123,0.77821,341.01,15021,81.81,141.01,1280.52,16.8828,10.087,1.6121,54.605,4.0068,10.4087,1.3304,34.39,26.954,17.8377,827.57,3950.64,3.5766
2023-07-25,1.4775,4.7216,1.3177,0.86852,21.76,0.9049,0.77955,342.35,15028,81.84,141.33,1275.57,16.8081,10.0991,1.6094,54.539,4.0053,10.4018,1.3281,34.49,26.952,17.5781,828.23,3969.97,3.5892
2023-07-26,1.483,4.7383,1.322,0.86346,21.747,0.90424,0.77489,347.35,15047,82.03,140.43,1275.48,16.8824,10.1275,1.6108,54.635,3.9967,10.4271,1.3276,34.28,26.948,17.7051,823.18,3940.84,3.5839
2023-07-27,1.4726,4.7341,1.3172,0.85771,21.602,0.89888,0.772,340.7,15003,81.92,140.18,1279.08,16.7809,10.0022,1.5997,54.57,3.9789,10.3357,1.3238,34.09,26.946,17.5135,829.48,3953.57,3.5814
2023-07-28,1.4994,4.7226,1.3218,0.86776,21.824,0.90827,0.77711,348.1,15095,82.2,139.28,1277.68,16.7098,10.1435,1.6217,54.864,4.0066,10.4946,1.3309,34.38,26.955,17.6484,828.73,3912.95,3.5844
2023-07-31,1.4911,4.7202,1.3214,0.87263,21.682,0.90719,0.77805,351.02,15080,82.26,142.18,1275.05,16.7004,10.1429,1.6124,54.905,3.998,10.5139,1.3299,34.23,26.955,17.7366,838.45,3922.35,3.587
2023-08-01,1.5093,4.7537,1.3281,0.87603,21.833,0.91158,0.78273,354.83,15120,82.28,142.98,1288.57,16.7984,10.2197,1.6257,54.86,4.0386,10.6195,1.3346,34.255,26.965,18.1175,839.95,4012.47,3.6296
2023-08-02,1.5194,4.7848,1.331,0.87774,21.783,0.91033,0.78323,352.19,15181,82.55,142.81,1295.19,16.8641,10.1607,1.635,55.169,4.0487,10.6336,1.3376,34.275,26.965,18.3505,848.03,4063.45,3.6301
2023-08-03,1.532,4.8478,1.3373,0.87623,21.985,0.91475,0.79096,357.53,15168,82.78,142.92,1301.49,17.2241,10.3151,1.6452,55.565,4.0796,10.7405,1.3427,34.625,26.964,18.6334,850.4,4169.97,3.6856
2023-08-04,1.5251,4.9086,1.3382,0.87685,22.163,0.91358,0.78744,357.88,15188,82.89,142.62,1311.35,17.3183,10.2191,1.6453,55.795,4.064,10.6888,1.343,34.79,26.991,18.6561,851.55,4033.97,3.6691
2023-08-07,1.5218,4.8806,1.3372,0.87627,22.054,0.91042,0.78444,354.61,15193,82.73,142.22,1307.7,17.0694,10.1498,1.6391,56.131,4.0184,10.6177,1.341,34.82,27.001,18.6062,858.3,4021.47,3.678
2023-08-08,1.5376,4.9315,1.3482,0.87719,22.149,0.91374,0.78726,354.99,15228,82.84,143.05,1320.19,17.1944,10.3207,1.6553,56.421,4.0662,10.731,1.3492,35.04,27.021,18.9026,861.23,4077.47,3.6857
2023-08-09,1.5298,4.8928,1.3439,0.87774,22.149,0.91174,0.78574,354.16,15191,82.86,143.46,1314.25,17.1504,10.2173,1.6505,56.28,4.0728,10.6852,1.3458,34.975,27.03,19.0481,860.8,4023.9,3.6794
2023-08-10,1.5216,4.889,1.3399,0.87286,21.983,0.90752,0.78331,349.51,15174,82.68,143.78,1312.57,17.0123,10.1447,1.6447,56.103,4.0428,10.6126,1.3455,35.015,27.039,18.7739,845.65,3948.01,3.6483
2023-08-11,1.5313,4.876,1.3441,0.87395,21.904,0.90876,0.78531,347.87,15278,82.79,144.47,1326.16,17.0022,10.3803,1.6629,56.502,4.032,10.7302,1.3495,35.03,27.047,18.8241,859.2,3960.73,3.6757
2023-08-14,1.5419,4.9189,1.3449,0.87905,21.993,0.91491,0.78879,350.21,15309,83.09,145.18,1335.22,17.0365,10.4611,1.6747,56.845,4.0618,10.833,1.3553,35.2,27.052,19.0192,856.1,4042.47,3.6928
2023-08-15,1.5457,4.9693,1.3493,0.87736,22.092,0.91525,0.7867,355.56,15340,83.34,145.56,1336.9,17.1269,10.4984,1.6754,56.859,4.1084,10.8356,1.3572,35.39,27.059,19.2028,859.2,4094.37,3.6918
2023-08-16,1.5477,4.9722,1.349,0.8799,22.041,0.91609,0.78458,353.11,15285,83.22,145.72,1338.5,17.0785,10.4919,1.6748,56.662,4.0791,10.8355,1.3578,35.36,27.062,19.116,869.53,4132.97,3.7088
2023-08-17,1.5533,4.9658,1.3503,0.87661,22.09,0.91743,0.78344,352.96,15346,83.03,145.76,1337.87,17.0785,10.5491,1.6787,56.64,4.1026,10.8868,1.3572,35.36,27.099,19.0294,866.43,4108.47,3.7019
2023-08-18,1.5643,4.9762,1.3558,0.88074,22.119,0.92022,0.78672,352.99,15319,83.08,145.5,1340.79,17.0775,10.6561,1.6886,56.341,4.1132,10.9858,1.3574,35.35,27.104,19.0605,867.3,4116.47,3.7026
2023-08-21,1.558,4.9633,1.3497,0.87899,22.021,0.91676,0.7836,349.95,15326,83.11,145.9,1338.76,17.045,10.5615,1.6875,56.42,4.1057,10.9181,1.356,35.125,27.164,18.9549,869.75,4105.35,3.7108
2023-08-22,1.5503,4.95,1.3517,0.87857,22.045,0.91853,0.78339,350.9,15338,82.96,145.77,1336.08,16.9214,10.581,1.6776,56.261,4.1006,10.8965,1.3552,35.02,27.201,18.7315,869.2,4114.95,3.7076
2023-08-23,1.5585,4.9335,1.3574,0.88144,22.334,0.9255,0.79272,354.77,15293,82.67,145.56,1340.36,16.8863,10.7108,1.6866,56.78,4.1437,11.0191,1.3584,35.11,27.217,18.7043,855.18,4073.3,3.6968
2023-08-24,1.5533,4.8768,1.3548,0.8821,22.26,0.92251,0.79013,354.46,15245,82.58,145.72,1322.0,16.8303,10.6804,1.6851,56.725,4.1299,10.994,1.3543,35.02,26.339,18.679,844.61,4102.47,3.6758
2023-08-25,1.5552,4.8597,1.3575,0.8849,22.314,0.92524,0.7924,353.24,15286,82.62,145.96,1323.63,16.7693,10.6569,1.6884,56.65,4.1349,11.0057,1.3546,35.065,26.477,18.651,844.68,4119.57,3.6782
2023-08-28,1.558,4.8698,1.3595,0.88444,22.333,0.92524,0.794,354.02,15288,82.62,146.51,1326.55,16.7012,10.7055,1.6916,56.7,4.1391,11.0104,1.3563,35.275,26.558,18.6528,850.68,4116.42,3.6798
2023-08-29,1.5581,4.884,1.3628,0.88475,22.367,0.92567,0.79478,353.84,15258,82.78,147.12,1326.4,16.7823,10.7049,1.6946,56.75,4.1396,10.9988,1.356,35.2,26.627,18.5597,857.93,4093.88,3.6711
2023-08-30,1.5446,4.8573,1.3562,0.87893,22.145,0.91861,0.78927,348.93,15240,82.69,146.2,1324.7,16.7626,10.6063,1.6765,56.77,4.1088,10.8773,1.3525,35.04,26.749,18.5716,849.71,4095.45,3.6799
2023-08-31,1.5444,4.8842,1.3545,0.88185,22.149,0.92013,0.78872,349.77,15230,82.75,145.83,1324.59,16.7341,10.6551,1.6801,56.63,4.1105,10.8971,1.3513,34.97,26.67,18.7891,851.43,4086.0,3.6755
2023-09-01,1.5434,4.9331,1.3515,0.88288,22.241,0.92217,0.7888,353.86,15240,82.72,145.21,1317.13,17.0775,10.592,1.675,56.54,4.1207,10.9701,1.3501,34.965,26.72,18.6933,850.78,4046.95,3.6842
2023-09-04,1.5469,4.9373,1.3597,0.88399,22.32,0.92584,0.79206,354.64,15245,82.68,146.38,1317.63,17.0684,10.6476,1.6823,56.61,4.1351,11.0184,1.3538,35.21,26.779,18.9427,,4048.77,3.6773
2023-09-05,1.5711,4.9561,1.3654,0.88976,22.515,0.93188,0.79708,359.71,15273,83.03,147.42,1333.75,17.2571,10.7572,1.7051,57.04,4.1832,11.1029,1.3618,35.485,26.79,19.2004,873.5,4089.45,3.6823
2023-09-06,1.5636,4.9792,1.3643,0.88981,22.538,0.93067,0.79575,362.17,15293,83.15,147.21,1331.62,17.5389,10.6952,1.696,57.01,4.1889,11.0847,1.361,35.52,26.777,19.2369,871.4,4074.45,3.6876
2023-09-07,1.5655,4.9795,1.3655,0.89234,22.754,0.93371,0.80205,361.89,15325,83.19,147.25,1336.79,17.4542,10.7194,1.6987,56.79,4.2841,11.12,1.3644,35.6,26.83,19.1615,882.45,4020.54,3.6975
2023-09-08,1.5642,4.9737,1.3661,0.89154,22.844,0.93423,0.80096,360.33,15357,83.02,147.46,1334.56,17.4719,10.6708,1.6935,56.67,4.3174,11.1211,1.3644,35.54,26.849,19.0929,894.54,4012.45,3.7013
2023-09-11,1.5531,4.9613,1.3582,0.89146,22.853,0.93249,0.79868,358.17,15365,82.96,146.55,1329.67,17.5495,10.6527,1.6878,56.73,4.3303,11.0775,1.3609,35.48,26.874,18.8997,890.15,3988.45,3.6846
2023-09-12,1.5572,4.9398,1.3582,0.89247,22.967,0.93345,0.80206,359.45,15367,82.92,146.94,1327.94,17.3332,10.6917,1.6942,56.65,4.3499,11.0963,1.3626,35.685,26.898,18.9751,892.15,3985.1,3.6823
2023-09-13,1.5617,4.9502,1.3562,0.89341,22.815,0.93171,0.80211,358.1,15376,83.0,147.47,1328.84,17.2573,10.6944,1.6946,56.74,4.3085,11.1316,1.3617,35.775,26.941,18.9416,881.35,3939.45,3.6873
2023-09-14,1.5515,4.907,1.3518,0.89357,22.803,0.93197,0.80144,358.15,15355,82.99,147.37,1325.67,17.1555,10.7212,1.6866,56.69,4.3127,11.137,1.3608,35.775,26.952,18.9292,888.23,3923.96,3.7055
2023-09-15,1.5479,4.8658,1.3519,0.89642,22.984,0.93826,0.80576,360.06,15368,83.15,147.78,1328.37,17.1022,10.7168,1.6896,56.87,4.3449,11.14,1.3627,35.79,26.976,19.0439,883.64,3925.02,3.7085
2023-09-18,1.5544,4.8678,1.3505,0.89693,22.888,0.93782,0.80785,360.25,15370,83.31,147.65,1325.6,17.092,10.8495,1.6944,56.77,4.3499,11.2419,1.3646,35.705,27.02,19.0331,883.64,3892.35,3.6949
2023-09-19,1.5463,4.8459,1.3416,0.89564,22.806,0.93345,0.80522,357.74,15380,83.21,147.67,1324.54,17.083,10.7258,1.6823,56.645,4.345,11.0935,1.3625,35.93,27.033,18.9331,883.64,3927.46,3.6859
2023-09-20,1.5416,4.8572,1.3424,0.89712,22.788,0.9344,0.80854,358.53,15358,83.08,147.9,1327.22,17.033,10.7288,1.6769,56.721,4.3359,11.101,1.3625,36.06,27.036,18.8367,882.35,3919.46,3.7055
2023-09-21,1.5625,4.8982,1.351,0.90531,22.978,0.94029,0.81535,364.63,15375,83.09,147.95,1340.9,17.151,10.8387,1.6929,56.921,4.3507,11.2139,1.369,36.19,27.123,18.9488,888.64,3947.46,3.7262
2023-09-22,1.5494,4.9117,1.3434,0.90636,22.88,0.93923,0.81521,363.2,15375,82.93,148.28,1332.99,17.156,10.7326,1.6749,56.758,4.3134,11.1571,1.3646,35.96,27.165,18.7818,892.26,3983.01,3.7335
2023-09-25,1.5559,4.939,1.3459,0.91,22.926,0.94047,0.81788,367.8,15381,83.12,148.67,1338.25,17.2363,10.7496,1.6762,56.753,4.3161,11.0298,1.3659,36.11,27.209,18.7539,901.03,4054.35,3.7603
2023-09-26,1.5595,4.9713,1.3501,0.91231,23.018,0.94295,0.82056,366.69,15490,83.26,148.86,1348.53,17.4273,10.7874,1.6768,57.007,4.3463,10.9892,1.3673,36.35,27.269,18.9901,903.8,4067.46,3.7705
2023-09-27,1.57,5.0034,1.353,0.91875,23.225,0.94913,0.82394,370.97,15551,83.19,149.2,1352.69,17.6181,10.783,1.6875,56.99,4.3897,11.0341,1.3714,36.58,27.304,19.1932,911.1,4109.96,3.7893
2023-09-28,1.564,5.0399,1.3479,0.9183,23.131,0.94886,0.81918,372.28,15545,83.16,149.28,1353.74,17.643,10.7373,1.6793,56.92,4.3973,11.0129,1.3693,36.68,27.417,19.1384,905.95,4059.46,3.7721
2023-09-29,1.5423,5.009,1.3429,0.91269,22.974,0.94393,0.8161,367.66,15465,83.08,149.24,1345.35,17.4655,10.6225,1.659,56.607,4.3688,10.8859,1.3633,36.51,27.422,18.861,887.85,4077.17,3.7721
2023-10-02,1.5643,5.057,1.3613,0.91491,23.229,0.94967,0.82268,369.04,15549,83.17,149.73,1355.76,17.5245,10.7526,1.6753,56.787,4.3802,11.0003,1.3722,36.94,27.462,19.1368,907.78,4159.46,3.7807
2023-10-03,1.5868,5.0979,1.3721,0.92272,23.397,0.9552,0.82888,369.4,15605,83.22,149.98,1361.46,17.7691,10.9139,1.6955,56.79,4.4159,11.1162,1.3748,37.06,27.499,19.3333,917.55,4222.81,3.7783
2023-10-04,1.5828,5.14,1.371,0.91779,23.271,0.95265,0.82488,368.98,15630,83.26,149.07,1354.78,17.9576,10.9684,1.695,56.69,4.4087,11.037,1.372,37.0,27.57,19.2836,922.25,4284.46,3.788
2023-10-05,1.5751,5.1655,1.3755,0.9144,23.196,0.95003,0.82277,367.74,15605,83.25,148.88,1349.46,18.0704,10.9921,1.683,56.68,4.369,11.018,1.37,36.94,27.557,19.5592,913.6,4345.96,3.806
2023-10-06,1.5727,5.1722,1.372,0.91158,23.121,0.9467,0.81899,366.19,15641,83.15,149.08,1347.18,18.2744,10.9902,1.6767,56.625,4.3532,10.986,1.3667,36.99,27.617,19.4017,920.25,4323.96,3.8102
2023-10-09,1.5712,5.1643,1.3655,0.90979,23.243,0.94958,0.82157,368.96,15690,83.3,149.14,1352.59,18.2715,10.9038,1.6724,56.89,4.3489,11.0232,1.3692,37.11,27.702,19.3809,917.79,4314.46,3.8217
2023-10-10,1.5628,5.123,1.3596,0.90616,23.215,0.945,0.81639,366.07,15730,83.24,149.04,1349.08,18.1937,10.8642,1.6643,56.84,4.3059,10.9625,1.3665,36.72,27.725,19.1627,929.38,4230.25,3.8061
2023-10-11,1.5588,5.0416,1.3607,0.90306,23.164,0.94304,0.81351,364.53,15722,83.18,148.88,1340.31,17.8705,10.8405,1.6611,56.775,4.2586,10.9067,1.3628,36.415,27.734,18.8948,925.15,4214.46,3.8039
2023-10-12,1.5617,5.0479,1.3594,0.90084,23.119,0.94171,0.81232,363.41,15663,83.24,149.12,1337.29,17.7746,10.8452,1.6672,56.65,4.2651,10.8706,1.3627,36.15,27.748,18.8417,937.3,4261.69,3.8236
2023-10-13,1.5832,5.0696,1.368,0.90707,23.442,0.95021,0.82112,368.42,15683,83.27,149.6,1352.22,17.9386,10.9426,1.6934,56.79,4.3092,10.9749,1.3688,36.35,27.801,18.9677,939.5,4234.46,3.849
2023-10-16,1.5809,5.0607,1.3627,0.90197,23.405,0.94895,0.82127,367.29,15704,83.25,149.5,1354.42,17.9663,10.929,1.6889,56.76,4.2449,10.9485,1.369,36.27,27.881,18.7957,944.75,4239.96,3.845
2023-10-17,1.5727,5.0435,1.3635,0.90046,23.278,0.94616,0.82146,364.25,15715,83.22,149.52,1352.62,17.9371,10.9528,1.6964,56.745,4.1889,10.9093,1.3692,36.41,27.919,18.8417,935.98,4197.4,3.8308
2023-10-18,1.5699,5.0445,1.3654,0.89844,23.36,0.94652,0.81978,363.59,15758,83.25,149.65,1351.85,18.0073,10.9749,1.6961,56.71,4.2035,10.9459,1.3693,36.27,28.009,18.8279,944.87,4247.46,3.8535
2023-10-19,1.5834,5.0691,1.3719,0.89695,23.37,0.94715,0.82495,363.7,15855,83.23,149.85,1358.97,18.3445,11.0791,1.7161,56.87,4.2148,11.0016,1.3733,36.47,27.998,19.1315,935.75,4265.46,3.8534
2023-10-20,1.5836,5.0562,1.3683,0.89151,23.325,0.9442,0.82346,361.68,15858,83.07,149.94,1351.71,18.3531,11.029,1.7152,56.81,4.2161,10.9848,1.3715,36.52,28.02,19.0596,944.0,4233.46,3.8707
2023-10-23,1.5858,5.0509,1.3723,0.8928,23.257,0.94366,0.82243,360.46,15939,83.14,149.96,1352.08,18.346,11.1338,1.7194,56.84,4.2078,11.0476,1.3722,36.48,28.05,19.062,933.7,4212.56,3.8485
2023-10-24,1.5715,5.02,1.3698,0.89362,23.193,0.94056,0.81852,360.42,15856,83.06,149.79,1343.82,18.155,11.1226,1.7093,56.8,4.1977,11.0474,1.3668,36.2,28.099,19.1093,927.0,4212.46,3.8469
2023-10-25,1.577,4.9984,1.3757,0.8958,23.348,0.94554,0.82489,364.32,15878,83.18,149.91,1349.44,18.2714,11.1933,1.7177,56.86,4.2384,11.1304,1.3695,36.19,28.114,19.1396,922.2,4179.46,3.8591
2023-10-26,1.5862,4.9994,1.3819,0.8981,23.448,0.94877,0.82704,363.85,15920,83.24,150.36,1357.37,18.3909,11.2476,1.7249,57.01,4.2384,11.1959,1.3713,36.29,28.159,19.0825,932.95,4134.75,3.8528
2023-10-27,1.5763,4.9759,1.3824,0.90143,23.392,0.94868,0.82557,363.28,15940,83.25,149.97,1356.97,18.0858,11.2214,1.7173,56.98,4.242,11.2167,1.3713,36.21,28.195,18.9126,907.2,4100.46,3.8403
2023-10-30,1.5688,4.9931,1.3833,0.90184,23.156,0.94295,0.82362,360.61,15890,83.26,149.74,1348.77,18.0301,11.1179,1.7138,56.89,4.2023,11.1325,1.3657,35.9,28.24,18.7582,906.38,4053.96,3.8062
2023-10-31,1.5763,5.061,1.3854,0.9047,23.126,0.94171,0.82273,359.85,15885,83.27,150.96,1351.03,18.0385,11.1814,1.7162,56.78,4.1817,11.1381,1.3678,36.035,28.295,18.7877,894.0,4115.46,3.8238
2023-11-01,1.5717,5.0264,1.3865,0.90842,23.419,0.94904,0.82514,364.19,15947,83.28,151.21,1356.33,17.9802,11.1948,1.7147,56.81,4.2382,11.2043,1.3707,36.2,28.331,18.6342,896.5,4079.46,3.8188
2023-11-02,1.5517,4.9543,1.3795,0.90254,23.107,0.938,0.81892,358.32,15810,83.2,149.98,1329.27,17.5897,11.1381,1.6922,56.505,4.1736,11.0862,1.3622,35.88,28.35,18.3562,887.75,4019.75,3.754
2023-11-03,1.5397,4.8984,1.3692,0.89936,22.813,0.9344,0.81277,355.43,15664,83.21,149.38,1310.43,17.3615,11.076,1.6742,56.08,4.1581,10.9699,1.3564,35.56,28.408,18.3404,874.13,3983.82,3.7367
2023-11-06,1.5384,4.8967,1.3652,0.89805,22.757,0.93101,0.80663,353.77,15534,83.23,149.77,1298.15,17.4693,11.0078,1.6746,55.906,4.1588,10.8533,1.3501,35.565,28.439,18.2617,881.5,3977.96,3.7578
2023-11-07,1.5568,4.8631,1.3737,0.9008,23.041,0.9358,0.81279,354.2,15663,83.27,150.45,1308.32,17.5227,11.1567,1.6888,56.065,4.1754,10.9204,1.3553,35.615,28.5,18.39,883.78,4007.83,3.7629
2023-11-08,1.5549,4.8854,1.3786,0.89954,23.115,0.93712,0.81543,355.52,15677,83.29,150.85,1313.87,17.5217,11.1803,1.6874,55.985,4.1847,10.9226,1.357,35.533,28.513,18.4884,899.13,4092.96,3.7824
2023-11-09,1.562,4.8993,1.3784,0.90141,22.968,0.93537,0.81569,354.04,15640,83.29,151.13,1311.29,17.5447,11.1622,1.6869,55.855,4.1614,10.8821,1.3584,35.627,28.501,18.6069,915.65,4040.46,3.7947
2023-11-10,1.5721,4.9217,1.381,0.90199,22.957,0.93607,0.81845,353.3,15693,83.29,151.43,1318.75,17.8229,11.1135,1.6961,55.864,4.1414,10.8855,1.3596,35.94,28.564,18.7494,911.63,4023.84,3.8137
2023-11-13,1.5691,4.9296,1.3828,0.90497,23.037,0.93721,0.81682,353.51,15700,83.26,151.79,1324.95,17.6963,11.1312,1.7003,56.084,4.15,10.881,1.3608,35.995,28.589,18.746,922.46,4023.84,3.8111
2023-11-14,1.5684,4.8908,1.3831,0.90153,22.894,0.93249,0.81341,352.12,15704,83.18,151.69,1325.75,17.5642,11.1386,1.7037,56.01,4.1226,10.8669,1.3607,36.055,28.637,18.7141,889.75,3959.17,3.7669
2023-11-15,1.5318,4.861,1.3668,0.88701,22.549,0.92013,0.80225,347.17,15482,83.08,150.34,1297.85,17.337,10.8079,1.6549,55.71,4.0458,10.5364,1.3475,35.48,28.668,18.1383,885.75,4036.96,3.772
2023-11-16,1.5426,4.8579,1.3726,0.88958,22.533,0.92174,0.80671,346.85,15579,83.24,151.21,1293.55,17.2767,10.8466,1.6721,55.71,4.0308,10.5907,1.3489,35.48,28.672,18.3167,882.72,4084.35,3.7692
2023-11-17,1.5369,4.87,1.3712,0.88696,22.499,0.91979,0.80385,347.45,15376,83.25,149.27,1292.31,17.204,10.8637,1.6704,55.57,4.0259,10.5602,1.3438,35.015,28.695,18.3273,882.05,4067.07,3.7714
2023-11-20,1.5253,4.8832,1.3721,0.88443,22.457,0.91508,0.80189,346.72,15448,83.37,148.35,1292.61,17.166,10.7247,1.6592,55.36,3.998,10.4566,1.3398,35.225,28.764,18.4334,876.43,4019.71,3.7385
2023-11-21,1.5201,4.8794,1.3719,0.88298,22.372,0.91283,0.79713,346.13,15499,83.29,147.52,1290.66,17.132,10.6527,1.6455,55.43,3.9822,10.4099,1.3362,35.185,28.804,18.3843,868.05,4067.23,3.7421
2023-11-22,1.5231,4.8943,1.371,0.88351,22.436,0.91651,0.79764,348.82,15602,83.31,148.7,1299.7,17.1773,10.725,1.6557,55.63,3.9983,10.439,1.3401,35.175,28.829,18.606,871.35,4063.96,3.7427
2023-11-23,1.526,4.8961,1.3706,0.88477,22.355,0.91743,0.79761,348.33,15550,83.32,149.52,1301.7,17.1646,10.744,1.6561,55.38,4.005,10.494,1.3411,35.27,28.765,18.8275,873.38,4062.77,3.7346
2023-11-24,1.5226,4.885,1.3682,0.88311,22.358,0.91609,0.79533,348.0,15570,83.4,149.6,1305.98,17.1273,10.7498,1.6482,55.43,3.9976,10.4791,1.3412,35.445,28.881,18.8998,867.0,4036.42,3.7324
2023-11-27,1.5136,4.8874,1.3633,0.88028,22.248,0.91316,0.79144,346.98,15482,83.34,148.72,1299.07,17.0541,10.6693,1.6396,55.514,3.9805,10.4292,1.337,35.055,28.908,18.6367,870.5,3970.97,3.7199
2023-11-28,1.5131,4.8948,1.3597,0.8809,22.253,0.91333,0.79295,346.93,15486,83.35,148.63,1296.82,17.1792,10.701,1.6422,55.435,3.9705,10.442,1.3362,34.92,28.933,18.7076,867.03,3947.46,3.7296
2023-11-29,1.5099,4.8962,1.3582,0.87647,22.085,0.91033,0.78766,343.54,15439,83.32,147.58,1290.91,17.1839,10.6477,1.6243,55.38,3.9467,10.3464,1.3317,34.8,28.915,18.5162,868.04,3997.95,3.7329
2023-11-30,1.5133,4.9386,1.3604,0.87476,22.223,0.91483,0.79012,348.32,15535,83.35,147.46,1297.94,17.4033,10.7218,1.6249,55.46,3.9786,10.4572,1.3358,35.215,28.857,18.818,871.35,4034.52,3.736
2023-12-01,1.5125,4.923,1.355,0.87632,22.373,0.91954,0.79122,349.15,15485,83.32,148.17,1306.42,17.3014,10.7568,1.6219,55.404,3.9936,10.4566,1.338,35.14,28.915,18.697,852.63,3965.47,3.7353
2023-12-04,1.5045,4.8928,1.3541,0.87192,22.446,0.92013,0.78938,348.99,15477,83.38,146.73,1304.66,17.2652,10.7453,1.6153,55.325,3.9927,10.4168,1.3356,34.997,28.89,18.7367,866.65,4017.46,3.7442
2023-12-05,1.5246,4.9585,1.359,0.87418,22.528,0.92447,0.79248,350.65,15476,83.38,147.11,1314.76,17.4848,10.8963,1.6305,55.313,3.996,10.4553,1.3393,35.253,28.929,18.9258,876.9,3997.17,3.7558
2023-12-06,1.5208,4.9169,1.3561,0.87484,22.578,0.92782,0.7943,353.1,15524,83.35,147.24,1315.54,17.3279,10.9445,1.6245,55.31,4.027,10.4904,1.3409,35.16,28.94,18.9646,870.65,4007.93,3.7537
2023-12-07,1.5233,4.8848,1.3607,0.87698,22.613,0.92842,0.79612,354.08,15540,83.36,145.0,1319.3,17.3197,10.9122,1.6297,55.305,4.0213,10.45,1.3403,35.21,28.932,18.7596,870.3,3984.93,3.754
2023-12-08,1.515,4.9117,1.3572,0.87575,22.598,0.9279,0.79512,354.37,15514,83.41,144.32,1310.97,17.4374,10.8815,1.6268,55.45,4.0195,10.4278,1.3386,35.35,28.982,18.8977,866.8,3982.15,3.7539
2023-12-11,1.5264,4.9427,1.3581,0.8811,22.652,0.92963,0.79557,355.02,15672,83.37,146.45,1320.73,17.4137,10.965,1.6369,55.58,4.0256,10.502,1.3437,35.7,28.992,19.0983,880.83,3959.46,3.7728
2023-12-12,1.5178,4.9359,1.3565,0.87403,22.603,0.92558,0.79534,353.39,15582,83.38,145.17,1309.89,17.3472,10.9015,1.6265,55.63,4.0164,10.442,1.3402,35.675,29.041,18.9097,874.25,3986.6,3.7764
2023-12-13,1.5252,4.9698,1.3576,0.87624,22.69,0.92704,0.79837,353.11,15632,83.4,145.67,1319.05,17.3236,10.9623,1.64,56.08,4.0104,10.4543,1.3433,35.795,29.053,19.085,870.0,3967.46,3.7852
2023-12-14,1.4917,4.8859,1.3442,0.86913,22.354,0.91583,0.78721,347.5,15499,83.33,141.77,1293.76,17.3094,10.5486,1.6121,55.73,3.9494,10.239,1.3304,34.935,29.002,18.5631,864.78,3966.14,3.7657
2023-12-15,1.4913,4.9411,1.3387,0.8668,22.362,0.91358,0.78415,349.47,15556,83.08,141.74,1300.26,17.2978,10.46,1.609,55.76,3.9366,10.2435,1.3302,34.825,29.048,18.2533,866.45,3942.46,3.7604
2023-12-18,1.4861,4.94,1.3358,0.86829,22.479,0.91592,0.7901,353.09,15493,83.16,142.84,1300.42,17.2612,10.3943,1.6041,55.84,3.9797,10.2079,1.3317,35.005,29.061,18.5318,870.9,3931.46,3.744
2023-12-19,1.4845,4.8691,1.3385,0.86389,22.373,0.91224,0.7854,349.37,15506,83.18,144.32,1304.71,17.096,10.3681,1.601,55.96,3.9567,10.1943,1.3309,34.953,29.094,18.4793,861.18,3943.46,3.7109
2023-12-20,1.479,4.8691,1.3349,0.8644,22.421,0.91374,0.79089,352.0,15528,83.21,143.57,1302.65,17.0748,10.3157,1.5918,55.73,3.9668,10.169,1.3306,34.952,29.133,18.3763,871.7,3939.96,3.704
2023-12-21,1.4789,4.8883,1.3355,0.85878,22.29,0.9105,0.79036,348.17,15468,83.25,142.76,1302.96,17.065,10.3023,1.5966,55.52,3.9518,10.1056,1.3291,34.85,29.157,18.3338,878.0,3944.6,3.711
2023-12-22,1.4694,4.8647,1.328,0.8543,22.307,0.90719,0.78617,346.48,15450,83.13,142.12,1297.33,16.9604,10.2245,1.588,55.4,3.939,10.0296,1.3239,34.55,29.215,18.4224,887.8,3907.05,3.711
2023-12-27,1.4614,4.8291,1.3206,0.85296,22.298,0.90375,0.78473,344.9,15418,83.32,142.62,1294.78,16.9383,10.1541,1.58,55.688,3.914,10.0009,1.322,34.43,29.403,18.4627,881.55,3828.46,3.6912
2023-12-28,1.4618,4.8353,1.3225,0.83696,22.237,0.89977,0.78334,344.7,15419,83.18,140.88,1285.84,16.8946,10.1336,1.5778,55.425,3.9009,9.9318,1.3175,34.19,29.467,18.5352,884.03,3872.71,3.7016
2023-12-29,1.4718,4.8523,1.3251,0.83801,22.375,0.90498,0.78647,346.43,15457,83.17,141.48,1297.43,16.944,10.1724,1.5841,55.46,3.9271,10.0416,1.3205,34.365,29.55,18.4145,877.8,3872.52,3.7109
2024-01-02,1.4738,4.8888,1.3294,0.84931,22.533,0.91274,0.79085,348.76,15524,83.32,142.1,1313.23,17.058,10.2971,1.5947,55.66,3.9894,10.1812,1.3265,34.285,29.726,18.5889,883.78,3894.85,3.7109
2024-01-03,1.4869,4.9326,1.3347,0.85374,22.598,0.91583,0.79192,348.7,15564,83.3,143.02,1311.73,17.097,10.3672,1.6041,55.59,3.9965,10.2496,1.3282,34.45,29.781,18.8048,879.6,3910.79,3.7333
2024-01-04,1.4864,4.9083,1.3332,0.85027,22.507,0.91299,0.78771,345.89,15515,83.24,144.17,1309.46,16.993,10.3027,1.6003,55.54,3.9679,10.2168,1.328,34.465,29.772,18.6497,888.48,3927.57,3.7405
2024-01-05,1.4959,4.9193,1.3369,0.8534,22.54,0.91567,0.7894,346.33,15536,83.15,145.2,1318.23,17.0375,10.3553,1.6083,55.585,3.9894,10.2875,1.3311,34.79,29.841,18.8179,889.0,3886.43,3.715
2024-01-08,1.4963,4.8974,1.3385,0.85036,22.372,0.91358,0.78705,345.01,15528,83.11,144.52,1320.06,16.8995,10.38,1.6085,55.65,3.9709,10.2407,1.3311,35.025,29.894,18.7265,905.0,3882.96,3.713
2024-01-09,1.4935,4.888,1.3357,0.85128,22.481,0.91408,0.78554,346.28,15545,83.11,144.09,1318.67,16.866,10.3364,1.602,56.04,3.9715,10.2482,1.3306,34.965,29.939,18.6819,920.0,3937.55,3.7057
2024-01-10,1.4922,4.8884,1.3383,0.85291,22.439,0.91358,0.78589,345.65,15560,83.03,145.29,1318.99,16.991,10.3156,1.6049,56.27,3.9658,10.2293,1.3314,35.025,29.974,18.6497,916.5,3940.46,3.7
2024-01-11,1.4899,4.879,1.3359,0.84991,22.444,0.91017,0.78406,344.8,15550,83.02,145.36,1314.64,16.9917,10.3106,1.5998,55.99,3.9583,10.1911,1.3288,34.995,29.997,18.5974,910.5,3913.61,3.6992
2024-01-12,1.4965,4.872,1.3374,0.85451,22.564,0.91391,0.78551,346.69,15570,82.93,145.47,1314.87,16.901,10.3057,1.6041,55.833,3.9872,10.2906,1.3328,35.1,30.095,18.6812,908.5,3915.38,3.6935
2024-01-15,1.5029,4.8728,1.3426,0.85436,22.58,0.91366,0.78643,346.9,15561,82.87,145.88,1322.02,16.8935,10.3371,1.6153,55.8,3.9858,10.3042,1.334,34.968,30.1,18.667,,3902.6,3.6949
2024-01-16,1.5148,4.8873,1.3473,0.86023,22.707,0.91895,0.79101,348.61,15609,83.09,146.7,1337.0,17.0364,10.4149,1.6248,56.0,4.0314,10.4039,1.3407,35.4,30.107,18.8872,,3947.46,3.7163
2024-01-17,1.5254,4.9345,1.3516,0.86476,22.759,0.91937,0.78899,350.15,15630,83.14,147.7,1345.14,17.2891,10.5116,1.6345,55.915,4.0446,10.4739,1.3437,35.51,30.137,19.0613,921.25,3956.46,3.7403
2024-01-18,1.5245,4.9242,1.35,0.86731,22.744,0.91954,0.78872,351.26,15610,83.15,147.94,1338.67,17.1825,10.5251,1.637,55.84,4.0451,10.4497,1.3443,35.595,30.148,18.9398,922.0,3911.46,3.7385
2024-01-19,1.5156,4.909,1.3462,0.86883,22.791,0.91853,0.78833,350.45,15608,83.08,148.04,1333.69,17.13,10.4804,1.6348,55.99,4.0064,10.4528,1.341,35.46,30.193,19.0034,910.6,3908.3,3.7397
2024-01-22,1.517,4.9346,1.3425,0.8685,22.735,0.91827,0.78581,352.32,15680,83.13,147.8,1339.02,17.0704,10.506,1.6345,56.265,4.0073,10.4265,1.3412,35.635,30.242,19.1781,909.25,3909.35,3.7392
2024-01-23,1.517,4.9651,1.3473,0.86884,22.833,0.91979,0.78636,354.26,15711,83.12,147.98,1337.65,17.2506,10.5131,1.6408,56.2,4.0315,10.4369,1.34,35.713,30.28,19.0416,913.5,3950.79,3.7533
2024-01-24,1.5149,4.914,1.3452,0.86337,22.729,0.91701,0.78444,353.44,15687,83.11,147.14,1332.57,17.1973,10.4681,1.6309,56.27,4.0096,10.4159,1.3375,35.585,30.167,18.8326,910.0,3915.18,3.7578
2024-01-25,1.5181,4.9265,1.3508,0.86478,22.727,0.91802,0.78526,353.6,15851,83.13,147.63,1336.87,17.2265,10.4567,1.6345,56.51,4.0177,10.4195,1.3395,35.735,30.285,18.8938,909.0,3935.16,3.7617
2024-01-26,1.5162,4.909,1.3437,0.86432,22.765,0.91988,0.78528,355.95,15759,83.13,147.75,1334.82,17.1633,10.4245,1.6375,56.37,4.0268,10.4133,1.3403,35.58,30.304,18.7894,920.0,3902.07,3.7868
2024-01-29,1.5151,4.9094,1.3436,0.86288,22.92,0.92396,0.78767,360.37,15825,83.16,147.95,1335.67,17.1478,10.4453,1.635,56.41,4.034,10.4927,1.3412,35.56,30.353,18.7582,930.0,3927.0,3.786
2024-01-30,1.5178,4.9509,1.3428,0.86345,22.894,0.922,0.78949,357.03,15778,83.13,147.49,1330.14,17.2164,10.4539,1.6339,56.4,4.0216,10.4159,1.34,35.39,30.36,18.8945,934.25,3910.57,3.8115
2024-01-31,1.5196,4.9598,1.3434,0.8626,22.969,0.92276,0.78836,355.17,15757,83.05,147.82,1333.05,17.1465,10.4743,1.6338,56.31,3.9983,10.3979,1.3396,35.49,30.357,18.7543,931.5,3895.43,3.8014
2024-02-01,1.5345,4.9545,1.3449,0.86333,23.016,0.92473,0.78928,354.49,15767,82.98,146.99,1333.85,17.218,10.5109,1.642,56.08,4.0108,10.4822,1.3408,35.51,30.366,18.7109,931.4,3890.71,3.803
2024-02-02,1.5132,4.9133,1.3375,0.85592,22.857,0.91886,0.78345,352.6,15633,82.91,146.63,1323.81,17.0522,10.4631,1.6239,55.89,3.9672,10.3538,1.3354,35.23,30.455,18.6502,948.0,3937.34,3.8324
2024-02-05,1.5412,4.9966,1.35,0.86981,23.27,0.93058,0.79653,358.55,15760,83.05,148.63,1334.53,17.1953,10.6691,1.6522,56.363,4.0334,10.5844,1.3469,35.82,30.552,19.0052,954.5,3948.46,3.8582
2024-02-06,1.5373,4.9688,1.3521,0.87182,23.201,0.93084,0.79549,360.09,15740,83.05,148.52,1328.08,17.053,10.6655,1.6488,56.2,4.0457,10.5953,1.3449,35.62,30.561,18.9212,948.2,3953.52,3.8564
2024-02-07,1.5316,4.9592,1.3457,0.87166,23.185,0.92799,0.79162,360.2,15659,82.98,148.21,1326.95,17.0584,10.5568,1.6353,55.96,4.0324,10.4607,1.343,35.62,30.599,18.9022,952.45,3950.46,3.8667
2024-02-08,1.5402,4.9773,1.3483,0.8746,23.196,0.92954,0.79362,359.76,15656,82.99,149.24,1332.04,17.0828,10.6079,1.6423,55.91,4.0319,10.4764,1.3468,35.9,30.604,18.9561,965.5,3942.2,3.8507
2024-02-09,1.5357,4.9793,1.3448,0.8756,23.368,0.92833,0.79317,360.17,15637,83.03,149.46,1332.39,17.1229,10.5821,1.6295,55.9,4.011,10.473,1.3464,35.945,30.683,19.0169,970.25,3912.55,3.8688
2024-02-12,1.5321,4.9537,1.3463,0.87534,23.408,0.92825,0.79264,359.51,15588,83.01,148.99,1328.82,17.0522,10.5078,1.6307,55.983,4.0098,10.4261,1.3445,35.85,30.704,18.9975,971.4,3907.63,3.8647
2024-02-13,1.5312,4.9537,1.3445,0.87844,23.427,0.92653,0.78846,358.57,15612,83.0,149.33,1329.23,17.0733,10.4716,1.634,55.96,4.0024,10.4243,1.3444,35.69,30.724,18.8252,969.3,3927.72,3.8839
2024-02-14,1.5421,4.9537,1.3543,0.88612,23.661,0.93345,0.79584,362.86,15604,83.04,150.55,1333.34,17.1342,10.5829,1.6435,56.16,4.0526,10.5598,1.3489,36.18,30.75,19.0404,956.5,3917.3,3.8721
2024-02-15,1.5382,4.9708,1.3541,0.88281,23.658,0.93084,0.79712,362.19,15606,83.05,150.11,1330.49,17.0867,10.5753,1.6406,55.94,4.0436,10.4789,1.3471,36.144,30.741,19.0236,968.75,3906.71,3.8665
2024-02-16,1.5339,4.9732,1.3483,0.88141,23.644,0.92868,0.79499,361.38,15636,83.01,150.33,1332.74,17.0446,10.5456,1.6389,55.96,4.0305,10.462,1.3466,36.06,30.827,18.8874,969.4,3906.46,3.8236
2024-02-19,1.5292,4.9585,1.3476,0.88085,23.622,0.92799,0.79295,360.43,15646,83.02,149.95,1335.25,17.047,10.4904,1.6273,56.06,4.0149,10.4278,1.3459,36.03,30.869,18.9597,,3915.46,3.7955
2024-02-20,1.5235,4.9547,1.3481,0.88187,23.541,0.92575,0.793,359.45,15660,82.95,150.14,1333.79,17.0146,10.4865,1.6194,56.06,4.0037,10.3856,1.3447,36.05,30.904,18.9474,962.6,3925.29,3.7788
2024-02-21,1.5252,4.9267,1.3524,0.87982,23.48,0.92515,0.79211,358.94,15626,82.92,149.99,1333.86,17.0579,10.4862,1.6171,55.953,3.9934,10.3687,1.3437,35.84,31.007,18.8223,969.8,3919.46,3.796
2024-02-22,1.523,4.9335,1.348,0.87929,23.339,0.92217,0.78961,356.77,15588,82.88,150.42,1326.79,17.0666,10.4722,1.6135,55.73,3.9799,10.3043,1.3419,35.91,30.993,19.0603,978.35,3929.46,3.8084
2024-02-23,1.5199,4.9687,1.3464,0.8789,23.402,0.92302,0.78771,358.57,15606,82.91,150.37,1330.03,17.0841,10.5123,1.6102,55.9,3.9799,10.2958,1.3433,36.01,31.091,19.2607,981.0,3961.46,3.7961
2024-02-26,1.526,4.9863,1.3522,0.87965,23.375,0.92149,0.78783,358.95,15631,82.88,150.55,1331.05,17.0911,10.5312,1.6181,56.095,3.9673,10.2907,1.3437,35.86,31.122,19.3052,985.4,3954.96,3.7983
2024-02-27,1.5259,4.9691,1.3495,0.87915,23.335,0.92115,0.78869,359.43,15637,82.89,150.18,1331.35,17.0616,10.5297,1.6213,56.1,3.975,10.2989,1.3434,35.862,31.147,19.1341,981.0,3927.46,3.7883
2024-02-28,1.5395,4.9498,1.3591,0.88083,23.457,0.92524,0.79152,362.65,15713,82.9,150.69,1337.3,17.0985,10.6102,1.6403,56.28,3.9753,10.3553,1.3466,35.99,31.189,19.2321,978.0,3924.5,3.7945
2024-02-29,1.5411,4.993,1.3596,0.88066,23.428,0.9237,0.7912,363.46,15738,82.9,150.13,1336.99,17.0856,10.6152,1.6448,56.215,3.9911,10.3593,1.3458,35.94,31.228,19.3063,967.0,3920.47,3.778
2024-03-01,1.5386,4.9622,1.3575,0.88616,23.428,0.92481,0.79153,363.68,15722,82.87,150.58,1335.62,17.0239,10.5826,1.6428,56.11,3.9933,10.3531,1.3468,35.96,31.346,19.1769,968.5,3940.85,3.7692
2024-03-04,1.5342,4.9528,1.3571,0.88549,23.378,0.922,0.78907,364.42,15738,82.92,150.49,1332.23,17.0124,10.5408,1.6401,55.987,3.9849,10.3655,1.3434,35.84,31.527,19.0282,973.7,3942.22,3.7643
2024-03-05,1.5401,4.951,1.3593,0.8857,23.369,0.92174,0.78849,364.78,15743,82.91,150.25,1334.67,16.9531,10.577,1.645,55.975,3.9864,10.3975,1.3437,35.82,31.659,18.975,980.1,3931.69,3.7684
2024-03-06,1.5327,4.943,1.3583,0.88459,23.321,0.91962,0.78626,361.37,15698,82.82,149.6,1333.83,16.8781,10.5463,1.638,55.85,3.956,10.3508,1.3406,35.7,31.743,18.8882,985.0,3921.65,3.7266
2024-03-07,1.5145,4.9413,1.3497,0.87903,23.276,0.91785,0.78426,362.95,15638,82.72,147.86,1327.83,16.8623,10.458,1.6235,55.8,3.9486,10.2748,1.3354,35.58,31.843,18.7811,980.5,3914.27,3.7202
2024-03-08,1.5065,4.9653,1.3448,0.87706,23.15,0.91475,0.77907,360.46,15531,82.73,147.26,1318.98,16.8571,10.3728,1.6167,55.58,3.9394,10.2122,1.3317,35.47,31.965,18.6425,960.5,3900.5,3.6865
2024-03-11,1.5144,4.9926,1.3503,0.87809,23.176,0.91525,0.77986,362.03,15487,82.75,146.83,1311.06,16.8029,10.4709,1.6204,55.37,3.9177,10.2384,1.3303,35.41,32.002,18.6967,965.0,3914.01,3.6865
2024-03-12,1.5146,4.9858,1.3502,0.87834,23.151,0.91609,0.78287,364.42,15521,82.78,147.85,1312.9,16.826,10.505,1.6249,55.32,3.9268,10.2354,1.3325,35.72,32.054,18.6781,962.4,3898.46,3.6904
2024-03-13,1.5122,4.9827,1.3489,0.8775,23.104,0.91416,0.78116,362.83,15576,82.81,147.94,1315.49,16.7723,10.495,1.6245,55.383,3.9181,10.2322,1.3329,35.685,32.1,18.6982,945.9,3901.95,3.6641
2024-03-14,1.513,4.9645,1.3478,0.88018,23.065,0.91533,0.78188,361.46,15598,82.86,148.01,1319.21,16.6872,10.4961,1.6245,55.38,3.93,10.2741,1.3334,35.7,32.124,18.6416,942.8,3892.35,3.6742
2024-03-15,1.5221,5.0001,1.3525,0.88257,23.105,0.91811,0.78415,361.0,15618,82.87,148.76,1330.07,16.7017,10.577,1.6397,55.54,3.9435,10.3447,1.3369,35.855,32.218,18.6853,944.4,3874.96,3.6894
2024-03-18,1.5225,4.9928,1.3537,0.88414,23.136,0.91811,0.78521,362.61,15719,82.89,149.2,1333.78,16.7285,10.6101,1.6417,55.6,3.9582,10.3909,1.3381,35.965,32.301,18.9001,947.4,3896.25,3.6959
2024-03-19,1.5341,5.0457,1.3605,0.88723,23.28,0.92132,0.78722,363.46,15745,83.02,150.52,1338.93,16.8948,10.6859,1.6527,55.943,3.981,10.4537,1.3419,36.07,32.344,18.9276,965.25,3875.33,3.7034
2024-03-20,1.5338,5.0179,1.3589,0.89063,23.321,0.92217,0.78788,364.56,15737,83.22,151.73,1340.7,16.8334,10.6718,1.6577,56.232,3.9882,10.4754,1.3444,36.19,32.39,18.8667,962.21,3869.0,3.6911
2024-03-21,1.516,4.9702,1.3511,0.89539,23.144,0.91684,0.78553,360.64,15671,83.12,151.24,1328.51,16.7425,10.5831,1.6469,55.958,3.945,10.4195,1.3403,36.12,32.038,18.7201,972.15,3902.96,3.6969
2024-03-22,1.5339,4.9985,1.3571,0.89892,23.442,0.92396,0.79271,366.16,15811,83.54,151.29,1343.08,16.758,10.7336,1.665,56.295,3.9887,10.5354,1.3483,36.31,31.988,18.9966,982.46,3892.21,3.6909
2024-03-25,1.5302,4.9902,1.3587,0.89746,23.319,0.92293,0.79094,365.64,15783,83.41,151.16,1341.38,16.7396,10.7107,1.6655,56.225,3.9758,10.5741,1.345,36.33,32.149,18.91,977.7,3894.36,3.7031
2024-03-26,1.5269,4.9808,1.3559,0.90373,23.286,0.92123,0.79084,364.3,15799,83.32,151.45,1341.09,16.6895,10.7103,1.6615,56.246,3.9699,10.5509,1.3445,36.31,32.201,18.912,979.8,3859.35,3.727
2024-03-27,1.5348,4.9897,1.3602,0.90708,23.409,0.92456,0.79297,365.57,15897,83.33,151.18,1351.06,16.5835,10.8011,1.6682,56.258,3.9893,10.6379,1.3486,36.41,32.267,18.9275,978.93,3861.25,3.7175
2024-03-28,1.5361,4.9979,1.3571,0.90334,23.407,0.92498,0.79095,365.61,15871,83.38,151.19,1349.25,16.5738,10.8214,1.6735,56.236,3.9888,10.6604,1.3493,36.455,32.327,18.9834,978.97,3857.31,3.7174
2024-04-02,1.5371,5.0343,1.3561,0.90846,23.594,0.93032,0.79552,368.06,15911,83.4,151.65,1351.97,16.6053,10.8922,1.6783,56.29,3.9946,10.7522,1.3522,36.65,32.192,18.8297,973.93,3812.46,3.7058
2024-04-03,1.5338,5.071,1.3564,0.9081,23.511,0.92739,0.79489,364.65,15948,83.47,151.78,1350.31,16.58,10.8115,1.6743,56.401,3.9848,10.7345,1.3513,36.71,31.941,18.7953,953.58,3813.18,3.6869
2024-04-04,1.5155,5.0452,1.3502,0.9073,23.334,0.92149,0.79053,360.81,15880,83.4,151.76,1347.64,16.5569,10.7008,1.6585,56.435,3.9583,10.6068,1.348,36.75,31.889,18.6786,941.75,3774.71,3.6731
2024-04-05,1.5184,5.0395,1.3561,0.90333,23.324,0.92242,0.79119,359.84,15859,83.32,151.37,1350.51,16.521,10.711,1.6605,56.515,3.9512,10.6319,1.3475,36.66,31.944,18.6062,948.15,3766.79,3.6871
2024-04-08,1.5183,5.0638,1.3596,0.90613,23.426,0.92396,0.79271,361.06,15909,83.3,151.93,1356.71,16.4514,10.7091,1.6616,56.55,3.952,10.5955,1.3496,36.745,32.198,18.6242,943.98,3761.73,3.6765
2024-04-09,1.5098,5.0142,1.3572,0.90356,23.355,0.92022,0.78829,358.15,15867,83.2,151.81,1353.62,16.3125,10.6681,1.6507,56.41,3.9169,10.5415,1.3456,36.375,32.192,18.4835,940.92,3765.46,3.693
2024-04-10,1.51,5.0028,1.3562,0.90331,23.359,0.92081,0.78743,358.36,15849,83.2,151.83,1351.13,16.3264,10.6506,1.6442,56.545,3.9192,10.529,1.3448,36.405,32.259,18.4945,953.53,3801.46,3.7099
2024-04-11,1.533,5.0767,1.369,0.9122,23.667,0.93205,0.79714,363.31,16022,83.36,153.02,1369.48,16.4459,10.8286,1.6702,56.461,3.9678,10.7475,1.3532,36.555,32.281,18.7911,955.33,3821.46,3.7081
2024-04-12,1.5408,5.111,1.3747,0.91213,23.786,0.93879,0.80195,367.66,16121,83.47,153.17,1379.83,16.521,10.8778,1.6778,56.568,3.9995,10.8617,1.3592,36.475,32.325,18.7671,966.6,3854.07,3.7032
2024-04-15,1.5429,5.1195,1.3743,0.91263,23.765,0.93844,0.80147,369.98,16059,83.43,153.95,1383.06,16.5692,10.9103,1.6838,56.83,4.0295,10.8468,1.3605,36.715,32.403,18.963,978.4,3912.05,3.7257
2024-04-16,1.5585,5.2277,1.379,0.91304,23.7,0.94011,0.80323,371.0,16202,83.58,154.69,1392.89,16.8413,10.9754,1.699,56.934,4.0834,10.9382,1.364,36.625,32.502,18.9997,981.7,3921.94,3.757
2024-04-17,1.5563,5.2683,1.381,0.91117,23.715,0.94003,0.80278,369.43,16254,83.67,154.67,1383.64,16.992,10.9945,1.6932,57.228,4.0899,10.9788,1.3626,36.83,32.53,19.059,977.55,3890.46,3.744
2024-04-18,1.5514,5.2414,1.3753,0.9087,23.648,0.93642,0.80184,368.88,16181,83.52,154.34,1374.11,16.9435,10.9912,1.6868,57.24,4.0505,10.8971,1.3597,36.755,32.497,19.0523,964.77,3924.46,3.7374
2024-04-19,1.5603,5.2722,1.3767,0.90866,23.718,0.9387,0.80372,371.07,16263,83.47,154.59,1379.04,17.349,11.0438,1.6995,57.611,4.0646,10.949,1.3621,36.88,32.601,19.2237,954.44,3904.57,3.6927
2024-04-22,1.5535,5.2132,1.3725,0.91168,23.773,0.94056,0.81196,370.49,16253,83.36,154.73,1380.4,17.1237,11.0219,1.6934,57.5,4.0621,10.9119,1.3629,37.05,32.538,19.1375,952.4,3910.46,3.6934
2024-04-23,1.5492,5.1758,1.37,0.911,23.661,0.93686,0.80616,368.77,16210,83.33,154.8,1378.31,17.1194,10.9903,1.6907,57.56,4.0433,10.8703,1.3625,37.04,32.585,19.2374,955.63,3899.96,3.6998
2024-04-24,1.5367,5.1334,1.3689,0.91465,23.622,0.9358,0.80428,368.1,16169,83.32,154.94,1375.55,16.9216,10.9798,1.6854,57.54,4.042,10.8764,1.3613,37.06,32.519,19.1896,950.94,3939.07,3.7251
2024-04-25,1.5312,5.1353,1.3674,0.91343,23.463,0.93284,0.79921,366.59,16189,83.32,155.56,1374.28,17.0401,10.9272,1.6782,57.78,4.0266,10.8573,1.3602,37.025,32.507,18.972,945.95,3962.46,3.7436
2024-04-26,1.53,5.1529,1.3657,0.91273,23.487,0.93336,0.79936,366.14,16227,83.37,156.83,1376.38,17.2365,11.0132,1.681,57.71,4.0326,10.9251,1.3615,36.945,32.485,18.8576,948.31,3894.38,3.752
2024-04-29,1.5226,5.1032,1.3652,0.91194,23.484,0.93284,0.79751,365.34,16240,83.45,156.28,1377.01,17.0897,10.9921,1.6728,57.703,4.035,10.9002,1.3599,37.03,32.379,18.7034,940.9,3853.21,3.7259
2024-04-30,1.5323,5.1248,1.3689,0.91314,23.456,0.93301,0.79752,364.51,16255,83.43,157.0,1380.55,16.971,11.0235,1.6827,57.688,4.0286,10.9657,1.3615,37.07,32.379,18.7236,955.3,3913.56,3.7529
2024-05-02,1.5317,5.1435,1.372,0.91223,23.453,0.93475,0.79957,363.6,16173,83.46,154.82,1374.47,16.9365,11.0703,1.687,57.607,4.0454,10.9198,1.3589,36.93,32.374,18.6661,947.91,3890.92,3.7522
2024-05-03,1.5199,5.1113,1.3665,0.90692,23.292,0.93075,0.79647,362.02,16054,83.46,153.22,1359.12,16.9477,10.8972,1.6709,57.141,4.0292,10.8338,1.3521,36.78,32.342,18.5175,935.65,3902.74,3.7161
2024-05-06,1.5078,5.0745,1.367,0.90516,23.195,0.92799,0.79491,361.34,16044,83.51,153.77,1354.86,16.9215,10.8262,1.6603,57.22,4.0075,10.7879,1.35,36.765,32.271,18.4084,929.49,3890.46,3.7246
2024-05-07,1.5137,5.0742,1.3682,0.90749,23.234,0.92885,0.797,361.37,16064,83.5,154.61,1358.4,16.8685,10.8657,1.6643,57.29,4.0069,10.8499,1.3533,36.86,32.269,18.4959,937.2,3890.07,3.7246
2024-05-08,1.5242,5.09,1.3762,0.90943,23.304,0.93084,0.80129,361.98,16077,83.5,155.59,1365.05,16.9353,10.9439,1.6707,57.38,4.0096,10.9215,1.3564,36.97,32.259,18.6549,936.53,3897.45,3.7198
2024-05-09,1.5187,5.1425,1.3723,0.90943,23.234,0.93179,0.8013,361.49,16072,83.5,155.91,1371.2,16.9366,10.922,1.6661,57.37,3.9993,10.9211,1.3565,36.915,32.222,18.5293,925.15,3888.99,3.7031
2024-05-10,1.5141,5.1333,1.3681,0.90723,23.134,0.92773,0.79836,359.7,16042,83.51,155.74,1366.29,16.7669,10.8299,1.6628,57.46,3.9863,10.8419,1.3537,36.72,32.232,18.4315,926.1,3886.42,3.7079
2024-05-13,1.5104,5.14,1.367,0.90635,22.954,0.92635,0.79688,358.5,16092,83.49,155.86,1367.31,16.7404,10.8198,1.6603,57.82,3.9704,10.8384,1.3529,36.765,32.209,18.359,921.55,3887.96,3.7221
2024-05-14,1.5125,5.1333,1.3665,0.90784,22.925,0.92627,0.79643,357.63,16124,83.51,156.44,1367.69,16.7991,10.8202,1.6612,57.847,3.9547,10.8637,1.3532,36.67,32.25,18.4175,915.2,3841.46,3.7249
2024-05-15,1.5055,5.1539,1.3629,0.90473,22.864,0.92319,0.79247,356.35,16008,83.49,155.49,1358.87,16.8676,10.7542,1.6488,57.5,3.9411,10.7783,1.3487,36.54,32.29,18.3782,902.73,3818.93,3.7154
2024-05-16,1.4992,5.1257,1.363,0.90392,22.74,0.9203,0.79008,355.4,15918,83.5,154.91,1346.44,16.7296,10.7142,1.6376,57.51,3.9249,10.6913,1.3452,36.16,32.201,18.2138,897.18,3825.61,3.7269
2024-05-17,1.5014,5.1314,1.3633,0.9088,22.798,0.92217,0.79016,357.43,15968,83.35,155.81,1357.02,16.681,10.7276,1.6369,57.69,3.9331,10.7479,1.3472,36.295,32.262,18.2652,888.43,3827.79,3.7416
2024-05-20,1.497,5.1183,1.3625,0.90968,22.786,0.92073,0.78766,355.08,15976,83.3,155.83,1360.2,16.6021,10.691,1.6364,57.87,3.9161,10.6921,1.3468,36.105,32.2,18.2352,889.11,3819.25,3.733
2024-05-21,1.4983,5.0967,1.362,0.90979,22.719,0.92047,0.78645,354.78,16001,83.31,156.35,1362.81,16.5501,10.6618,1.6394,58.26,3.9169,10.66,1.3468,36.29,32.193,18.1291,888.0,3823.11,3.73
2024-05-22,1.504,5.1382,1.3675,0.91459,22.851,0.92336,0.78638,358.31,16040,83.3,156.55,1367.45,16.6572,10.6971,1.6366,58.01,3.9415,10.741,1.3496,36.425,32.184,18.2331,908.35,3826.75,3.7408
2024-05-23,1.5048,5.1359,1.3665,0.91275,22.792,0.92132,0.78473,356.62,16030,83.23,156.53,1360.48,16.6329,10.6104,1.631,58.17,3.9276,10.6804,1.3485,36.495,32.22,18.3451,907.85,3866.22,3.743
2024-05-24,1.5124,5.1404,1.3713,0.9155,22.819,0.92251,0.78636,355.33,16031,83.12,157.08,1365.72,16.683,10.6045,1.6372,58.19,3.9256,10.7002,1.3505,36.675,32.245,18.4046,901.22,3871.83,3.7349
2024-05-27,1.5051,5.1681,1.3661,0.91506,22.81,0.92225,0.78456,354.79,16068,83.13,156.85,1363.12,16.6837,10.5275,1.6292,58.185,3.9245,10.6428,1.3495,36.615,32.187,18.4111,900.3,3867.46,3.7409
2024-05-28,1.4992,5.1591,1.3619,0.91049,22.657,0.91895,0.78184,351.76,16078,83.18,156.72,1358.0,16.6436,10.4824,1.6218,57.97,3.904,10.5367,1.3471,36.595,32.183,18.3278,895.9,3838.75,3.7459
2024-05-29,1.5078,5.1717,1.3667,0.9125,22.779,0.92106,0.7841,356.53,16192,83.38,157.26,1367.43,16.8175,10.5158,1.6318,58.47,3.9274,10.612,1.3495,36.795,32.227,18.3292,909.08,3866.96,3.7596
2024-05-30,1.511,5.2038,1.3711,0.90689,22.903,0.92464,0.78692,360.1,16240,83.28,156.73,1376.48,17.02,10.5469,1.6372,58.58,3.9619,10.6329,1.3511,36.75,32.274,18.6315,917.03,3857.46,3.7477
2024-05-31,1.5034,5.1989,1.3642,0.90472,22.769,0.92149,0.78663,358.3,16257,83.42,157.13,1383.26,16.9911,10.4893,1.6307,58.61,3.9297,10.5243,1.3512,36.79,32.224,18.6998,918.28,3854.1,3.7371
2024-06-03,1.5025,5.2534,1.3636,0.90131,22.804,0.92234,0.7856,361.0,16229,83.12,156.88,1377.27,17.5393,10.5041,1.6246,58.71,3.949,10.5179,1.3501,36.835,32.199,18.6801,902.85,3864.28,3.729
2024-06-04,1.5061,5.2723,1.3677,0.89305,22.784,0.92039,0.78364,361.05,16272,83.47,154.89,1376.63,17.9775,10.5743,1.6221,58.77,3.9581,10.4699,1.3474,36.57,32.418,18.6829,905.55,3930.71,3.7396
2024-06-05,1.5041,5.2666,1.3675,0.89257,22.677,0.91979,0.78227,360.31,16338,83.43,156.11,1371.73,17.6526,10.5546,1.6167,58.81,3.9593,10.419,1.3481,36.705,32.406,18.9358,909.1,3926.21,3.7462
2024-06-06,1.5065,5.3035,1.3694,0.89158,22.671,0.92039,0.78314,359.58,16264,83.49,156.23,1368.1,17.6028,10.5844,1.6184,58.66,3.959,10.3939,1.3482,36.52,32.237,18.9857,907.65,3936.52,3.753
2024-06-07,1.4998,5.2448,1.3674,0.8897,22.552,0.9176,0.78106,356.87,16192,83.4,155.55,1367.2,17.888,10.54,1.6146,58.53,3.9347,10.3758,1.3446,36.48,32.267,18.7943,918.9,3935.96,3.7529
2024-06-10,1.5158,5.318,1.3761,0.89597,22.904,0.92971,0.78621,366.45,16298,83.49,156.88,1375.35,18.3647,10.7029,1.6358,58.798,4.0201,10.5364,1.3525,36.765,32.419,18.7086,919.95,3935.68,3.7795
2024-06-11,1.5154,5.3555,1.3775,0.89674,23.025,0.93197,0.7847,367.78,16298,83.57,157.0,1378.59,18.3605,10.7092,1.6322,58.78,4.0459,10.4815,1.3529,36.75,32.377,18.5996,921.85,3990.0,3.784
2024-06-12,1.5123,5.3797,1.3744,0.89559,22.932,0.92894,0.7837,367.19,16306,83.56,157.32,1376.08,18.8333,10.6526,1.6282,58.61,4.0302,10.4361,1.3519,36.67,32.379,18.6242,915.85,4020.2,3.7683
2024-06-13,1.5052,5.4025,1.3745,0.89651,22.903,0.9273,0.78327,367.66,16254,83.56,157.25,1374.55,18.699,10.6004,1.6206,58.58,4.0312,10.4052,1.3499,36.715,32.299,18.3962,917.3,4147.46,3.7755
2024-06-14,1.5119,5.3641,1.376,0.8922,23.148,0.9358,0.78799,372.45,16486,83.54,157.03,1385.74,18.573,10.6705,1.63,58.653,4.0926,10.5494,1.3535,36.71,32.644,18.3435,933.05,4128.21,3.7719
2024-06-17,1.5166,5.3996,1.3747,0.89255,23.057,0.93353,0.78952,369.91,16458,83.54,157.87,1382.23,18.5394,10.7226,1.6361,58.7,4.0702,10.5427,1.3533,36.795,32.856,18.2844,936.18,4132.38,3.79
2024-06-18,1.5126,5.4386,1.3748,0.88773,23.114,0.93327,0.78899,368.76,16420,83.43,158.11,1385.04,18.401,10.6841,1.639,58.715,4.06,10.504,1.3542,36.815,32.643,18.1333,935.65,4146.21,3.787
2024-06-19,1.5001,5.4404,1.371,0.88436,23.174,0.93032,0.7857,368.72,16383,83.43,157.95,1380.83,18.4746,10.5628,1.6307,58.755,4.0283,10.4326,1.3507,36.67,32.538,18.0251,930.9,4157.56,3.8165
2024-06-20,1.4998,5.4036,1.371,0.89057,23.228,0.93292,0.78844,370.73,16492,83.61,158.43,1388.2,18.4208,10.5341,1.6319,58.89,4.0312,10.4469,1.3531,36.76,32.813,18.1049,932.02,4161.79,3.8102
2024-06-21,1.4999,5.4367,1.369,0.89231,23.343,0.93563,0.7909,371.38,16465,83.57,158.89,1389.02,18.2701,10.5431,1.6305,58.87,4.0438,10.5207,1.3537,36.63,32.853,17.8931,941.13,4147.85,3.8
2024-06-24,1.5058,5.4313,1.3683,0.89338,23.199,0.93197,0.78966,367.53,16399,83.49,159.52,1388.23,18.0696,10.5769,1.6349,58.775,4.0077,10.4897,1.3532,36.67,32.894,18.1847,945.28,4082.47,3.8002
2024-06-25,1.5035,5.4149,1.3674,0.89369,23.165,0.93336,0.78836,369.61,16390,83.43,159.45,1391.67,18.0454,10.5717,1.6332,58.77,4.013,10.4774,1.3533,36.655,32.962,18.1573,940.1,4090.2,3.8148
2024-06-26,1.5018,5.4752,1.3685,0.89672,23.273,0.93554,0.79009,370.97,16432,83.56,160.37,1392.14,18.2375,10.66,1.6407,58.966,4.0298,10.5752,1.3578,36.855,32.927,18.1722,951.39,4141.29,3.8202
2024-06-27,1.5032,5.5055,1.3694,0.89791,23.311,0.93493,0.79086,371.8,16389,83.43,160.49,1386.23,18.3975,10.6563,1.6401,58.625,4.0378,10.6002,1.3574,36.83,32.883,18.3815,955.66,4173.97,3.8223
2024-06-28,1.502,5.5035,1.3704,0.89995,23.377,0.93414,0.79064,369.08,16335,83.37,160.62,1377.73,18.2769,10.646,1.6442,58.44,4.0252,10.6114,1.3557,36.73,32.87,18.213,940.45,4147.17,3.8345
2024-07-01,1.4992,5.5855,1.3691,0.90172,23.311,0.93067,0.78911,366.91,16351,83.44,161.14,1382.42,18.3634,10.6389,1.6415,58.63,4.0026,10.5793,1.3557,36.7,32.678,18.1494,945.97,4133.0,3.8471
2024-07-02,1.5025,5.637,1.3726,0.90381,23.474,0.93205,0.78996,368.72,16376,83.46,161.53,1387.14,18.3451,10.6995,1.6491,58.81,4.0311,10.6413,1.3579,36.84,32.688,18.4697,947.05,4121.47,3.8267
2024-07-03,1.4987,5.6528,1.3667,0.90333,23.419,0.92954,0.78714,367.24,16379,83.51,161.91,1389.91,18.2726,10.651,1.6469,58.764,3.9987,10.5698,1.3565,36.76,32.58,18.5025,939.28,4104.72,3.7964
2024-07-04,1.4857,5.4949,1.3616,0.89972,23.281,0.92593,0.78392,364.35,16326,83.52,160.96,1380.61,18.1297,10.5569,1.6334,58.529,3.9739,10.4977,1.3513,36.63,32.569,18.321,934.28,4091.5,3.7949
2024-07-05,1.4849,5.4896,1.3614,0.89893,23.283,0.92387,0.78172,362.67,16280,83.49,160.81,1380.97,18.0591,10.5765,1.6327,58.556,3.954,10.4957,1.35,36.58,32.711,18.2346,936.55,4080.65,3.7946
2024-07-08,1.4829,5.4698,1.3634,0.89626,23.223,0.92293,0.77905,364.28,16266,83.5,160.93,1383.53,18.0341,10.5745,1.6294,58.571,3.9481,10.5035,1.3491,36.42,32.731,18.1469,939.53,4044.53,3.7888
2024-07-09,1.4853,5.4628,1.3642,0.8981,23.332,0.92473,0.78131,365.45,16269,83.49,161.09,1383.4,18.019,10.6242,1.635,58.451,3.9433,10.5622,1.3508,36.415,32.918,18.1746,930.0,4009.17,3.7829
2024-07-10,1.4832,5.3982,1.3633,0.8982,23.445,0.92379,0.78077,362.75,16220,83.51,161.47,1384.26,17.8202,10.7224,1.6447,58.308,3.9312,10.5381,1.3492,36.345,32.859,18.0675,910.47,3967.47,3.7793
2024-07-11,1.4809,5.4161,1.3631,0.89811,23.363,0.92123,0.77665,362.92,16179,83.57,161.58,1380.05,17.8771,10.7531,1.6431,58.294,3.9194,10.5196,1.3475,36.285,32.869,18.0811,913.97,3973.0,3.7649
2024-07-12,1.4762,5.4274,1.3622,0.89504,23.27,0.91827,0.77162,359.87,16117,83.53,158.74,1375.47,17.733,10.7461,1.6363,58.377,3.9071,10.5569,1.3428,36.15,33.027,17.9922,905.11,3925.97,3.7311
2024-07-15,1.475,5.4401,1.3642,0.89438,23.308,0.91684,0.77056,358.93,16186,83.59,158.01,1382.85,17.7905,10.7692,1.6415,58.413,3.8961,10.5781,1.3423,36.19,33.057,18.1832,908.78,3941.77,3.7233
2024-07-16,1.4831,5.4327,1.3677,0.89534,23.254,0.91726,0.77103,359.5,16174,83.57,158.37,1382.8,17.7329,10.8067,1.6474,58.415,3.9152,10.5985,1.3435,36.075,33.093,18.0762,910.4,3976.74,3.7158
2024-07-17,1.4836,5.4404,1.3672,0.8865,23.13,0.91458,0.76747,357.86,16128,83.56,156.58,1379.26,17.778,10.7532,1.644,58.261,3.9279,10.5254,1.3408,35.935,33.096,18.1793,923.61,3991.18,3.7189
2024-07-18,1.4855,5.4987,1.3681,0.88435,23.114,0.91491,0.77013,356.57,16165,83.63,156.47,1382.78,17.7196,10.7484,1.6478,58.309,3.9266,10.5524,1.3408,35.955,33.088,18.2022,941.78,4049.0,3.7338
2024-07-19,1.4946,5.5375,1.3717,0.88962,23.197,0.91827,0.77392,358.95,16197,83.67,157.58,1387.85,17.9123,10.859,1.6609,58.355,3.9351,10.6612,1.3448,36.285,33.05,18.3308,947.83,4036.25,3.744
2024-07-22,1.5035,5.6012,1.375,0.88823,23.173,0.91844,0.77347,357.94,16209,83.66,156.87,1388.02,18.0434,10.9446,1.6689,58.39,3.9298,10.681,1.3453,36.315,32.978,18.2722,943.28,3991.26,3.7545
2024-07-23,1.5098,5.5796,1.3761,0.89144,23.354,0.92081,0.77415,359.51,16216,83.71,156.21,1386.36,17.9792,11.0161,1.6767,58.47,3.9383,10.7491,1.3458,36.21,32.927,18.4227,945.75,4012.29,3.7544
2024-07-24,1.5144,5.6009,1.3784,0.88579,23.438,0.92183,0.77409,362.54,16244,83.71,154.16,1382.75,18.2626,11.0085,1.6839,58.59,3.9537,10.7739,1.3438,36.133,32.864,18.3132,947.57,4041.34,3.7753
2024-07-25,1.5333,5.6804,1.3842,0.87863,23.398,0.92157,0.7767,362.48,16316,83.76,152.63,1379.9,18.5218,11.1349,1.6958,58.59,3.9598,10.8506,1.3424,36.185,33.092,18.4914,949.85,4041.37,3.7594
2024-07-26,1.5248,5.6326,1.382,0.88343,23.361,0.92081,0.77696,359.99,16293,83.75,154.55,1385.96,18.3475,10.9917,1.6968,58.358,3.9355,10.8034,1.3438,36.015,32.963,18.2432,952.28,4018.54,3.7595
2024-07-29,1.5285,5.6545,1.3845,0.88546,23.455,0.92447,0.77974,362.85,16280,83.73,153.87,1383.39,18.4358,11.0155,1.7027,58.559,3.9695,10.8408,1.3442,35.975,33.013,18.4008,956.3,4061.97,3.7594
2024-07-30,1.5299,5.6211,1.3854,0.88618,23.493,0.92387,0.77846,364.47,16336,83.72,154.85,1384.51,18.6188,10.9835,1.6986,58.668,3.9577,10.7964,1.3446,35.995,33.093,18.368,954.33,4079.29,3.732
2024-07-31,1.5363,5.6219,1.3832,0.8804,23.51,0.92353,0.77928,365.52,16286,83.69,150.31,1372.33,18.7772,10.9138,1.689,58.384,3.9627,10.7245,1.3383,35.675,33.162,18.2305,942.4,4047.47,3.7131
2024-08-01,1.5294,5.665,1.3821,0.87747,23.593,0.92687,0.78161,366.62,16266,83.74,150.76,1366.33,18.5315,10.8875,1.6813,58.311,3.9816,10.6794,1.3381,35.6,33.095,18.1791,952.0,4083.53,3.7402
2024-08-02,1.5347,5.7748,1.3876,0.8706,23.323,0.92293,0.78449,366.16,16210,83.74,148.93,1365.73,18.994,11.0097,1.6794,58.039,3.9585,10.6916,1.3312,35.345,33.172,18.1862,950.35,4130.6,3.7438
2024-08-05,1.551,5.8142,1.385,0.84844,23.084,0.91191,0.78313,363.35,16191,84.15,142.24,1364.19,19.7346,11.044,1.6835,57.727,3.9329,10.518,1.32,35.32,33.362,18.5765,953.07,4152.61,3.7523
2024-08-06,1.5426,5.6828,1.3831,0.85433,23.166,0.91617,0.78789,364.07,16173,83.91,145.02,1378.0,19.3193,10.9945,1.6879,57.764,3.9492,10.59,1.3271,35.545,33.575,18.4718,944.9,4138.95,3.7524
2024-08-07,1.5238,5.618,1.3743,0.86147,23.137,0.91558,0.78564,364.59,16058,83.96,147.06,1375.15,19.2904,10.7865,1.6618,57.695,3.9528,10.4592,1.3275,35.585,33.491,18.3428,943.93,4135.47,3.7346
2024-08-08,1.5258,5.6307,1.3743,0.85709,23.123,0.91491,0.78768,362.4,15900,83.95,146.15,1375.9,19.2498,10.8715,1.6679,57.4,3.9515,10.5174,1.3242,35.295,33.498,18.3888,935.16,4055.92,3.7265
2024-08-09,1.5214,5.5397,1.3746,0.86425,23.114,0.916,0.78509,362.0,15950,83.96,146.86,1365.82,18.8376,10.8359,1.6631,57.28,3.962,10.5299,1.3239,35.22,33.551,18.3356,932.03,4066.48,3.7289
2024-08-12,1.5158,5.4918,1.3728,0.86874,23.046,0.91533,0.7831,359.95,15967,83.97,147.6,1370.78,18.8247,10.7776,1.6577,57.31,3.9412,10.5204,1.3249,35.265,33.528,18.2194,933.46,4049.14,3.7447
2024-08-13,1.5161,5.4946,1.3735,0.86726,23.056,0.91483,0.78179,360.01,15843,83.94,147.44,1371.27,18.9589,10.7922,1.6548,57.014,3.9237,10.526,1.3223,35.115,33.555,18.1704,930.44,4033.87,3.7486
2024-08-14,1.5104,5.4473,1.3717,0.86351,22.867,0.90752,0.7785,357.97,15605,83.95,147.0,1355.6,18.9473,10.6784,1.6629,56.957,3.9001,10.4223,1.3154,34.875,33.548,18.0839,930.5,4013.79,3.7225
2024-08-15,1.5084,5.4729,1.3704,0.8665,22.886,0.90818,0.77754,358.35,15702,83.95,147.25,1357.99,18.843,10.6671,1.6638,56.983,3.8884,10.4564,1.3173,34.95,33.616,18.0078,932.4,4008.0,3.7345
2024-08-16,1.5078,5.4677,1.373,0.86775,22.957,0.90959,0.77431,359.95,15699,83.94,148.01,1355.81,18.6884,10.75,1.6591,57.161,3.8842,10.4998,1.3186,34.935,33.696,17.9182,937.9,4028.0,3.7435
2024-08-19,1.4932,5.4538,1.3674,0.86432,22.807,0.90572,0.77206,356.02,15589,83.88,146.02,1336.9,18.7112,10.6281,1.6457,56.678,3.8663,10.404,1.31,34.465,33.731,17.8381,923.01,4027.08,3.7333
2024-08-20,1.4845,5.4471,1.361,0.85953,22.698,0.9022,0.76862,355.33,15451,83.76,146.32,1333.76,18.8055,10.54,1.6278,56.441,3.8473,10.2693,1.3076,34.18,33.824,17.8,923.43,4007.47,3.7451
2024-08-21,1.4839,5.4736,1.3599,0.85489,22.589,0.8996,0.76739,352.96,15515,83.9,145.97,1336.41,19.0068,10.5101,1.6291,56.51,3.8555,10.2357,1.307,34.27,33.903,17.8353,914.95,4029.84,3.7397
2024-08-22,1.4863,5.5265,1.3588,0.85227,22.534,0.89807,0.76285,353.93,15631,83.95,146.06,1338.79,19.4145,10.5689,1.6261,56.33,3.8451,10.2308,1.3083,34.425,33.934,17.9829,918.83,4062.8,3.7589
2024-08-23,1.4853,5.5662,1.3583,0.85208,22.55,0.8992,0.76192,354.06,15559,83.9,146.0,1336.98,19.3607,10.6124,1.624,56.41,3.8463,10.2828,1.3084,34.23,34.006,17.9472,908.0,4022.87,3.7407
2024-08-26,1.4777,5.4942,1.3505,0.84744,22.426,0.89582,0.75826,354.05,15441,83.9,144.17,1326.85,19.1785,10.5514,1.6132,56.01,3.8354,10.215,1.3031,33.975,34.018,17.7656,905.3,4024.5,3.7545
2024-08-27,1.4747,5.4816,1.3475,0.84573,22.428,0.8959,0.75648,352.2,15543,83.92,144.45,1331.18,19.4293,10.5026,1.6047,56.3,3.8329,10.1915,1.3037,34.07,34.033,17.7283,908.1,4033.2,3.7431
2024-08-28,1.4758,5.5319,1.3477,0.8433,22.536,0.89952,0.75707,353.87,15427,83.98,144.44,1335.84,19.6834,10.5352,1.6032,56.26,3.8682,10.1961,1.3037,34.045,34.037,17.7972,911.37,4098.47,3.7392
2024-08-29,1.4677,5.5819,1.3462,0.84452,22.586,0.90188,0.75915,354.19,15407,83.89,144.62,1329.67,19.7132,10.4987,1.5945,56.168,3.8689,10.2322,1.3016,33.955,34.085,17.7084,912.2,4115.47,3.7463
2024-08-30,1.4703,5.6061,1.3476,0.84928,22.577,0.90196,0.75873,354.05,15496,83.84,145.39,1333.63,19.6248,10.5186,1.5973,56.2,3.857,10.2241,1.3025,33.86,34.062,17.6205,912.77,4176.24,3.7464
2024-09-02,1.4756,5.622,1.35,0.85119,22.643,0.90408,0.7614,354.9,15541,83.91,146.97,1339.23,19.6745,10.6048,1.6063,56.517,3.8649,10.2622,1.3077,34.205,33.976,17.9157,917.07,4158.25,3.7653
2024-09-03,1.4856,5.6236,1.3549,0.85265,22.72,0.90621,0.76198,356.48,15560,83.98,146.14,1342.3,19.826,10.6624,1.6166,56.572,3.877,10.3054,1.3097,34.285,33.978,17.9742,928.03,4185.65,3.7822
2024-09-04,1.4887,5.6582,1.3557,0.85032,22.702,0.90498,0.76243,355.86,15499,83.98,145.03,1340.72,19.8769,10.6833,1.6164,56.563,3.8722,10.3267,1.3068,34.195,34.048,17.9183,942.73,4175.07,3.7963
2024-09-05,1.4867,5.6304,1.3514,0.84617,22.553,0.90114,0.75983,353.52,15419,83.99,143.46,1335.08,20.077,10.624,1.6107,56.079,3.8464,10.2726,1.3016,33.615,33.99,17.785,941.94,4159.9,3.7931
2024-09-06,1.4864,5.571,1.3495,0.84347,22.547,0.90066,0.75919,355.53,15414,83.95,143.14,1330.54,19.9505,10.6291,1.6084,55.947,3.8548,10.2403,1.2995,33.53,33.99,17.7317,943.6,4173.95,3.7967
2024-09-09,1.5029,5.6144,1.3564,0.84904,22.685,0.90555,0.76397,358.55,15470,83.95,143.56,1345.18,19.9113,10.8127,1.6304,56.465,3.8739,10.3731,1.3065,33.935,34.048,17.899,944.5,4237.6,3.8132
2024-09-10,1.5004,5.5779,1.3574,0.84752,22.716,0.90654,0.76389,360.24,15454,83.97,143.06,1342.21,19.9012,10.7896,1.6246,56.401,3.883,10.3667,1.3051,33.755,34.059,17.9008,948.86,4277.15,3.8186
2024-09-11,1.4996,5.6366,1.3581,0.84741,22.718,0.90555,0.76406,358.78,15412,83.98,141.81,1338.86,19.9176,10.8096,1.6269,55.878,3.8824,10.355,1.3026,33.685,34.01,17.875,940.8,4267.0,3.7855
2024-09-12,1.4975,5.6562,1.3584,0.85458,22.805,0.90777,0.7667,359.37,15438,83.96,142.54,1341.05,19.7404,10.8333,1.6304,56.147,3.9014,10.3613,1.3054,33.72,33.952,17.9478,929.98,4208.39,3.7669
2024-09-13,1.4928,5.6084,1.3592,0.84713,22.694,0.90245,0.76234,356.76,15407,83.92,140.93,1330.39,19.4603,10.6935,1.622,55.989,3.8713,10.2549,1.2999,33.38,33.945,17.7949,926.03,4180.5,3.7657
2024-09-16,1.4823,5.552,1.358,0.84433,22.585,0.8988,0.75749,353.97,15366,83.86,139.91,1318.91,19.2369,10.5878,1.6141,55.81,3.8386,10.1739,1.2949,33.24,33.978,17.6413,922.4,4235.25,3.7861
2024-09-17,1.4788,5.4974,1.3586,0.84433,22.556,0.89775,0.7566,354.32,15336,83.76,140.69,1317.59,19.3276,10.5831,1.6128,55.63,3.8319,10.1665,1.2934,33.31,34.037,17.6334,929.56,4202.97,3.7725
2024-09-18,1.4743,5.4784,1.359,0.84394,22.537,0.89896,0.75715,354.41,15311,83.72,141.98,1324.75,19.0939,10.5855,1.6071,55.725,3.8385,10.1798,1.294,33.275,34.109,17.5774,927.88,4167.47,3.7571
2024-09-19,1.4658,5.3998,1.3544,0.84797,22.482,0.89638,0.75254,353.67,15170,83.65,143.0,1328.05,19.1744,10.4588,1.5996,55.53,3.8238,10.1448,1.2921,33.135,34.025,17.4304,927.88,4158.97,3.7458
2024-09-20,1.4677,5.4245,1.3566,0.84954,22.459,0.89558,0.75148,352.57,15162,83.53,144.26,1335.76,19.3525,10.5078,1.6048,55.66,3.8298,10.1925,1.292,33.035,34.109,17.525,927.88,4152.96,3.7498
2024-09-23,1.4636,5.5739,1.3549,0.84972,22.572,0.89936,0.75113,354.96,15187,83.55,143.52,1337.01,19.419,10.5099,1.5982,56.03,3.8448,10.2185,1.2912,32.965,34.152,17.3804,922.25,4154.75,3.768
2024-09-24,1.4585,5.5124,1.3503,0.84784,22.595,0.89823,0.74751,354.53,15177,83.67,143.84,1334.65,19.3793,10.4303,1.5905,56.23,3.8323,10.1442,1.2882,32.847,34.138,17.3241,910.41,4153.88,3.7641
2024-09-25,1.454,5.4586,1.3439,0.84822,22.443,0.89334,0.7473,352.89,15118,83.6,144.26,1330.59,19.4238,10.4377,1.5834,55.931,3.8095,10.1045,1.2844,32.695,34.133,17.146,913.08,4195.5,3.7666
2024-09-26,1.4538,5.4121,1.3469,0.84733,22.554,0.89646,0.7479,354.95,15131,83.64,144.13,1325.52,19.5697,10.5661,1.5859,55.96,3.8288,10.13,1.2844,32.465,34.157,17.2461,900.85,4162.84,3.728
2024-09-27,1.4501,5.4372,1.3476,0.84424,22.547,0.89622,0.74689,355.75,15109,83.69,143.06,1310.95,19.5707,10.5373,1.5817,56.095,3.8303,10.1031,1.282,32.385,34.176,17.126,899.65,4172.8,3.7159
2024-09-30,1.4439,5.4041,1.3516,0.84307,22.494,0.89318,0.74619,354.48,15163,83.79,142.75,1312.17,19.6356,10.5078,1.5734,56.038,3.8217,10.0929,1.281,32.25,34.181,17.172,897.3,4208.48,3.7056
2024-10-01,1.4469,5.4462,1.3518,0.84738,22.796,0.90204,0.75043,358.86,15198,83.83,143.76,1320.58,19.7041,10.5814,1.5829,56.185,3.8655,10.2061,1.287,32.585,34.203,17.2817,904.6,4220.35,3.7158
2024-10-02,1.4496,5.416,1.3487,0.84798,22.867,0.90326,0.75231,360.88,15278,83.99,144.76,1321.05,19.5177,10.5442,1.591,56.17,3.8795,10.2516,1.2886,32.785,34.227,17.3973,911.48,4183.25,3.7194
2024-10-03,1.4606,5.4628,1.3538,0.85035,22.97,0.90588,0.76328,363.65,15468,83.99,146.73,1334.26,19.5117,10.6165,1.6078,56.45,3.9005,10.2917,1.2968,33.125,34.155,17.485,920.0,4184.0,3.7289
2024-10-04,1.4617,5.4919,1.3557,0.85175,22.982,0.9067,0.75923,363.89,15564,83.97,146.6,1340.32,19.2846,10.5943,1.612,56.33,3.912,10.2797,1.2979,33.08,34.252,17.482,924.03,4164.4,3.7318
2024-10-07,1.471,5.438,1.358,0.85485,23.08,0.91058,0.76414,366.13,15717,84.0,148.09,1344.13,19.3253,10.6137,1.6251,56.929,3.9351,10.3497,1.3025,33.39,34.253,17.3901,924.38,4214.28,3.7399
2024-10-08,1.4836,5.5116,1.3641,0.85686,23.05,0.91058,0.76287,364.73,15647,83.96,147.96,1346.04,19.2479,10.642,1.6329,56.813,3.9231,10.3342,1.3028,33.44,34.272,17.4635,932.51,4223.51,3.74
2024-10-09,1.4861,5.5438,1.3676,0.85763,23.134,0.91266,0.76426,364.97,15634,83.96,148.74,1344.37,19.3411,10.7566,1.6463,56.959,3.9224,10.3696,1.3046,33.45,34.247,17.64,933.25,4232.0,3.7558
2024-10-10,1.4888,5.5855,1.375,0.85922,23.159,0.91475,0.76551,366.26,15703,83.97,148.97,1351.55,19.4649,10.7867,1.6464,57.411,3.9378,10.3965,1.3081,33.59,34.213,17.5989,930.62,4198.0,3.7666
2024-10-11,1.4841,5.5665,1.3771,0.85738,23.124,0.91424,0.76527,366.47,15581,84.07,148.97,1350.92,19.4149,10.7326,1.6402,57.244,3.9219,10.3803,1.3058,33.32,34.282,17.4658,923.0,4208.28,3.7536
2024-10-14,1.4886,5.6292,1.3786,0.86202,23.145,0.91617,0.76651,367.18,15593,84.04,149.69,1359.62,19.2716,10.7618,1.6443,57.505,3.9297,10.4201,1.308,33.26,34.276,17.5555,926.28,4198.98,3.7587
2024-10-15,1.4891,5.5901,1.3815,0.86224,23.151,0.91718,0.76451,367.31,15525,84.03,149.36,1359.93,19.4534,10.7915,1.6419,57.845,3.9382,10.365,1.3089,33.335,34.258,17.5778,940.15,4243.47,3.7687
2024-10-16,1.495,5.6375,1.3777,0.86235,23.214,0.91768,0.76723,367.99,15526,84.01,149.19,1361.02,19.7109,10.83,1.6449,57.765,3.946,10.412,1.309,33.13,34.21,17.5537,935.6,4254.36,3.7712
2024-10-17,1.4935,5.6828,1.3782,0.86324,23.243,0.9203,0.76804,367.87,15510,84.04,149.55,1370.17,19.9834,10.9272,1.6476,57.845,3.9677,10.508,1.3124,33.178,34.159,17.7256,944.5,4248.47,3.765
2024-10-18,1.4903,5.6539,1.3792,0.86669,23.259,0.92191,0.76671,368.81,15492,84.08,150.04,1371.85,19.7363,10.8892,1.647,57.49,3.9721,10.5287,1.3123,33.185,34.292,17.5873,952.75,4265.92,3.7512
2024-10-21,1.4954,5.7084,1.3819,0.86428,23.282,0.9214,0.76767,370.04,15495,84.07,150.0,1378.17,19.9521,10.9076,1.6512,57.613,3.9782,10.5293,1.3126,33.455,34.254,17.615,950.32,4266.47,3.7639
2024-10-22,1.495,5.696,1.3829,0.86545,23.336,0.92413,0.77017,369.68,15565,84.07,150.84,1378.49,19.8873,10.926,1.6514,57.832,3.9895,10.5355,1.3151,33.48,34.248,17.5755,945.88,4266.16,3.7532
2024-10-23,1.5077,5.7196,1.3839,0.86747,23.437,0.92876,0.77225,373.21,15671,84.09,152.93,1385.29,20.072,11.0082,1.6642,58.06,4.0339,10.5991,1.3223,33.765,34.295,17.6795,945.2,4318.48,3.7514
2024-10-24,1.503,5.6927,1.3815,0.86557,23.359,0.92584,0.77039,373.05,15580,84.07,151.95,1379.34,19.7824,10.9393,1.6586,57.884,4.0214,10.5722,1.3192,33.635,34.237,17.6743,947.5,4293.88,3.7537
2024-10-25,1.5068,5.6739,1.3847,0.8667,23.326,0.92379,0.77005,373.84,15685,84.09,151.92,1389.46,19.8069,10.9187,1.6651,58.308,4.0164,10.5751,1.3201,33.755,34.289,17.6099,946.66,4325.99,3.7569
2024-10-28,1.5134,5.6896,1.3894,0.86587,23.431,0.92439,0.76992,374.22,15729,84.08,152.69,1383.3,19.9871,11.0113,1.6693,58.208,4.0211,10.6036,1.3221,33.775,34.296,17.7368,945.78,4333.0,3.7732
2024-10-29,1.5243,5.7187,1.3905,0.86959,23.549,0.92816,0.77056,376.12,15772,84.06,153.76,1388.9,20.022,10.9908,1.6777,58.341,4.0356,10.6896,1.3261,33.785,34.295,17.7337,954.2,4393.59,3.7692
2024-10-30,1.522,5.7849,1.3936,0.86852,23.465,0.92464,0.77138,377.61,15688,84.09,153.41,1380.51,20.173,10.9834,1.6735,58.262,4.0188,10.6944,1.3249,33.77,34.291,17.7101,956.13,4412.54,3.7742
2024-10-31,1.5217,5.7558,1.3907,0.86491,23.274,0.91895,0.76965,375.19,15720,84.07,152.82,1378.47,20.041,10.9709,1.6743,58.228,3.9982,10.6881,1.3212,33.775,34.247,17.6318,961.2,4425.62,3.7665
2024-11-01,1.5186,5.7706,1.3913,0.86605,23.271,0.9187,0.77169,374.6,15739,84.06,152.08,1376.4,19.9587,10.9876,1.6687,58.36,4.0003,10.6674,1.3222,33.875,34.337,17.5573,960.8,4434.72,3.7666
2024-11-04,1.5147,5.8092,1.3899,0.86299,23.191,0.91709,0.77094,374.02,15766,84.12,151.75,1373.78,20.102,10.9561,1.6687,58.476,3.9823,10.6791,1.3166,33.69,34.348,17.5393,952.88,4412.97,3.7654
2024-11-05,1.5098,5.785,1.3883,0.86281,23.257,0.91768,0.77012,375.56,15766,84.11,152.27,1379.93,20.151,10.9755,1.6673,58.322,3.9993,10.7062,1.317,33.635,34.348,17.4614,953.26,4406.37,3.7759
2024-11-06,1.5242,5.809,1.3925,0.87592,23.692,0.93502,0.77815,383.43,15874,84.32,154.32,1403.37,20.641,11.1351,1.6827,58.858,4.0667,10.8943,1.3353,34.32,34.255,17.7505,960.43,4411.47,3.7858
2024-11-07,1.5017,5.6549,1.3871,0.87455,23.423,0.92721,0.7713,375.13,15660,84.32,153.65,1386.91,19.8331,10.8934,1.6627,58.507,4.0105,10.7548,1.322,34.12,34.244,17.3693,947.14,4299.83,3.752
2024-11-08,1.5094,5.7588,1.3909,0.87198,23.401,0.92833,0.77226,377.53,15598,84.38,152.41,1388.24,19.9916,10.9297,1.6682,58.346,4.0155,10.7594,1.323,34.065,34.358,17.5248,970.0,4358.46,3.7686
2024-11-11,1.5197,5.8095,1.394,0.87964,23.79,0.93888,0.77627,384.59,15726,84.4,153.81,1398.9,20.52,11.0661,1.6766,58.643,4.0785,10.8835,1.3329,34.46,34.332,17.8548,977.93,4358.46,3.7747
2024-11-12,1.5264,5.7578,1.3939,0.88104,23.914,0.94189,0.78021,386.83,15795,84.38,154.2,1405.43,20.385,11.0563,1.6811,58.654,4.0975,10.8712,1.3379,34.795,34.383,18.045,982.31,4444.57,3.786
2024-11-13,1.5334,5.7419,1.3962,0.8824,23.798,0.94082,0.78477,384.51,15727,84.38,154.96,1399.38,20.504,11.0683,1.6879,58.639,4.0855,10.9037,1.3373,34.68,34.361,18.0079,976.8,4477.47,3.8005
2024-11-14,1.5461,5.8029,1.4012,0.88949,24.024,0.9494,0.7895,386.45,15954,84.46,155.93,1403.95,20.622,11.164,1.7049,58.836,4.1188,11.0159,1.3458,35.02,34.365,18.3363,975.81,4484.4,3.8022
2024-11-15,1.5445,5.7956,1.4042,0.88718,23.893,0.94491,0.78858,384.8,15884,84.43,155.31,1394.91,20.382,11.0545,1.7023,58.738,4.082,10.952,1.3405,34.83,34.422,18.1757,977.9,4422.72,3.8042
2024-11-18,1.5497,5.7837,1.4095,0.88741,23.959,0.94769,0.79189,387.32,15858,84.42,155.17,1397.36,20.377,11.1041,1.7117,58.689,4.1014,10.9932,1.3444,34.835,34.54,18.0788,972.35,4398.85,3.7946
2024-11-19,1.5375,5.7867,1.4022,0.88192,23.902,0.94536,0.79068,385.19,15844,84.41,153.82,1392.36,20.321,11.0224,1.6968,58.909,4.0937,10.951,1.3389,34.525,34.559,18.0535,969.71,4394.85,3.7946
2024-11-20,1.5362,5.7731,1.3981,0.88449,23.941,0.94679,0.78943,387.81,15897,84.36,155.67,1395.95,20.17,11.0244,1.6992,58.968,4.1004,10.9875,1.3419,34.635,34.465,18.1089,971.52,4384.92,3.7948
2024-11-21,1.5334,5.8215,1.3965,0.88296,24.079,0.95003,0.79112,389.99,15897,84.48,154.41,1398.06,20.372,11.0393,1.7028,59.012,4.1248,11.027,1.3437,34.645,34.482,18.0775,972.0,4384.97,3.7935
2024-11-22,1.5384,5.809,1.3985,0.89051,24.355,0.96043,0.79913,394.86,15914,84.45,154.48,1406.48,20.432,11.1103,1.7119,58.94,4.1657,11.0959,1.3479,34.545,34.551,18.0505,983.65,4417.47,3.7949
2024-11-25,1.5351,5.8067,1.3957,0.88842,24.102,0.95283,0.79528,390.45,15867,84.29,154.02,1400.54,20.324,11.04,1.7081,59.015,4.1148,10.9605,1.3462,34.56,34.59,18.065,974.9,4379.47,3.7754
2024-11-26,1.5388,5.7979,1.4097,0.88519,24.039,0.95039,0.79339,390.59,15878,84.3,153.14,1395.45,20.489,11.102,1.7069,58.962,4.0967,10.9513,1.3451,34.605,34.641,18.0889,976.79,4400.37,3.7695
2024-11-27,1.5428,5.8202,1.406,0.88396,23.993,0.94958,0.79195,391.3,15863,84.41,151.6,1392.39,20.745,11.1006,1.6991,58.75,4.0946,10.9477,1.3434,34.495,34.658,18.1456,976.4,4384.47,3.7563
2024-11-28,1.5394,5.9658,1.4011,0.88351,23.972,0.94859,0.78951,391.61,15875,84.47,151.67,1396.59,20.34,11.0643,1.6991,58.691,4.0884,10.9443,1.3437,34.425,34.605,18.1522,976.63,4415.94,3.7469
2024-11-29,1.5381,6.0936,1.4009,0.88137,23.912,0.94679,0.78778,389.84,15863,84.57,150.2,1397.57,20.391,11.059,1.6922,58.643,4.0674,10.9051,1.3406,34.29,34.689,18.0626,972.0,4431.98,3.7424
2024-12-02,1.5429,6.0267,1.4036,0.88665,24.047,0.95175,0.78898,394.93,15898,84.71,150.13,1404.33,20.495,11.0964,1.6981,58.68,4.0835,10.9708,1.3456,34.46,34.717,18.182,976.98,4455.9,3.7425
2024-12-03,1.543,6.0712,1.4034,0.88556,23.995,0.95129,0.79074,394.45,15933,84.68,149.64,1403.06,20.349,11.0626,1.7002,58.584,4.088,11.0117,1.3451,34.42,34.75,18.1035,969.5,4436.5,3.7436
2024-12-04,1.5616,6.0496,1.4063,0.88687,24.014,0.95311,0.78946,394.96,15924,84.76,151.15,1417.54,20.308,11.0756,1.7144,58.247,4.0858,11.0065,1.3472,34.35,34.757,18.1738,973.95,4437.47,3.7363
2024-12-05,1.5538,5.998,1.405,0.88283,23.858,0.94877,0.78558,390.7,15855,84.68,150.4,1418.04,20.29,11.0626,1.7064,57.824,4.0555,10.9198,1.3409,34.13,34.723,18.0671,969.8,4407.47,3.729
2024-12-06,1.56,6.0057,1.4065,0.87742,23.731,0.94509,0.78305,391.6,15824,84.69,150.51,1419.74,20.187,11.0996,1.7118,57.854,4.0327,10.8903,1.3396,33.995,34.798,18.0584,974.03,4403.44,3.7227
2024-12-09,1.55,6.042,1.4117,0.87954,23.744,0.94625,0.78354,389.15,15878,84.87,150.83,1432.14,20.159,11.1123,1.7061,58.002,4.0304,10.916,1.3396,33.74,34.815,17.8194,967.45,4370.63,3.7228
2024-12-10,1.5628,6.0617,1.4162,0.88031,23.842,0.94994,0.78422,390.57,15873,84.88,151.74,1431.85,20.167,11.1442,1.7178,57.994,4.0541,10.9561,1.3411,33.77,34.848,17.8782,972.48,4368.6,3.7111
2024-12-11,1.5728,6.037,1.4186,0.88322,23.905,0.95175,0.78479,389.72,15932,84.85,152.61,1430.36,20.207,11.1469,1.7303,58.31,4.0585,10.9608,1.3433,33.885,34.87,17.7781,974.4,4336.97,3.7207
2024-12-12,1.5645,5.9074,1.4169,0.88829,23.892,0.9532,0.7857,389.33,15964,84.87,152.13,1430.72,20.169,11.1086,1.7266,58.321,4.0757,10.9618,1.3448,33.85,34.878,17.6939,977.37,4344.94,3.7352
2024-12-13,1.5676,6.0355,1.4218,0.89228,23.787,0.95075,0.78953,388.76,16020,84.8,153.5,1433.33,20.198,11.1008,1.7321,58.605,4.0543,10.9479,1.3472,34.135,34.948,17.8866,985.83,4314.67,3.7363
2024-12-16,1.5727,6.039,1.4249,0.89274,23.848,0.95256,0.7901,389.63,16022,84.89,154.06,1437.56,20.16,11.1602,1.7326,58.779,4.0617,10.9107,1.3501,34.085,34.962,17.8788,989.33,4323.97,3.733
2024-12-17,1.5764,6.1526,1.4285,0.89673,23.877,0.95265,0.78735,390.06,16138,84.92,153.98,1436.72,20.136,11.2065,1.7366,59.037,4.0616,10.9288,1.351,34.225,34.991,18.1286,986.56,4343.97,3.7414
2024-12-18,1.5817,6.1494,1.4312,0.89386,23.94,0.95274,0.7862,391.46,16110,84.95,153.89,1438.15,20.14,11.2062,1.7438,58.932,4.0566,10.9466,1.3507,34.235,35.019,18.0642,996.11,4392.47,3.7336
2024-12-19,1.5999,6.2852,1.4363,0.89649,24.172,0.962,0.79312,400.24,16314,85.12,156.87,1448.1,20.331,11.3654,1.7688,59.063,4.0885,11.0269,1.3594,34.58,35.071,18.3117,991.0,4375.95,3.739
2024-12-20,1.6048,6.0802,1.4385,0.8948,24.178,0.96246,0.79851,398.63,16230,85.04,156.78,1446.29,20.23,11.423,1.7753,58.807,4.1023,11.0452,1.3571,34.415,35.182,18.3931,988.5,4381.75,3.7207
2024-12-23,1.6037,6.1499,1.4412,0.8983,24.213,0.96219,0.79857,399.02,16182,85.11,157.18,1453.44,20.213,11.3605,1.7732,58.596,4.1136,11.0497,1.357,34.285,35.219,18.478,989.66,4409.47,3.727
2024-12-24,1.6047,6.1937,1.4418,0.90024,24.18,0.962,0.79658,396.08,16203,85.17,157.05,1458.37,20.153,11.3987,1.7729,58.477,4.1092,11.0952,1.3592,34.14,35.254,18.5948,989.05,4369.0,3.7256
2024-12-27,1.6078,6.1894,1.4377,0.90043,24.15,0.95831,0.79634,394.3,16218,85.49,157.79,1473.55,20.264,11.3498,1.7736,58.153,4.0971,11.001,1.3583,34.015,35.214,18.7119,991.48,4404.5,3.7467
2024-12-30,1.6044,6.2007,1.4396,0.90339,24.154,0.95749,0.79424,394.03,16163,85.47,157.57,1473.7,20.38,11.3419,1.7685,57.843,4.0842,10.9982,1.3564,34.125,35.323,18.7372,993.83,4417.95,3.7691
2024-12-31,1.6144,6.1847,1.4388,0.90596,24.242,0.96256,0.79813,395.95,16191,85.6,156.95,1474.78,20.743,11.3534,1.7838,58.043,4.1149,11.0299,1.3634,34.34,35.361,18.8842,992.6,4401.94,3.7692
2025-01-02,1.6101,6.2203,1.4422,0.90795,24.394,0.9689,0.80533,400.06,16207,85.76,157.0,1467.95,20.771,11.3529,1.783,57.91,4.1423,11.067,1.3653,34.255,35.318,18.6725,1003.63,4388.97,3.7501
2025-01-03,1.6075,6.1635,1.4411,0.90902,24.435,0.97097,0.80584,402.88,16219,85.77,157.07,1468.78,20.617,11.3729,1.7833,58.098,4.1485,11.1074,1.3703,34.445,35.368,18.7355,1016.13,4347.47,3.7587
2025-01-06,1.5879,6.1048,1.4305,0.90121,24.126,0.95914,0.79703,397.74,16147,85.61,156.58,1456.21,20.33,11.2311,1.7604,57.902,4.0781,10.9961,1.3589,34.37,35.325,18.4849,1010.7,4338.97,3.7612
2025-01-07,1.5931,6.0747,1.4315,0.90696,24.186,0.96219,0.7978,400.01,16160,85.74,157.66,1450.35,20.34,11.2946,1.7624,58.095,4.0973,11.0411,1.3615,34.475,35.354,18.591,1003.4,4335.95,3.7697
2025-01-08,1.6138,6.1321,1.4391,0.91182,24.451,0.9722,0.81084,404.68,16255,85.89,158.41,1461.7,20.425,11.4116,1.7872,58.518,4.1576,11.1924,1.3704,34.69,35.383,18.8953,1000.0,4322.25,3.7815
2025-01-09,1.6138,6.1127,1.4392,0.91189,24.373,0.9704,0.81328,401.73,16200,85.85,157.75,1459.71,20.476,11.4124,1.7872,58.497,4.1459,11.1543,1.3685,34.59,35.343,18.8776,1006.0,4324.47,3.7653
2025-01-10,1.6164,6.0556,1.4407,0.91382,24.35,0.9705,0.81224,401.48,16189,86.02,158.06,1466.73,20.503,11.4101,1.791,58.465,4.1401,11.1578,1.3676,34.565,35.409,19.0378,1010.25,4338.5,3.7664
2025-01-13,1.6256,6.0903,1.4414,0.91645,24.74,0.98058,0.82526,405.65,16318,86.7,157.11,1468.44,20.769,11.4817,1.8002,58.689,4.1886,11.2821,1.3738,34.775,35.499,19.1445,1005.48,4301.65,3.7808
2025-01-14,1.6204,6.0809,1.4391,0.91703,24.689,0.97609,0.82272,402.2,16309,86.57,157.76,1460.61,20.629,11.4392,1.7886,58.756,4.1662,11.2367,1.37,34.76,35.493,18.95,1004.09,4287.07,3.7748
2025-01-15,1.6132,6.056,1.4353,0.91204,24.483,0.97087,0.81857,398.67,16381,86.42,157.04,1459.37,20.476,11.3626,1.7846,58.6,4.1372,11.1665,1.3679,34.72,35.483,18.8659,1004.35,4296.97,3.759
2025-01-16,1.6135,6.0343,1.4385,0.91277,24.563,0.97352,0.82027,401.43,16407,86.58,156.21,1459.35,20.621,11.3868,1.7902,58.564,4.1558,11.1809,1.3689,34.65,35.443,18.891,1012.0,4340.13,3.7568
2025-01-17,1.6164,6.0709,1.4434,0.91222,24.534,0.97106,0.82009,400.71,16398,86.62,155.59,1458.58,20.799,11.4187,1.7902,58.591,4.1353,11.173,1.3675,34.465,35.567,18.7695,1005.78,4335.5,3.7377
2025-01-20,1.6118,6.0768,1.4467,0.91402,24.437,0.96937,0.81997,400.49,16390,86.54,156.42,1451.34,20.87,11.4061,1.7843,58.486,4.1264,11.1424,1.3646,34.255,35.589,18.7457,999.5,4310.33,3.7333
2025-01-21,1.6065,6.0524,1.4447,0.91021,24.31,0.96553,0.81639,397.3,16339,86.6,155.7,1441.93,20.747,11.4097,1.7772,58.531,4.1072,11.0795,1.3593,34.065,35.629,18.6035,1002.15,4300.59,3.7333
2025-01-22,1.5899,6.0077,1.4337,0.90482,24.073,0.95758,0.80883,393.64,16211,86.38,155.82,1432.55,20.56,11.254,1.7607,58.415,4.0506,10.9806,1.3527,33.835,35.652,18.4695,990.18,4252.47,3.7121
2025-01-23,1.595,5.9517,1.4402,0.90754,24.164,0.96117,0.81188,393.79,16240,86.44,156.27,1436.85,20.469,11.275,1.7663,58.692,4.0475,11.0232,1.3566,34.025,35.658,18.5643,986.96,4226.15,3.7097
2025-01-24,1.5852,5.9078,1.4338,0.90661,23.966,0.95493,0.80608,390.42,16139,86.26,156.51,1433.92,20.25,11.2199,1.7536,58.389,4.0239,10.9425,1.3492,33.68,35.692,18.3843,980.35,4171.5,3.7178
2025-01-27,1.5859,5.9236,1.4336,0.89772,23.839,0.94967,0.79873,388.21,16151,86.31,154.05,1432.07,20.501,11.2151,1.7535,58.317,4.0069,10.9174,1.3423,33.62,35.732,18.6645,985.48,4186.47,3.7427
2025-01-28,1.6023,5.9049,1.4412,0.90596,24.077,0.9596,0.8048,391.64,16225,86.56,155.32,1445.94,20.668,11.3027,1.7694,58.44,4.0378,11.0143,1.3518,33.88,35.764,18.6968,993.68,4213.25,3.7338
2025-01-29,1.6073,5.8475,1.4439,0.90708,24.165,0.96191,0.80534,392.54,16240,86.56,155.35,1446.73,20.484,11.3298,1.7724,58.41,4.053,11.0191,1.3516,33.77,35.776,18.6658,989.93,4164.47,3.7137
2025-01-30,1.6058,5.9114,1.4416,0.90753,24.148,0.96126,0.80443,391.47,16247,86.61,154.11,1441.91,20.528,11.3059,1.7695,58.342,4.0434,11.0257,1.3504,33.695,35.781,18.5272,982.28,4164.62,3.7199
2025-01-31,1.607,5.8383,1.4466,0.90917,24.214,0.96219,0.80446,392.52,16300,86.59,154.9,1449.65,20.665,11.2935,1.7696,58.387,4.0537,11.0401,1.3558,33.595,35.857,18.6268,980.38,4202.5,3.7268
2025-02-03,1.6226,5.8516,1.465,0.91425,24.58,0.97333,0.80919,397.54,16415,87.06,154.63,1463.9,20.933,11.4014,1.7933,58.554,4.1128,11.1748,1.365,34.0,35.986,18.8286,984.43,4156.07,3.7047
2025-02-04,1.609,5.8189,1.4411,0.90914,24.356,0.96759,0.80492,393.95,16318,87.09,155.32,1455.45,20.447,11.3411,1.7821,58.27,4.0825,11.0479,1.3561,33.805,35.951,18.7781,971.9,4164.22,3.7118
2025-02-05,1.5909,5.7884,1.4274,0.90146,24.118,0.95951,0.79721,389.56,16315,87.37,152.8,1446.55,20.608,11.1968,1.7579,57.993,4.0269,10.8984,1.3484,33.57,35.915,18.5672,970.62,4172.72,3.7138
2025-02-06,1.5972,5.8038,1.4348,0.90589,24.265,0.96525,0.8078,391.99,16355,87.61,152.46,1450.75,20.628,11.2534,1.7681,58.11,4.0603,10.9276,1.354,33.835,35.895,18.6122,961.51,4132.47,3.712
2025-02-07,1.5925,5.7682,1.4342,0.90758,24.196,0.96367,0.80325,390.82,16318,87.51,152.04,1447.09,20.51,11.2027,1.7623,58.003,4.046,10.8765,1.3512,33.655,35.978,18.4278,961.63,4118.0,3.7131
2025-02-10,1.5938,5.7773,1.4339,0.91047,24.296,0.96899,0.80701,391.36,16345,87.47,152.05,1450.4,20.579,11.2156,1.7691,58.15,4.0463,10.9268,1.3539,33.908,35.996,18.4175,961.0,4136.18,3.7097
2025-02-11,1.5926,5.8018,1.4325,0.91331,24.313,0.96862,0.80739,391.22,16367,86.74,152.34,1453.6,20.617,11.2122,1.771,58.165,4.0474,10.8994,1.3556,34.115,36.052,18.4903,959.88,4136.27,3.7117
2025-02-12,1.5935,5.7678,1.4301,0.91196,24.18,0.96432,0.80365,388.26,16349,86.89,153.54,1452.24,20.555,11.2459,1.7735,58.14,4.0225,10.8867,1.353,34.105,36.096,18.4569,949.88,4165.3,3.712
2025-02-13,1.5968,5.7829,1.4287,0.90674,24.116,0.96246,0.80186,386.7,16386,86.99,153.79,1450.93,20.633,11.2748,1.7755,58.048,4.0123,10.858,1.3506,33.905,36.107,18.5246,942.75,4133.57,3.715
2025-02-14,1.5761,5.7384,1.4178,0.90113,23.901,0.95438,0.79419,384.57,16205,86.67,152.79,1440.64,20.343,11.12,1.7515,57.728,3.9753,10.7315,1.3411,33.63,36.218,18.3771,939.25,4124.15,
2025-02-17,1.5713,5.7057,1.419,0.90137,23.924,0.95484,0.79378,383.59,16226,86.88,151.5,1443.57,20.387,11.1157,1.7438,58.013,3.9726,10.7094,1.3415,33.715,36.234,18.439,946.68,4130.16,
2025-02-18,1.5761,5.7027,1.4209,0.90217,24.024,0.95721,0.79473,384.36,16338,86.96,151.77,1441.87,20.285,11.1601,1.7553,58.243,3.9877,10.7318,1.3435,33.715,36.275,18.4367,947.33,4095.47,3.683
2025-02-19,1.5736,5.7289,1.4205,0.90426,24.057,0.95841,0.79392,385.4,16371,86.87,151.82,1442.13,20.313,11.1453,1.7493,58.128,4.0004,10.7476,1.3425,33.695,36.3,18.5258,949.43,4093.57,3.688
2025-02-20,1.5687,5.7001,1.4211,0.90233,24.009,0.95758,0.7931,385.02,16290,86.59,149.96,1436.96,20.36,11.1165,1.7454,57.897,3.984,10.6923,1.3374,33.61,36.314,18.4315,941.45,4074.47,3.683
2025-02-21,1.5666,5.7096,1.4196,0.90014,23.968,0.95557,0.79083,386.62,16319,86.63,150.46,1433.5,20.326,11.1123,1.7378,57.946,3.9831,10.6474,1.3372,33.62,36.409,18.3899,942.0,4084.9,3.685
2025-02-24,1.5702,5.7192,1.4214,0.89958,23.946,0.95547,0.79142,383.8,16286,86.73,149.83,1427.98,20.418,11.1174,1.7402,57.884,3.96,10.6564,1.3379,33.505,36.398,18.3487,943.36,4116.27,3.682
2025-02-25,1.5755,5.7958,1.426,0.89416,23.758,0.95265,0.78983,382.2,16348,87.19,149.75,1433.85,20.476,11.1116,1.7469,57.952,3.9433,10.6178,1.3382,33.705,36.462,18.3731,942.08,4126.9,3.68
2025-02-26,1.585,5.7527,1.4355,0.89559,23.789,0.95356,0.7902,381.71,16375,87.11,149.42,1434.49,20.471,11.1467,1.7564,57.913,3.9516,10.6255,1.3383,33.745,36.438,18.3901,941.19,4102.4,
2025-02-27,1.5881,5.8056,1.4355,0.89787,23.849,0.95447,0.78909,381.24,16453,87.15,149.59,1443.04,20.378,11.1688,1.7595,57.872,3.9427,10.6509,1.3409,33.905,36.43,18.4162,950.65,4130.37,3.674
2025-02-28,1.608,5.8315,1.4426,0.90231,24.041,0.96052,0.79347,383.73,16548,87.38,150.76,1459.92,20.381,11.2616,1.7846,57.972,3.9865,10.7463,1.3483,34.163,36.518,18.4341,958.18,4152.32,3.72
2025-03-03,1.6064,5.8853,1.4433,0.90091,23.982,0.95557,0.78863,382.64,16451,87.29,151.29,1458.6,20.473,11.1753,1.7839,57.751,3.9855,10.6546,1.3479,34.105,36.454,18.64,950.0,4122.47,3.685
2025-03-04,1.6026,5.8854,1.4421,0.88766,23.705,0.94724,0.7842,377.88,16414,87.14,148.24,1456.03,20.784,11.185,1.7732,57.589,3.9399,10.5139,1.3404,33.705,36.454,18.5251,943.8,4139.47,3.668
2025-03-05,1.5925,5.8854,1.4399,0.88966,23.422,0.9351,0.78081,372.97,16362,87.05,149.7,1450.95,20.581,11.0529,1.761,57.399,3.8807,10.2978,1.3373,33.675,36.434,18.4423,927.88,4111.41,3.65
2025-03-06,1.5781,5.751,1.4366,0.88598,23.2,0.92627,0.77612,371.14,16368,87.08,147.5,1448.25,20.403,10.8522,1.7423,57.358,3.869,10.1538,1.3326,33.715,36.424,18.3011,928.6,4100.4,3.6527
2025-03-07,1.5896,5.7674,1.4337,0.88026,23.041,0.92106,0.7745,367.76,16270,86.99,147.69,1446.5,20.309,10.8308,1.7511,57.225,3.8489,10.1055,1.3308,33.635,36.455,18.1732,926.34,4129.91,3.653
2025-03-10,1.5821,5.7987,1.4423,0.87709,23.012,0.92208,0.77316,368.33,16357,87.31,146.97,1455.89,20.201,10.7612,1.7443,57.41,3.8691,10.1148,1.3311,33.795,36.554,18.2415,937.58,4173.47,3.6688
2025-03-11,1.5906,5.8365,1.4416,0.8805,22.877,0.91642,0.77322,368.2,16438,87.2,148.02,1453.96,20.357,10.6617,1.7531,57.293,3.8492,10.0637,1.332,33.775,36.59,18.2631,933.13,4130.05,3.6617
2025-03-12,1.5889,5.8412,1.4407,0.88361,22.977,0.91861,0.77235,367.24,16470,87.2,149.03,1452.0,20.243,10.6637,1.7505,57.366,3.854,10.0831,1.3345,33.855,36.609,18.3952,936.46,4104.9,3.6608
2025-03-13,1.5941,5.8201,1.4396,0.88449,23.17,0.92336,0.77357,369.6,16435,87.05,148.33,1456.72,20.159,10.7087,1.7585,57.468,3.8749,10.2216,1.3374,33.855,36.608,18.4283,933.88,4127.47,3.6618
2025-03-14,1.583,5.7565,1.441,0.88539,22.972,0.91836,0.7731,366.87,16358,86.94,148.66,1453.64,19.9807,10.6713,1.7435,57.28,3.8317,10.1513,1.3349,33.665,36.677,18.1681,928.66,4098.85,3.6558
2025-03-17,1.5739,5.7083,1.4331,0.88196,22.962,0.91718,0.77067,366.21,16379,86.79,148.82,1448.29,19.889,10.5735,1.7255,57.304,3.8396,10.1096,1.3319,33.625,36.667,18.1415,920.75,4069.57,3.72
2025-03-18,1.5705,5.687,1.4287,0.87937,22.933,0.91592,0.77096,363.92,16512,86.55,149.75,1453.26,20.058,10.5587,1.7198,57.282,3.824,10.0724,1.3321,33.565,36.655,18.0513,916.62,4116.64,3.63
2025-03-19,1.5792,5.6831,1.4321,0.87942,22.937,0.91768,0.77157,365.45,16526,86.32,149.83,1458.85,19.9376,10.558,1.7282,57.219,3.8437,10.0968,1.333,33.625,37.992,18.1197,914.8,4147.77,3.6146
2025-03-20,1.5916,5.6561,1.4393,0.88286,23.09,0.92311,0.77255,368.95,16510,86.36,148.48,1469.55,20.215,10.618,1.7443,57.24,3.8773,10.1814,1.3363,33.805,37.999,18.1909,926.2,4168.47,3.62
2025-03-21,1.5923,5.7182,1.4363,0.88178,23.073,0.92362,0.77367,368.6,16511,86.03,148.69,1464.4,20.259,10.5302,1.7383,57.268,3.8813,10.0979,1.3348,33.855,38.01,18.1796,928.46,4141.9,3.633
2025-03-24,1.5912,5.757,1.4339,0.88174,23.069,0.92387,0.77294,367.78,16559,85.57,149.81,1467.29,20.17,10.5132,1.7469,57.342,3.8581,10.1229,1.3378,33.875,38.0,18.1234,927.84,4138.0,3.6478
2025-03-25,1.5818,5.7322,1.4281,0.8812,22.988,0.92379,0.77196,367.67,16565,85.7,149.95,1466.2,20.004,10.4471,1.7399,57.53,3.8462,9.9746,1.3357,33.845,37.975,18.1646,920.55,4097.97,3.6291
2025-03-26,1.583,5.7258,1.4263,0.88357,23.113,0.92696,0.77515,371.55,16613,85.65,150.35,1465.39,20.069,10.5288,1.7379,57.712,3.8705,10.0477,1.3384,33.975,38.009,18.2586,924.97,4127.58,3.6296
2025-03-27,1.5856,5.763,1.4302,0.88308,23.164,0.92721,0.77254,371.79,16585,85.73,150.72,1465.15,20.295,10.5178,1.7411,57.405,3.8913,10.0357,1.3398,33.87,38.01,18.2718,933.13,4169.85,3.6387
2025-03-28,1.5856,5.7657,1.4304,0.88219,23.118,0.92618,0.77205,373.37,16588,85.53,150.63,1468.6,20.346,10.4603,1.7454,57.374,3.8691,10.0213,1.3412,33.958,38.01,18.1637,950.43,4198.97,3.6568
2025-03-31,1.6013,5.7797,1.4362,0.88128,23.081,0.92464,0.77241,372.03,16637,85.44,149.42,1474.54,20.4,10.5529,1.7601,57.253,3.8687,10.0314,1.3425,33.94,37.947,18.3802,947.88,4169.47,3.6715
2025-04-01,1.5995,5.7174,1.4395,0.88246,23.131,0.92696,0.77554,373.22,16743,85.63,149.18,1472.4,20.521,10.4913,1.7613,57.28,3.8805,10.026,1.3433,34.155,37.931,18.3297,944.71,4143.47,3.6691
2025-04-02,1.5872,5.6662,1.4328,0.88337,23.107,0.92567,0.77252,371.15,16716,85.49,149.24,1461.88,20.36,10.4365,1.7422,57.212,3.867,9.9639,1.343,34.185,37.913,18.6096,954.8,4147.47,3.6697
2025-04-03,1.5723,5.6241,1.409,0.85951,22.503,0.90114,0.75843,361.88,16714,85.28,146.14,1455.45,20.026,10.2942,1.7164,57.038,3.7812,9.6607,1.3341,34.285,37.935,18.8808,949.33,4154.7,3.6668
2025-04-04,1.6368,5.7346,1.4196,0.85077,22.739,0.9044,0.76861,366.92,16958,85.4,145.21,1448.05,20.384,10.5648,1.7738,57.243,3.855,9.9249,1.3389,34.18,38.012,19.0639,979.48,4277.97,3.676
2025-04-07,1.6572,5.8735,1.4276,0.85502,22.973,0.91183,0.78041,371.98,16952,85.77,146.42,1464.86,20.677,10.9004,1.7918,57.39,3.9154,10.1012,1.3465,34.51,38.011,19.3982,988.85,4382.93,3.7141
2025-04-08,1.6505,5.864,1.4166,0.85379,22.958,0.91324,0.78214,371.69,16916,86.22,146.71,1478.35,20.528,10.9137,1.7839,57.33,3.8986,10.0251,1.3485,34.69,38.011,19.3425,1000.93,4421.47,3.7437
2025-04-09,1.6651,6.0548,1.4188,0.84002,22.787,0.90539,0.78257,370.24,16944,86.67,144.51,1476.73,20.969,10.9728,1.7997,57.439,3.8889,10.024,1.3475,34.505,38.01,19.7157,980.18,4297.97,3.7148
2025-04-10,1.6157,5.8552,1.4083,0.83911,22.658,0.90236,0.77382,367.04,16835,86.16,145.53,1455.45,20.433,10.8117,1.7531,57.346,3.8389,9.9432,1.3364,34.07,37.911,19.4252,986.98,4331.13,3.729
2025-04-11,1.6042,5.831,1.3869,0.81544,22.164,0.88137,0.76395,360.39,16855,86.09,142.84,1431.68,20.38,10.665,1.7254,57.065,3.7857,9.8006,1.3213,33.555,38.058,19.2834,970.26,4276.27,3.7261
2025-04-14,1.5851,5.8441,1.3875,0.81999,22.069,0.87897,0.75928,360.77,16810,85.99,143.25,1421.54,20.192,10.5656,1.7078,57.017,3.7672,9.6743,1.3159,33.555,38.053,18.9268,966.26,4286.97,3.7267
2025-04-15,1.5714,5.8466,1.3874,0.81614,22.134,0.88308,0.75565,360.06,16854,85.89,142.93,1426.85,20.065,10.5728,1.687,56.991,3.7835,9.7678,1.3171,33.58,38.134,18.9456,969.78,4348.47,3.7398
2025-04-16,1.569,5.8715,1.3921,0.8155,22.012,0.88067,0.75401,359.08,16799,85.65,142.75,1418.06,20.012,10.6319,1.6909,56.734,3.781,9.8239,1.3145,33.215,38.124,18.8507,965.8,4300.43,3.719
2025-04-17,1.5709,5.8812,1.3885,0.81787,22.015,0.88028,0.75592,358.8,16868,85.4,142.59,1416.48,19.9164,10.533,1.6829,56.679,3.7626,9.7076,1.3121,33.275,38.081,18.8319,965.29,4308.97,3.7318
2025-04-22,1.5637,5.7961,1.3847,0.81196,21.855,0.87138,0.74815,356.73,16842,85.2,140.34,1425.18,19.6575,10.3594,1.6679,56.608,3.7295,9.5114,1.308,33.235,38.26,18.6232,941.53,4291.47,3.6967
2025-04-23,1.5606,5.7054,1.3832,0.8219,21.914,0.87604,0.75158,358.33,16876,85.4,141.64,1422.13,19.5576,10.417,1.67,56.557,3.7595,9.5834,1.3106,33.365,38.29,18.601,939.9,4305.31,3.6888
2025-04-24,1.5667,5.6855,1.3862,0.8256,21.956,0.87904,0.75158,358.03,16852,85.34,142.55,1435.29,19.5904,10.3978,1.6725,56.454,3.7577,9.5912,1.3119,33.44,38.312,18.7096,931.5,4254.47,3.6707
2025-04-25,1.5671,5.6851,1.3872,0.82953,21.95,0.88051,0.75117,357.96,16854,85.43,143.35,1439.49,19.624,10.4266,1.6785,56.281,3.7583,9.687,1.3146,33.54,38.416,18.8087,934.25,4217.47,3.6682
2025-04-28,1.5636,5.6956,1.3862,0.82937,21.984,0.88044,0.7496,356.12,16812,85.02,143.34,1444.38,19.5202,10.4433,1.6811,56.359,3.7643,9.6822,1.3139,33.59,38.444,18.6283,943.0,4209.97,3.6622
2025-04-29,1.5611,5.656,1.3845,0.82582,21.913,0.87928,0.74721,355.26,16758,85.13,142.69,1435.67,19.6034,10.3794,1.6799,56.1,3.7552,9.6386,1.3096,33.44,38.438,18.5474,943.88,4184.2,3.666
2025-04-30,1.5649,5.6132,1.3829,0.82555,21.912,0.87928,0.74897,355.3,16620,84.53,143.04,1423.01,19.5217,10.3834,1.6899,55.867,3.7592,9.647,1.3065,33.42,38.474,18.5615,945.78,4252.47,3.657
2025-05-02,1.5534,5.6655,1.3819,0.82368,21.971,0.8816,0.75227,356.19,16444,84.3,144.52,1397.73,19.6879,10.3663,1.6819,55.549,3.7688,9.6425,1.2954,33.035,38.568,18.3779,946.78,4245.25,3.6487
2025-05-05,1.5421,5.6439,1.3806,0.82306,21.956,0.8816,0.75068,356.55,16434,84.3,143.87,1371.32,19.5874,10.3928,1.6705,55.641,3.7673,9.6407,1.2888,32.91,38.584,18.3091,940.57,4293.97,3.6608
2025-05-06,1.5472,5.6987,1.38,0.82525,22.04,0.883,0.74781,357.75,16418,84.38,142.73,1381.08,19.7139,10.3325,1.6711,55.659,3.7747,9.6071,1.2892,32.635,38.601,18.2649,937.71,4300.47,3.6527
2025-05-07,1.5452,5.701,1.3797,0.82386,21.94,0.88028,0.74921,355.7,16517,84.76,143.39,1391.15,19.6312,10.2742,1.6707,55.36,3.7635,9.5977,1.2914,32.7,38.643,18.2887,944.05,4281.16,3.6438
2025-05-08,1.5584,5.7462,1.3892,0.82544,22.062,0.88519,0.75029,358.88,16502,85.5,144.68,1398.72,19.5725,10.3461,1.6876,55.68,3.7798,9.6512,1.2964,32.815,38.633,18.15,934.02,4246.06,3.6281
2025-05-09,1.5617,5.6565,1.3916,0.83123,22.17,0.88873,0.75338,359.85,16537,85.39,145.18,1400.39,19.505,10.3737,1.697,55.468,3.7676,9.7049,1.2975,33.0,38.749,18.2048,935.25,4217.25,3.6518
2025-05-12,1.5653,5.6728,1.3984,0.8436,22.492,0.90041,0.75896,365.69,16659,84.86,148.08,1419.08,19.5408,10.4412,1.702,55.722,3.818,9.8006,1.3062,33.485,38.772,18.3117,945.95,4222.98,3.6517
2025-05-13,1.5606,5.665,1.3996,0.84215,22.451,0.89993,0.75648,364.32,16660,85.34,148.14,1424.45,19.5761,10.4151,1.6971,55.81,3.8263,9.7422,1.305,33.245,38.778,18.3828,939.0,4217.2,3.6642
2025-05-14,1.5463,5.6115,1.394,0.83735,22.229,0.89174,0.7504,360.44,16536,85.39,146.25,1397.56,19.3758,10.3188,1.6826,55.859,3.7832,9.679,1.2986,33.275,38.751,18.2486,941.51,4177.63,3.6727
2025-05-15,1.5608,5.6284,1.3987,0.83835,22.282,0.89405,0.75315,360.64,16526,85.52,146.0,1398.08,19.3438,10.4157,1.702,55.819,3.7928,9.734,1.2989,33.315,38.694,18.0787,937.83,4202.47,3.6808
2025-05-16,1.5596,5.6861,1.3972,0.83804,22.276,0.89334,0.75281,360.06,16462,85.6,145.66,1396.44,19.4899,10.394,1.6962,55.71,3.8056,9.7666,1.2988,33.39,38.835,18.1052,943.63,4170.5,3.6862
2025-05-19,1.5513,5.6698,1.3947,0.83413,22.116,0.88794,0.74756,357.26,16455,85.44,144.97,1388.78,19.4584,10.2961,1.6914,55.698,3.7904,9.6799,1.2944,33.055,38.843,18.0474,937.19,4169.47,3.6898
2025-05-20,1.5602,5.644,1.3952,0.8332,22.169,0.8896,0.74887,358.2,16424,85.56,144.64,1394.62,19.2803,10.3154,1.6934,55.755,3.7797,9.682,1.296,33.06,38.85,17.9762,943.75,4167.46,3.6857
2025-05-21,1.5519,5.67,1.3887,0.82608,21.965,0.88331,0.74605,355.14,16330,85.57,143.77,1375.31,19.3084,10.144,1.6842,55.638,3.747,9.5791,1.2899,32.79,38.824,17.9145,943.2,4175.58,3.6776
2025-05-22,1.557,5.6614,1.3865,0.82616,22.055,0.88425,0.74516,357.0,16335,85.98,143.42,1381.79,19.4058,10.1826,1.6931,55.662,3.7545,9.5928,1.2911,32.81,38.912,18.0264,942.72,4179.47,3.6573
2025-05-23,1.5546,5.727,1.3831,0.82285,22.047,0.88488,0.7417,357.09,16267,85.43,142.58,1376.67,19.3381,10.1956,1.6823,55.332,3.7698,9.5875,1.2879,32.545,39.03,17.9851,939.64,4146.9,3.6558
2025-05-26,1.5366,5.6489,1.3719,0.82207,21.847,0.87866,0.73737,354.65,16253,85.09,142.9,1369.48,19.1925,10.0905,1.6629,55.434,3.7295,9.5189,1.2837,32.59,38.902,17.8482,939.75,4147.47,3.6568
2025-05-27,1.552,5.6649,1.3774,0.82652,21.933,0.88059,0.73802,356.01,16282,85.4,144.17,1374.25,19.2533,10.1321,1.68,55.536,3.7403,9.5795,1.2877,32.78,38.999,17.9148,936.93,4109.01,3.6498
2025-05-28,1.5534,5.6536,1.3828,0.82743,22.022,0.88363,0.74207,356.04,16320,85.39,144.41,1373.36,19.2949,10.1568,1.6766,55.496,3.7479,9.6081,1.2889,32.665,39.069,17.912,939.83,4121.75,3.6397
2025-05-29,1.5524,5.6853,1.3823,0.82785,22.093,0.88645,0.74258,358.42,16298,85.47,144.91,1374.85,19.4008,10.1835,1.6755,55.703,3.755,9.6352,1.2895,32.705,39.114,17.8513,935.87,4121.0,3.6211
2025-05-30,1.5563,5.68,1.3807,0.82379,21.975,0.88191,0.74186,355.94,16333,85.56,143.72,1378.51,19.2936,10.178,1.6771,55.745,3.7479,9.5895,1.2905,32.845,39.241,17.8975,944.78,4156.13,3.6169
2025-06-02,1.5418,5.6936,1.3699,0.81758,21.805,0.87573,0.73859,352.77,16275,85.38,142.73,1376.83,19.2723,10.0797,1.6614,55.655,3.7287,9.5048,1.2861,32.545,39.189,17.9289,938.4,4152.01,3.6197
2025-06-03,1.5493,5.677,1.3739,0.82189,21.865,0.87827,0.74091,354.5,16319,85.62,143.16,1376.78,19.2412,10.1291,1.6685,55.684,3.7588,9.5947,1.2888,32.6,39.131,17.9088,940.53,4106.79,3.6228
2025-06-04,1.5418,5.6221,1.3704,0.82309,21.792,0.87843,0.73972,354.4,16314,85.89,144.19,1366.32,19.2068,10.1181,1.6625,55.779,3.7623,9.6166,1.2894,32.715,39.12,17.8479,937.8,4108.47,3.6128
2025-06-05,1.5364,5.6312,1.3659,0.81984,21.721,0.87543,0.73702,353.37,16256,85.83,143.27,1357.39,19.2217,10.0906,1.6536,55.603,3.7503,9.5798,1.2848,32.515,39.336,17.7502,929.65,4114.47,3.6222
2025-06-06,1.5417,5.581,1.3697,0.82228,21.696,0.87635,0.73841,353.3,16314,85.74,144.26,1359.29,19.1237,10.099,1.6595,55.763,3.7569,9.6039,1.2867,32.61,39.236,17.7671,934.19,4109.18,3.6463
2025-06-09,1.535,5.5569,1.3685,0.82112,21.729,0.87642,0.7383,352.06,16289,85.66,144.5,1356.44,19.0631,10.0868,1.6542,55.818,3.7423,9.6144,1.2862,32.705,39.227,17.7397,936.6,4137.51,3.633
2025-06-10,1.5337,5.5603,1.3691,0.82151,21.674,0.87497,0.74057,350.77,16265,85.58,144.57,1366.55,19.0367,10.0685,1.6522,55.84,3.7215,9.5774,1.2858,32.64,39.227,17.6726,940.1,4204.5,3.6304
2025-06-11,1.5375,5.5779,1.3686,0.82262,21.678,0.87466,0.74136,350.2,16282,85.54,145.34,1375.58,19.0073,10.1163,1.6595,55.86,3.7265,9.6077,1.287,32.685,39.19,17.7626,933.75,4176.6,3.622
2025-06-12,1.5352,5.5363,1.3634,0.81309,21.379,0.86252,0.73642,345.65,16221,85.54,143.73,1353.78,18.896,9.9827,1.6526,55.726,3.6821,9.432,1.2789,32.4,39.326,17.8101,929.8,4152.19,3.608
2025-06-13,1.5442,5.56,1.3629,0.81298,21.57,0.86866,0.73879,350.44,16317,86.09,144.15,1370.24,19.0071,9.9405,1.665,56.207,3.7131,9.5235,1.2836,32.445,39.435,18.0125,936.1,4121.38,3.619
2025-06-16,1.5321,5.5325,1.3566,0.81156,21.412,0.86401,0.73639,346.92,16287,86.04,144.19,1359.48,18.9096,9.9076,1.6514,56.346,3.6844,9.4708,1.2801,32.485,39.396,17.7812,935.0,4100.5,3.5978
2025-06-17,1.5295,5.4867,1.3562,0.81311,21.438,0.86445,0.73695,348.23,16297,86.26,144.67,1365.34,18.9281,9.8699,1.6459,56.313,3.698,9.464,1.2809,32.515,39.385,17.8173,943.71,4096.0,3.6064
2025-06-18,1.5383,5.4801,1.3655,0.81708,21.555,0.86896,0.74314,350.52,16361,86.43,144.83,1375.65,18.9503,9.944,1.6594,57.225,3.7133,9.582,1.2849,32.625,39.539,18.0761,941.84,4067.5,3.594
2025-06-19,1.5459,5.4915,1.3709,0.818,21.624,0.87123,0.74412,351.44,16384,86.74,145.67,1380.12,19.0748,10.0466,1.6721,57.381,3.7265,9.6419,1.2883,32.785,39.558,18.0894,939.65,4080.25,3.589
2025-06-20,1.5418,5.4837,1.3715,0.81763,21.563,0.86843,0.74138,349.63,16404,86.62,145.61,1366.74,19.0395,10.0721,1.6699,57.17,3.7044,9.6613,1.285,32.79,39.679,17.9896,939.65,4074.0,3.6
2025-06-23,1.5658,5.5423,1.3788,0.81825,21.672,0.87169,0.74677,352.36,16502,86.77,147.55,1388.15,19.2521,10.1669,1.6958,57.614,3.7269,9.7311,1.2926,32.96,39.73,18.1076,946.9,4083.0,3.59
2025-06-24,1.5365,5.4806,1.3712,0.80874,21.361,0.86155,0.73464,346.45,16324,86.03,144.97,1360.17,19.0376,10.0913,1.658,57.11,3.6649,9.5313,1.2798,32.675,39.639,17.7341,936.0,4069.0,3.578
2025-06-25,1.5394,5.5329,1.3733,0.80712,21.366,0.86222,0.73513,345.9,16308,86.1,145.78,1363.55,18.9998,10.1586,1.6617,56.729,3.6625,9.5361,1.2807,32.635,39.738,17.7953,935.34,4052.0,3.571
2025-06-26,1.5311,5.5554,1.3688,0.80197,21.193,0.85507,0.7298,341.94,16238,85.75,144.44,1357.1,18.8713,10.1005,1.653,56.596,3.6313,9.4835,1.2756,32.51,39.774,17.7999,931.35,4049.17,3.548
2025-06-27,1.5304,5.4784,1.3651,0.79964,21.145,0.85441,0.72873,340.75,16213,85.51,144.6,1360.82,18.8619,10.0752,1.6505,56.558,3.6208,9.4996,1.2759,32.625,39.886,17.8025,939.56,4082.5,3.549
2025-06-30,1.5314,5.4935,1.3675,0.79753,21.114,0.85324,0.72995,341.13,16230,85.8,144.34,1355.13,18.8481,10.0977,1.6497,56.451,3.6197,9.5107,1.2748,32.53,39.734,17.7824,931.49,4088.0,3.541
2025-07-01,1.5186,5.4289,1.3612,0.7895,20.898,0.84674,0.72718,338.0,16203,85.56,142.85,1353.24,18.6825,10.0292,1.6362,56.329,3.5938,9.4488,1.2709,32.38,39.854,17.5843,928.0,4023.5,3.56
2025-07-02,1.5256,5.4747,1.3646,0.7937,20.981,0.8507,0.73203,339.43,16239,85.67,144.15,1359.91,18.7461,10.1046,1.6505,56.369,3.6149,9.5283,1.2745,32.44,39.767,17.658,926.33,3986.5,3.5475
2025-07-03,1.5216,5.4313,1.3589,0.79367,20.918,0.84875,0.73239,339.14,16221,85.38,143.93,1362.08,18.7914,10.0789,1.6483,56.335,3.6059,9.5497,1.2734,32.39,39.858,17.5267,928.34,3987.5,3.544
2025-07-04,1.5253,5.4162,1.3593,0.79426,20.953,0.84983,0.73298,338.64,16194,85.41,144.4,1363.39,18.6403,10.068,1.6498,56.55,3.6082,9.5611,1.2741,32.34,39.852,17.6222,929.0,3999.3,3.547
2025-07-07,1.5385,5.4423,1.3656,0.79758,20.997,0.85266,0.73423,340.81,16252,85.93,145.56,1367.29,18.7338,10.1258,1.6671,56.658,3.6232,9.5195,1.2788,32.585,40.0,17.7515,942.71,4046.0,3.563
2025-07-08,1.5297,5.4642,1.3659,0.798,21.034,0.85339,0.73664,340.89,16272,85.67,146.53,1370.46,18.6508,10.0952,1.664,56.492,3.6216,9.5319,1.2793,32.535,40.023,17.7846,940.96,4042.5,3.5415
2025-07-09,1.5334,5.462,1.3703,0.79714,21.054,0.85485,0.73628,342.07,16262,85.72,146.72,1376.8,18.5963,10.1128,1.6707,56.571,3.6241,9.5439,1.2813,32.725,40.049,17.8398,949.4,4017.5,3.549
2025-07-10,1.5264,5.6102,1.3689,0.79597,21.043,0.85404,0.73678,340.7,16237,85.76,146.32,1373.25,18.654,10.0803,1.6633,56.534,3.6276,9.5243,1.2801,32.615,40.018,17.7727,950.05,4009.5,3.545
2025-07-11,1.5216,5.5654,1.3701,0.79688,21.114,0.85594,0.74099,342.4,16217,85.83,147.06,1375.0,18.7366,10.1263,1.6646,56.486,3.6442,9.5421,1.2806,32.46,40.175,17.9611,955.98,3995.5,3.5525
2025-07-14,1.5232,5.5614,1.3673,0.79615,21.085,0.85543,0.7414,342.26,16275,86.01,147.37,1380.65,18.6826,10.0967,1.6695,56.672,3.6429,9.5851,1.2808,32.425,40.222,17.8691,967.0,3995.69,3.5657
2025-07-15,1.5246,5.6003,1.3693,0.79717,21.149,0.85727,0.74402,343.32,16263,85.86,147.95,1381.06,18.7047,10.177,1.6694,56.695,3.6477,9.6614,1.282,32.475,40.215,17.8123,966.14,4028.5,3.56
2025-07-16,1.5337,5.5636,1.3725,0.80383,21.244,0.86192,0.74634,344.68,16296,85.99,148.73,1391.18,18.8114,10.2965,1.6831,57.096,3.6712,9.7565,1.2851,32.54,40.258,17.9124,966.44,4010.03,3.545
2025-07-17,1.5479,5.5811,1.3764,0.80516,21.279,0.86363,0.74652,344.72,16349,86.08,148.79,1394.47,18.8082,10.3355,1.6916,57.269,3.6742,9.7685,1.2872,32.54,40.284,17.8988,962.6,4021.1,3.5595
2025-07-18,1.5324,5.5536,1.372,0.80034,21.136,0.85837,0.743,342.54,16306,86.14,148.45,1390.15,18.7202,10.1575,1.6732,57.022,3.6475,9.6571,1.2827,32.35,40.332,17.7124,962.53,4025.5,3.565
2025-07-21,1.5328,5.5875,1.3705,0.79926,21.101,0.85712,0.74192,341.95,16314,86.29,147.44,1383.94,18.6663,10.1706,1.6745,57.153,3.6363,9.61,1.281,32.315,40.358,17.7141,953.7,4045.49,3.5593
2025-07-22,1.5338,5.5725,1.367,0.79716,21.044,0.85477,0.74152,341.23,16316,86.43,147.17,1386.1,18.6563,10.1586,1.6778,56.96,3.6383,9.5829,1.2814,32.235,40.426,17.5776,948.9,4058.75,3.5544
2025-07-23,1.5159,5.5687,1.3583,0.79362,20.993,0.85281,0.73896,340.38,16295,86.42,146.28,1374.94,18.6585,10.0985,1.6552,56.795,3.6283,9.5207,1.2772,32.155,40.455,17.561,948.4,4033.6,3.5538
2025-07-24,1.5117,5.5225,1.3618,0.79457,20.886,0.85063,0.73792,338.51,16294,86.39,146.5,1369.58,18.5616,10.1025,1.6525,56.66,3.6197,9.5143,1.2769,32.27,40.477,17.597,949.9,4070.84,3.5412
2025-07-25,1.5227,5.5235,1.3677,0.79691,20.931,0.85295,0.74335,338.54,16337,86.51,147.65,1381.27,18.5645,10.1497,1.6629,57.124,3.6287,9.5245,1.2811,32.37,40.554,17.7337,963.3,4135.5,3.544
2025-07-28,1.5319,5.579,1.3722,0.80093,21.109,0.85807,0.74472,340.96,16376,86.7,148.15,1385.45,18.6322,10.1789,1.6721,57.22,3.655,9.5714,1.2843,32.395,40.539,17.8479,967.6,4177.3,3.543
2025-07-29,1.5393,5.5935,1.3775,0.80682,21.338,0.86708,0.75002,346.74,16412,86.85,148.77,1394.09,18.8112,10.2458,1.682,57.356,3.7115,9.6731,1.2886,32.475,40.575,17.965,970.88,4133.8,3.55
2025-07-30,1.542,5.5871,1.3794,0.80689,21.308,0.86753,0.74798,346.01,16411,87.49,148.31,1384.23,18.7551,10.2191,1.6822,57.558,3.7022,9.6673,1.2896,32.495,40.581,17.8685,979.88,4187.5,3.5686
2025-07-31,1.5518,5.5826,1.3837,0.81225,21.467,0.87367,0.75564,349.47,16497,87.63,149.85,1394.63,18.824,10.2866,1.6927,58.335,3.733,9.7479,1.297,32.675,40.594,18.119,971.88,4177.5,3.591
2025-08-01,1.557,5.6234,1.3874,0.81656,21.561,0.87689,0.75982,350.89,16520,87.5,150.48,1404.62,18.9548,10.3585,1.7061,58.152,3.7491,9.818,1.2988,32.85,40.668,18.3234,969.11,4122.53,3.58
2025-08-04,1.5431,5.536,1.3778,0.80796,21.256,0.86468,0.75262,344.36,16373,87.65,147.38,1383.72,18.8474,10.2676,1.6899,57.35,3.6972,9.6693,1.2874,32.41,40.676,18.0216,965.15,4098.07,3.5644
2025-08-05,1.5469,5.5214,1.3795,0.80954,21.315,0.8661,0.7529,345.6,16380,87.78,147.6,1391.12,18.894,10.2694,1.6962,57.664,3.7039,9.6769,1.2883,32.435,40.664,18.0236,966.05,4087.0,3.554
2025-08-06,1.5377,5.5063,1.376,0.80739,21.17,0.86177,0.75121,343.23,16358,87.72,147.55,1388.32,18.7349,10.2133,1.6862,57.485,3.6867,9.648,1.2865,32.38,40.66,17.8137,974.8,4049.5,3.554
2025-08-07,1.5333,5.461,1.3743,0.80847,21.062,0.85889,0.74491,340.69,16309,87.49,147.38,1383.63,18.6344,10.2124,1.68,57.2,3.6582,9.6148,1.2842,32.335,40.642,17.7248,967.6,4046.0,3.538
2025-08-08,1.5331,5.4281,1.3739,0.80786,20.987,0.85852,0.74442,339.87,16261,87.62,147.82,1390.74,18.5998,10.2627,1.6794,56.912,3.6496,9.5965,1.2851,32.37,40.69,17.7095,967.8,4041.5,3.521
2025-08-11,1.5366,5.4463,1.3784,0.81139,21.066,0.86044,0.74479,340.5,16310,87.74,147.87,1391.85,18.619,10.2435,1.6862,57.054,3.6599,9.6214,1.2864,32.425,40.704,17.7663,969.34,4032.5,3.5325
2025-08-12,1.5412,5.4382,1.3799,0.81148,21.083,0.86162,0.74281,341.16,16311,87.7,148.46,1390.17,18.674,10.248,1.6892,57.089,3.6708,9.6433,1.2865,32.465,40.741,17.715,954.0,4014.5,3.528
2025-08-13,1.5261,5.3905,1.376,0.80343,20.896,0.8539,0.737,337.84,16128,87.45,147.27,1378.36,18.5407,10.199,1.671,56.648,3.6376,9.5274,1.28,32.29,40.745,17.516,951.45,4028.63,3.5405
2025-08-14,1.5328,5.3978,1.3784,0.80539,20.932,0.85543,0.73653,337.88,16104,87.57,146.54,1386.07,18.6843,10.198,1.6808,56.89,3.6446,9.5654,1.281,32.385,40.787,17.5774,965.01,4058.49,3.5624
2025-08-15,1.5355,5.401,1.3792,0.80578,20.946,0.85558,0.73768,337.94,16183,87.46,147.0,1388.96,18.7474,10.178,1.6869,57.104,3.6437,9.5632,1.2823,32.43,40.897,17.5856,962.08,4015.5,3.5575
2025-08-18,1.5361,5.408,1.3791,0.80725,20.964,0.85668,0.73854,338.86,16220,87.38,147.58,1386.25,18.8126,10.1808,1.6847,56.988,3.6409,9.558,1.2826,32.475,40.865,17.6133,963.92,4014.45,3.5425
2025-08-19,1.5403,5.4411,1.381,0.80543,20.936,0.85602,0.7396,337.01,16256,87.09,147.81,1388.8,18.7982,10.2106,1.6875,57.148,3.6336,9.5514,1.2831,32.505,40.859,17.616,963.03,4029.5,3.493
2025-08-20,1.553,5.4835,1.3867,0.80706,21.021,0.8583,0.742,338.6,16282,87.06,147.43,1398.78,18.7744,10.2571,1.7151,57.025,3.6463,9.5932,1.2852,32.55,40.901,17.7023,966.33,4023.0,3.4857
2025-08-21,1.5567,5.486,1.3888,0.80668,21.076,0.85918,0.74353,340.02,16317,87.27,147.86,1398.69,18.7576,10.1817,1.7172,57.093,3.6531,9.5919,1.2873,32.635,40.935,17.7026,970.18,4036.65,3.5146
2025-08-22,1.5565,5.4671,1.3914,0.80832,21.162,0.86147,0.74543,341.0,16374,87.53,148.69,1390.47,18.7216,10.1934,1.7211,56.936,3.6723,9.6291,1.2884,32.64,40.886,17.6292,957.4,4014.5,3.4876
2025-08-25,1.5393,5.4291,1.3825,0.80234,20.983,0.85492,0.74028,339.75,16245,87.56,147.35,1387.28,18.639,10.0953,1.7037,56.658,3.6433,9.5191,1.2831,32.435,40.992,17.5549,963.4,4024.6,3.532
2025-08-26,1.5405,5.4043,1.3844,0.80439,21.057,0.85793,0.74142,340.49,16313,87.62,147.37,1394.36,18.6402,10.1544,1.7075,56.962,3.6555,9.5715,1.2849,32.45,41.026,17.6398,966.2,4042.0,3.5483
2025-08-27,1.5454,5.4387,1.385,0.80652,21.17,0.86259,0.74407,342.32,16423,87.76,148.05,1397.82,18.7294,10.1665,1.716,57.254,3.6831,9.5885,1.289,32.475,41.037,17.7624,967.98,4030.5,3.549
2025-08-28,1.5313,5.4083,1.3756,0.80104,21.032,0.85646,0.73972,339.7,16322,87.57,146.87,1385.8,18.6091,10.0617,1.7019,56.984,3.6501,9.484,1.283,32.335,41.042,17.6276,966.48,4015.0,3.5392
2025-08-29,1.5324,5.4257,1.3751,0.80323,20.98,0.85778,0.74352,340.45,16475,88.18,147.3,1391.54,18.6945,10.0759,1.6993,57.203,3.6597,9.4828,1.2856,32.39,41.134,17.7355,966.0,4007.5,3.5319
2025-09-01,1.5267,5.4278,1.3747,0.80094,20.856,0.85361,0.73939,337.3,16431,88.19,147.22,1393.36,18.6095,10.0141,1.6955,57.179,3.6324,9.3999,1.2838,32.305,41.115,17.58,967.5,4015.23,3.5346
2025-09-02,1.5368,5.4746,1.3787,0.80422,21.024,0.85866,0.74721,339.67,16409,88.08,148.63,1395.34,18.7816,10.024,1.7081,57.326,3.6625,9.4479,1.2885,32.375,41.155,17.7263,973.25,3999.5,3.5379
2025-09-03,1.5295,5.4535,1.3798,0.80443,20.978,0.85815,0.74547,337.51,16452,88.03,148.61,1389.43,18.7051,10.0403,1.704,57.313,3.6491,9.4409,1.2885,32.325,41.167,17.6298,968.68,4005.15,3.5318
2025-09-04,1.5343,5.4593,1.3818,0.80562,20.994,0.85859,0.7438,337.55,16445,88.12,148.33,1393.31,18.7714,10.091,1.7075,57.099,3.6499,9.4604,1.289,32.305,41.175,17.7917,971.8,3982.0,3.5251
2025-09-05,1.5277,5.4253,1.3797,0.80277,20.878,0.85492,0.7419,335.77,16420,88.24,147.98,1390.78,18.6817,10.0457,1.7014,56.844,3.6338,9.405,1.2862,32.175,41.187,17.6661,964.75,3956.5,3.52
2025-09-08,1.5177,5.4059,1.3805,0.79536,20.776,0.85266,0.73917,335.59,16526,88.04,147.84,1387.88,18.6596,9.9868,1.6849,56.749,3.6234,9.3797,1.2843,31.775,41.265,17.5674,970.03,3932.5,3.5092
2025-09-09,1.5132,5.4211,1.3811,0.79453,20.714,0.8515,0.73765,334.89,16423,88.17,146.76,1386.71,18.6248,9.9715,1.6809,56.898,3.6238,9.368,1.2814,31.69,41.275,17.4847,967.54,3921.85,3.4917
2025-09-10,1.5136,5.4311,1.3858,0.79764,20.832,0.85419,0.73887,336.04,16487,88.12,147.49,1388.85,18.6273,9.9253,1.6831,57.124,3.6427,9.3542,1.2827,31.78,41.285,17.5707,962.63,3923.5,3.4804
2025-09-11,1.5145,5.4171,1.3883,0.79983,20.869,0.8558,0.74001,336.01,16484,88.43,147.95,1392.96,18.6401,9.9375,1.687,57.178,3.6502,9.3723,1.285,31.825,41.294,17.5456,950.13,3887.5,3.4876
2025-09-12,1.5059,5.3985,1.3848,0.79766,20.753,0.85339,0.73844,333.79,16439,88.27,147.92,1391.86,18.4878,9.8861,1.6813,57.128,3.6333,9.3433,1.2837,31.745,41.371,17.3861,953.45,3898.5,3.4909
2025-09-15,1.5008,5.3348,1.3821,0.79492,20.676,0.84991,0.7344,331.4,16418,88.14,147.36,1387.98,18.4158,9.8219,1.6763,57.175,3.6125,9.2738,1.2807,31.86,41.27,17.3219,951.58,3901.5,3.489
2025-09-16,1.4989,5.3095,1.3749,0.79072,20.603,0.84696,0.73312,330.13,16408,88.05,146.99,1381.93,18.3493,9.8162,1.6735,56.921,3.6007,9.2576,1.278,31.715,41.294,17.3583,947.3,3865.5,3.478
2025-09-17,1.4977,5.2981,1.3754,0.78711,20.549,0.84481,0.73287,329.43,16463,87.85,146.39,1378.56,18.2926,9.8217,1.6715,56.856,3.5925,9.2621,1.2766,31.745,41.293,17.3862,951.34,3868.51,3.474
2025-09-18,1.5046,5.273,1.3782,0.78956,20.563,0.84617,0.73447,328.8,16545,88.11,147.44,1386.5,18.2307,9.8045,1.6948,57.066,3.6013,9.3061,1.2798,31.825,41.301,17.3532,956.5,3891.7,3.482
2025-09-19,1.5169,5.3312,1.3816,0.79618,20.699,0.85208,0.74199,332.78,16651,88.16,148.08,1398.16,18.4288,9.9442,1.7066,57.117,3.6324,9.4329,1.285,31.885,41.395,17.3858,954.0,3880.5,3.498
2025-09-22,1.5164,5.3428,1.3812,0.79348,20.588,0.84882,0.74094,330.28,16583,88.28,147.84,1391.29,18.3932,9.9334,1.7065,56.892,3.6151,9.3791,1.2828,31.775,41.388,17.3041,956.22,3847.5,3.501
2025-09-23,1.5139,5.3394,1.3828,0.79233,20.556,0.84796,0.74018,330.07,16654,88.77,147.8,1394.55,18.338,9.8974,1.7055,57.259,3.6083,9.318,1.2836,31.86,41.412,17.3187,948.52,3853.75,3.4979
2025-09-24,1.5134,5.2943,1.3867,0.79406,20.662,0.85063,0.74268,332.66,16699,88.7,148.44,1399.28,18.4025,9.9422,1.7131,57.475,3.6299,9.3867,1.2868,32.025,41.45,17.2967,952.63,3883.5,3.4996
2025-09-25,1.519,5.3188,1.3894,0.79598,20.691,0.85186,0.74521,332.85,16784,88.69,148.82,1403.93,18.4436,9.9574,1.7208,58.181,3.6322,9.4118,1.289,32.185,41.471,17.3482,958.67,3900.5,3.501
2025-09-26,1.532,5.3592,1.3948,0.79952,20.841,0.85675,0.7488,335.5,16709,88.72,149.75,1409.82,18.4844,10.033,1.7355,58.16,3.6588,9.456,1.2935,32.265,41.57,17.4503,958.71,3898.61,3.491
2025-09-29,1.5234,5.3327,1.3932,0.79817,20.73,0.85302,0.74409,333.6,16671,88.75,148.75,1401.78,18.3383,9.9612,1.7291,58.175,3.642,9.4089,1.2905,32.235,41.579,17.2882,964.5,3924.0,3.4778
2025-09-30,1.5126,5.3174,1.3922,0.79755,20.727,0.85172,0.74389,332.39,16676,88.79,147.99,1403.67,18.3383,9.9877,1.7253,58.236,3.6367,9.417,1.2899,32.44,41.583,17.2745,961.6,3920.5,3.4699
2025-10-01,1.5132,5.3108,1.3935,0.79879,20.705,0.85295,0.74241,331.54,16632,88.72,147.11,1405.25,18.2651,9.9437,1.7216,58.125,3.6321,9.4127,1.2892,32.385,41.592,17.1836,959.12,3877.5,3.475
2025-10-02,1.5132,5.3124,1.3942,0.79547,20.63,0.85077,0.74196,330.74,16616,88.72,146.78,1401.4,18.3708,9.9328,1.7154,58.12,3.6213,9.3606,1.287,32.31,41.61,17.1856,961.29,3883.5,3.4737
2025-10-03,1.5145,5.3411,1.3965,0.79623,20.689,0.85222,0.74365,331.41,16565,88.78,147.35,1405.57,18.4072,9.9493,1.7148,57.913,3.6266,9.377,1.2893,32.395,41.685,17.2567,965.27,3868.05,3.4603
2025-10-06,1.5155,5.3423,1.3961,0.79757,20.815,0.85631,0.74456,333.22,16615,88.78,150.04,1412.23,18.4167,9.9512,1.7178,58.328,3.6417,9.4091,1.2934,32.425,41.693,17.2487,961.28,3858.25,3.459
2025-10-07,1.5179,5.3283,1.3955,0.79839,20.845,0.85719,0.74601,335.8,16570,88.75,150.91,1413.2,18.3662,9.9456,1.7222,58.132,3.6461,9.3858,1.2931,32.512,41.705,17.1987,960.08,3875.5,3.44
2025-10-08,1.5214,5.3572,1.3942,0.80029,20.959,0.86007,0.74576,337.49,16595,88.76,152.69,1424.33,18.39,9.9875,1.7313,58.018,3.656,9.4293,1.2954,32.531,41.715,17.1867,950.78,3885.51,3.442
2025-10-09,1.5158,5.3292,1.3951,0.80174,20.951,0.86125,0.74783,336.73,16560,88.8,152.79,1419.17,18.3171,10.0112,1.7309,58.18,3.6645,9.4626,1.296,32.57,41.724,17.1023,949.76,3882.5,3.4276
2025-10-10,1.5258,5.3667,1.402,0.80602,21.005,0.86445,0.75285,337.56,16590,88.71,152.54,1421.03,18.3748,10.0947,1.7384,58.281,3.6805,9.5159,1.2975,32.705,41.826,17.2132,958.88,3923.5,3.4336
2025-10-13,1.5364,5.4753,1.4009,0.80422,21.055,0.86438,0.75002,339.42,16582,88.69,152.11,1427.6,18.5098,10.0951,1.7478,58.289,3.6836,9.5194,1.2987,32.545,41.806,17.3636,957.35,3921.53,3.424
2025-10-14,1.5499,5.4995,1.4065,0.80464,21.054,0.86558,0.75409,340.17,16629,88.79,152.1,1434.71,18.6038,10.19,1.7579,58.243,3.6895,9.5542,1.3016,32.81,41.828,17.463,961.11,3922.5,3.424
2025-10-15,1.5349,5.4638,1.4045,0.80064,20.891,0.86044,0.74901,336.28,16602,88.06,151.55,1423.59,18.4564,10.0865,1.7475,58.148,3.662,9.4816,1.2964,32.565,41.84,17.3206,959.03,3890.0,3.4027
2025-10-16,1.5388,5.448,1.4053,0.79852,20.855,0.85844,0.74478,334.6,16607,87.93,151.28,1417.88,18.4351,10.073,1.7434,58.067,3.6495,9.454,1.2962,32.54,41.853,17.3165,955.8,3838.5,3.3856
2025-10-17,1.5405,5.4325,1.4034,0.79248,20.81,0.85609,0.74437,333.64,16579,88.0,150.42,1420.58,18.4102,10.0413,1.7447,58.155,3.6341,9.4427,1.2948,32.765,41.949,17.3786,955.78,3829.32,3.3781
2025-10-20,1.5414,5.4064,1.4044,0.79271,20.841,0.858,0.74569,334.23,16563,87.9,150.76,1423.54,18.3912,10.0742,1.7459,58.171,3.6438,9.4294,1.2946,32.695,41.958,17.3213,950.74,3889.0,3.3715
2025-10-21,1.5409,5.3869,1.4044,0.79521,20.948,0.86155,0.74765,335.69,16605,87.97,152.02,1430.5,18.438,10.0537,1.7478,58.379,3.6524,9.4206,1.2976,32.8,41.967,17.3301,953.6,3889.5,3.3893
2025-10-22,1.5417,5.3863,1.4028,0.79641,20.979,0.86304,0.74989,336.06,16619,88.42,151.83,1432.66,18.4034,10.0483,1.742,58.235,3.6517,9.4209,1.299,32.888,42.008,17.4601,950.34,3905.5,3.407
2025-10-23,1.5376,5.3855,1.3992,0.79781,20.968,0.86259,0.74968,336.4,16625,87.82,152.63,1440.43,18.4197,9.9913,1.7411,58.622,3.6511,9.4189,1.2996,32.803,42.084,17.3484,944.3,3877.5,3.3878
2025-10-24,1.5382,5.3884,1.4025,0.79642,20.958,0.86118,0.75146,335.47,16608,87.81,152.9,1439.45,18.4051,10.0056,1.7408,58.632,3.6521,9.3903,1.2994,32.755,41.978,17.3286,941.18,3872.5,3.3826
2025-10-27,1.5247,5.3674,1.3983,0.79588,20.896,0.85911,0.74923,334.35,16619,88.25,152.86,1432.32,18.3926,9.9931,1.7342,58.885,3.6383,9.3746,1.2962,32.675,41.92,17.1864,940.18,3843.5,3.384
2025-10-28,1.5258,5.377,1.4002,0.79639,20.936,0.85985,0.75322,333.88,16616,88.31,152.29,1436.38,18.4445,10.003,1.7347,59.187,3.6436,9.3904,1.2962,32.465,41.963,17.2502,942.32,3892.5,3.389
2025-10-29,1.5152,5.3472,1.3928,0.79735,20.916,0.8594,0.75688,333.65,16562,88.23,152.17,1422.95,18.4453,10.0021,1.729,58.711,3.6454,9.364,1.2944,32.295,41.946,17.1058,940.59,3874.5,3.3896
2025-10-30,1.53,5.3929,1.4008,0.80355,21.106,0.8658,0.76199,336.75,16666,88.72,154.43,1434.99,18.5991,10.0994,1.7458,58.945,3.6753,9.4719,1.3028,32.47,41.988,17.3524,942.24,3852.5,3.3811
2025-10-31,1.5295,5.3809,1.4027,0.80379,21.055,0.8655,0.76303,335.9,16662,88.72,154.18,1428.14,18.5468,10.0818,1.7494,58.711,3.6836,9.4556,1.3016,32.325,42.049,17.349,942.12,3857.62,3.3645
2025-11-03,1.5283,5.359,1.4044,0.80754,21.139,0.86851,0.76125,336.42,16710,88.77,154.22,1430.02,18.5079,10.1164,1.7506,58.848,3.6946,9.4971,1.3039,32.475,42.048,17.3088,938.24,3854.64,3.375
2025-11-04,1.5396,5.3845,1.4079,0.80889,21.209,0.87025,0.76538,337.97,16721,88.71,153.5,1439.2,18.6215,10.2049,1.7665,58.613,3.7046,9.561,1.3064,32.535,42.087,17.4693,946.49,3864.5,3.384
2025-11-05,1.5423,5.4009,1.413,0.80987,21.202,0.87017,0.76662,336.78,16704,88.64,153.73,1444.0,18.6495,10.2236,1.7707,58.799,3.7054,9.5871,1.3068,32.52,42.092,17.4434,942.79,3832.0,3.369
2025-11-06,1.5345,5.3383,1.4092,0.80777,21.099,0.86708,0.76363,334.95,16677,88.57,153.6,1445.76,18.5728,10.1678,1.7648,58.821,3.6875,9.5292,1.3042,32.35,42.121,17.345,941.71,3787.4,3.3738
2025-11-07,1.5429,5.3635,1.4109,0.80547,21.047,0.86498,0.76213,333.4,16698,88.68,153.09,1459.64,18.5615,10.1894,1.7792,59.146,3.6744,9.5545,1.302,32.34,42.212,17.348,944.25,3777.5,3.375
2025-11-10,1.5306,5.314,1.4012,0.80529,20.985,0.86423,0.75862,331.5,16693,88.68,154.1,1454.13,18.4029,10.1015,1.7726,58.944,3.6591,9.4953,1.3027,32.335,42.225,17.1864,937.41,3750.64,3.3664
2025-11-11,1.5324,5.2869,1.4025,0.80156,20.983,0.86393,0.7606,333.18,16727,88.49,154.18,1465.1,18.3654,10.0739,1.7692,58.968,3.6544,9.4799,1.3017,32.43,42.235,17.1662,933.83,3731.5,3.365
2025-11-12,1.5287,5.2689,1.4008,0.79907,20.93,0.86386,0.76218,332.63,16761,88.61,154.79,1465.88,18.2818,10.0635,1.765,59.153,3.6524,9.4502,1.3028,32.455,42.244,17.0462,929.12,3704.5,3.3676
2025-11-13,1.5253,5.283,1.4005,0.79559,20.82,0.86066,0.75902,330.49,16711,88.69,154.55,1463.48,18.2675,10.0473,1.765,58.885,3.6389,9.416,1.3004,32.31,42.254,17.0028,928.27,3751.5,3.373
2025-11-14,1.5322,5.3025,1.402,0.78855,20.774,0.85852,0.75944,330.44,16702,88.68,153.86,1451.5,18.374,10.0691,1.759,58.976,3.6339,9.4295,1.2988,32.4,42.33,17.1326,925.0,3755.5,3.362
2025-11-17,1.5352,5.3043,1.4034,0.79574,20.848,0.86259,0.75865,331.17,16735,88.61,154.9,1461.46,18.3343,10.0927,1.7652,58.962,3.6425,9.457,1.3024,32.47,42.328,17.0774,922.75,3755.0,3.36
2025-11-18,1.5384,5.3402,1.4027,0.79664,20.87,0.86281,0.76109,332.15,16756,88.56,155.25,1462.99,18.4435,10.1236,1.7652,58.828,3.6618,9.4884,1.3022,32.415,42.336,17.2348,931.52,3721.1,3.367
2025-11-19,1.5413,5.3354,1.4012,0.80152,20.857,0.86333,0.76207,330.08,16718,88.5,156.13,1466.01,18.3269,10.1425,1.7772,58.885,3.6504,9.4898,1.304,32.435,42.357,17.1569,932.72,3717.49,3.3775
2025-11-20,1.5436,5.3311,1.4065,0.80719,21.0,0.86851,0.76559,332.2,16749,88.71,157.61,1469.35,18.3715,10.1967,1.7811,59.048,3.6755,9.5532,1.3075,32.425,42.37,17.2388,927.11,3759.29,3.3781
2025-11-21,1.5515,5.3714,1.4085,0.80634,21.037,0.86806,0.76415,332.84,16718,89.64,156.74,1474.29,18.4514,10.2378,1.7847,58.869,3.6847,9.5712,1.3077,32.45,42.444,17.3585,937.65,3800.0,3.385
2025-11-24,1.5487,5.3826,1.4102,0.80769,20.936,0.86625,0.76265,331.37,16633,89.15,156.98,1473.27,18.3983,10.217,1.7785,58.735,3.6645,9.534,1.3016,32.402,42.348,17.2801,939.1,3787.5,3.3796
2025-11-25,1.5477,5.3655,1.4112,0.80902,20.893,0.86573,0.7608,330.33,16609,89.2,156.19,1464.88,18.4469,10.2571,1.7837,58.847,3.6558,9.5645,1.3019,32.285,42.427,17.2176,935.04,3799.5,3.3691
2025-11-26,1.5391,5.3763,1.4087,0.80686,20.876,0.86378,0.75805,329.96,16649,89.2,156.42,1474.3,18.3675,10.233,1.7617,58.826,3.6549,9.5314,1.2982,32.215,42.451,17.1424,926.52,3726.08,3.3663
2025-11-27,1.5323,5.3477,1.4045,0.80589,20.865,0.86311,0.75557,329.43,16640,89.4,156.32,1462.24,18.3463,10.1873,1.7501,58.768,3.6548,9.4895,1.298,32.225,42.44,17.1731,928.52,3742.74,3.3652
2025-11-28,1.5322,5.3391,1.4015,0.80564,20.904,0.8646,0.7567,329.79,16660,89.48,156.12,1469.66,18.3443,10.1716,1.7506,58.666,3.6651,9.4843,1.2976,32.195,42.496,17.1159,927.4,3744.75,3.3616
2025-12-01,1.5233,5.3466,1.3961,0.80053,20.763,0.85866,0.75374,326.84,16590,89.54,154.8,1465.15,18.2784,10.1073,1.7394,58.484,3.6307,9.4135,1.2936,31.93,42.457,17.0756,927.92,3806.8,3.37
2025-12-02,1.526,5.3582,1.4004,0.80472,20.803,0.86103,0.75736,327.91,16625,89.95,156.07,1467.9,18.3107,10.1507,1.7474,58.671,3.649,9.4597,1.2977,32.015,42.414,17.1037,922.32,3817.5,3.3666
2025-12-03,1.517,5.3186,1.3944,0.80014,20.676,0.85704,0.75129,326.53,16623,90.17,155.37,1464.5,18.2525,10.0771,1.7391,58.965,3.6268,9.3889,1.2942,31.89,42.445,17.0812,918.39,3762.5,3.36
2025-12-04,1.5135,5.3053,1.3971,0.80062,20.707,0.85719,0.74961,327.47,16655,89.87,154.77,1471.53,18.271,10.0994,1.7346,59.033,3.627,9.4008,1.2956,32.055,42.447,16.9809,916.46,3817.5,3.3596
2025-12-05,1.5067,5.3113,1.3937,0.80421,20.79,0.85874,0.74942,327.85,16672,89.94,155.23,1472.58,18.1975,10.0945,1.731,59.012,3.6344,9.4109,1.2953,31.855,42.514,16.9316,924.02,3830.6,3.3621
2025-12-08,1.5057,5.4171,1.3805,0.80549,20.822,0.858,0.75041,328.77,16693,90.04,155.55,1466.19,18.1879,10.1124,1.7272,59.133,3.6298,9.3947,1.2962,31.85,42.567,16.9642,922.39,3837.61,3.3591
2025-12-09,1.5066,5.4643,1.3847,0.80648,20.862,0.85933,0.75062,329.85,16674,89.84,156.36,1468.51,18.277,10.1268,1.7282,59.331,3.6352,9.368,1.2968,31.855,42.583,17.0715,925.6,3855.0,3.3619
2025-12-10,1.5053,5.4571,1.3846,0.80419,20.84,0.85955,0.75133,329.9,16683,89.91,156.71,1469.97,18.2044,10.1504,1.7299,59.285,3.6314,9.333,1.2961,31.845,42.601,17.0274,922.4,3834.4,3.3681
2025-12-11,1.5026,5.4455,1.3799,0.79674,20.676,0.85368,0.74705,328.23,16676,90.32,155.58,1471.14,18.1774,10.0948,1.7206,59.002,3.6085,9.2582,1.2931,31.745,42.617,16.9409,913.39,3797.72,3.3695
2025-12-12,1.4998,5.4015,1.3758,0.79558,20.662,0.85244,0.74734,327.7,16652,90.53,155.99,1477.12,18.0377,10.1066,1.721,59.058,3.5994,9.2801,1.2916,31.54,42.57,16.8559,910.0,3803.5,3.366
2025-12-15,1.5034,5.3877,1.3757,0.79597,20.675,0.85085,0.74696,327.7,16683,90.74,155.13,1465.15,17.9801,10.1315,1.7264,58.964,3.5918,9.2874,1.2889,31.475,42.699,16.7772,915.2,3825.05,3.3679
2025-12-16,1.5062,5.4318,1.3762,0.79407,20.65,0.84918,0.74423,326.34,16665,90.92,154.61,1473.24,17.9628,10.1775,1.7278,58.635,3.5842,9.2918,1.2887,31.48,42.715,16.7599,912.0,3838.0,3.368
2025-12-17,1.5103,5.5023,1.379,0.79611,20.769,0.8531,0.74945,330.28,16692,90.37,155.59,1479.38,17.9858,10.225,1.7313,58.669,3.5915,9.3295,1.2918,31.515,42.724,16.7333,915.93,3863.5,3.3671
2025-12-18,1.5133,5.5476,1.379,0.79495,20.814,0.85332,0.74631,331.0,16717,90.26,155.77,1477.24,18.0024,10.201,1.7343,58.607,3.5884,9.3024,1.291,31.455,42.734,16.7773,910.4,3854.91,3.3665
2025-12-19,1.5146,5.5295,1.3794,0.79559,20.768,0.85383,0.74795,330.26,16736,89.69,157.23,1478.72,18.0149,10.1733,1.7427,58.697,3.595,9.3101,1.2929,31.46,42.809,16.7764,909.0,3802.5,3.364
2025-12-22,1.5042,5.5294,1.3766,0.79319,20.707,0.85143,0.74432,330.25,16776,89.65,157.32,1480.39,18.0026,10.1213,1.7269,58.717,3.5877,9.2431,1.2899,31.15,42.81,16.6993,909.11,3784.0,3.3657
2025-12-23,1.4939,5.5872,1.3701,0.78797,20.635,0.84846,0.74062,331.77,16787,89.56,156.02,1480.88,17.9442,10.0535,1.713,58.824,3.5907,9.1804,1.2857,31.11,42.83,16.6345,906.65,3751.5,3.3651
2025-12-24,1.4921,5.521,1.3683,0.78765,20.591,0.84839,0.74056,330.47,16747,89.74,155.96,1448.24,17.9028,10.0144,1.7135,58.767,3.5747,9.1673,1.284,31.045,42.85,16.6362,903.13,3733.21,3.3665
2025-12-29,1.4944,5.5707,1.3689,0.78982,20.637,0.84991,0.74163,329.34,16771,89.9,156.36,1437.15,17.933,10.0518,1.7249,58.865,3.5947,9.1926,1.2852,31.44,42.936,16.6556,913.89,3744.3,3.365
2025-12-30,1.4921,5.5226,1.3697,0.79042,20.63,0.85056,0.74101,328.27,16765,89.8,156.06,1443.95,17.9646,10.0587,1.7248,58.83,3.5947,9.2013,1.2839,31.415,42.923,16.6344,900.1,3772.5,3.3625
2025-12-31,1.4963,5.4778,1.3692,0.79268,20.627,0.85106,0.74264,327.79,16716,89.87,156.67,1444.2,17.9728,10.0791,1.7345,58.95,3.5923,9.2098,1.2855,31.675,42.965,16.548,899.4,3765.92,3.3626
2026-01-02,1.4937,5.4384,1.3733,0.79311,20.627,0.85317,0.74388,327.26,16716,90.2,156.93,1444.87,17.9396,10.0661,1.7334,58.847,3.5938,9.2215,1.2863,31.39,43.028,16.514,904.71,3772.74,3.3615
2026-01-05,1.4997,5.4415,1.3792,0.79638,20.743,0.85734,0.74383,329.69,16740,90.29,156.83,1449.28,18.0101,10.099,1.7401,59.079,3.6161,9.2481,1.2876,31.375,43.042,16.4839,902.08,3723.0,3.362
2026-01-06,1.4882,5.3986,1.3777,0.79329,20.667,0.85419,0.73998,328.89,16770,90.15,156.44,1448.65,17.9576,10.0184,1.7282,59.21,3.5966,9.1954,1.2799,31.27,43.042,16.3963,893.08,3722.5,3.3614
2026-01-07,1.4864,5.3916,1.3809,0.7963,20.789,0.85587,0.74153,329.49,16768,89.85,156.55,1447.68,17.981,10.0638,1.7289,59.316,3.6073,9.1891,1.2814,31.33,43.043,16.4543,895.96,3754.5,3.362
2026-01-08,1.4932,5.38,1.3861,0.7976,20.781,0.85653,0.74407,329.55,16836,89.93,156.72,1452.31,17.964,10.1015,1.7399,59.163,3.6054,9.2214,1.2844,31.54,43.048,16.5149,896.52,3710.5,3.3628
2026-01-09,1.4981,5.3885,1.3883,0.80003,20.904,0.85896,0.74532,331.58,16860,90.22,157.64,1459.84,18.0278,10.1155,1.747,59.212,3.6195,9.2321,1.2871,31.465,43.106,16.575,892.91,3712.5,3.3604
2026-01-12,1.489,5.3766,1.3872,0.79653,20.773,0.85529,0.74187,330.87,16893,90.16,157.73,1466.91,17.9028,10.0449,1.7337,59.34,3.6002,9.1522,1.2846,31.225,43.129,16.3888,882.44,3711.0,3.36
2026-01-13,1.4925,5.3832,1.3877,0.79895,20.811,0.85807,0.74309,331.86,16864,90.23,158.85,1474.08,17.8986,10.0875,1.736,59.457,3.614,9.193,1.2876,31.475,43.156,16.454,886.01,3644.5,3.359
2026-01-14,1.4977,5.3681,1.3878,0.80105,20.824,0.8583,0.74397,332.12,16872,90.3,158.63,1475.41,17.8113,10.0704,1.7426,59.464,3.6203,9.2035,1.288,31.475,43.18,16.3952,880.0,3669.0,3.3589
2026-01-15,1.4954,5.3817,1.3904,0.80127,20.886,0.86029,0.74621,331.77,16897,90.3,158.56,1468.32,17.7891,10.0826,1.7417,59.517,3.6212,9.2038,1.2878,31.395,43.19,16.3721,882.0,3689.5,3.359
2026-01-16,1.493,5.3724,1.3889,0.80167,20.906,0.86081,0.74632,331.69,16918,90.73,158.1,1472.93,17.675,10.0889,1.737,59.391,3.6367,9.227,1.2879,31.45,43.28,16.3882,885.68,3690.0,3.3566
2026-01-19,1.491,5.3667,1.3884,0.79804,20.884,0.85977,0.74551,332.0,16974,90.88,157.93,1473.2,17.6296,10.0847,1.728,59.444,3.6328,9.2253,1.285,31.255,43.272,16.4174,888.4,3656.5,3.3567
2026-01-20,1.4853,5.3896,1.3826,0.79025,20.748,0.85266,0.74369,329.0,16946,90.96,157.9,1476.8,17.6236,9.9893,1.7137,59.283,3.6045,9.1303,1.2828,31.085,43.273,16.4411,884.53,3676.5,3.3566
2026-01-21,1.4771,5.3474,1.3793,0.78951,20.748,0.85186,0.74487,328.52,16911,91.64,157.79,1464.62,17.4785,9.9127,1.7053,59.236,3.6012,9.0817,1.2816,31.067,43.298,16.3106,872.86,3663.6,3.3557
2026-01-22,1.4691,5.3151,1.3814,0.79301,20.767,0.85426,0.74509,326.93,16875,91.59,158.79,1467.72,17.4851,9.8889,1.7008,59.138,3.5933,9.0501,1.2836,31.33,43.284,16.2186,868.58,3599.5,3.354
2026-01-23,1.4567,5.2811,1.3763,0.79007,20.658,0.85164,0.73931,325.46,16823,91.86,158.16,1467.55,17.4434,9.8297,1.6909,59.077,3.5799,9.0023,1.2788,31.165,43.355,16.1456,865.88,3636.5,3.3535
2026-01-26,1.4475,5.2863,1.3712,0.77923,20.489,0.84488,0.73293,322.62,16778,91.76,154.21,1447.77,17.3902,9.8019,1.6794,59.156,3.5557,8.9781,1.271,31.15,43.376,16.0733,863.79,3692.5,3.3503
2026-01-27,1.4391,5.2554,1.3678,0.77098,20.343,0.83829,0.72789,319.05,16716,91.62,153.34,1441.2,17.2982,9.6965,1.6688,59.044,3.5228,8.8708,1.2655,31.035,43.403,15.9874,857.08,3619.5,3.3445
2026-01-28,1.4287,5.1736,1.3564,0.76733,20.289,0.83514,0.72532,318.11,16742,91.94,152.63,1428.83,17.1547,9.6234,1.6585,58.755,3.5099,8.8429,1.2617,31.11,43.415,15.8826,864.68,3669.62,3.3433
2026-01-29,1.415,5.1814,1.3524,0.76721,20.333,0.83556,0.72376,318.12,16782,91.92,153.31,1430.83,17.1507,9.5404,1.6451,58.996,3.5121,8.8273,1.264,31.2,43.425,15.6738,859.2,3626.5,3.3429
2026-01-30,1.4264,5.2213,1.3525,0.76827,20.409,0.839,0.72674,319.41,16788,91.94,154.03,1442.63,17.2817,9.5549,1.6495,58.907,3.5299,8.8267,1.2678,31.425,43.487,15.933,872.46,3677.2,3.368
2026-02-02,1.4394,5.2552,1.3646,0.77694,20.528,0.84459,0.73125,321.96,16799,91.57,155.06,1452.48,17.4096,9.6837,1.6643,58.914,3.5619,8.9472,1.2715,31.615,43.492,16.0282,864.9,3613.05,3.3655
2026-02-03,1.4262,5.2271,1.3656,0.77731,20.602,0.84739,0.7307,322.35,16770,90.14,155.85,1448.56,17.307,9.6788,1.6551,59.09,3.5764,8.9386,1.2706,31.565,43.492,15.9493,857.76,3650.5,3.3607
2026-02-04,1.4225,5.2206,1.3653,0.77563,20.607,0.84602,0.72893,321.81,16794,90.41,156.64,1455.75,17.2428,9.6442,1.6584,58.986,3.5732,8.9484,1.2713,31.633,43.509,15.9375,861.58,3642.0,3.36
2026-02-05,1.4343,5.2601,1.3684,0.77649,20.605,0.8476,0.73665,321.79,16867,90.31,156.9,1465.15,17.3852,9.7254,1.6677,58.738,3.5773,9.0193,1.2732,31.775,43.54,16.1798,866.87,3686.5,3.3657
2026-02-06,1.4312,5.2372,1.3666,0.77794,20.553,0.84789,0.73588,320.46,16873,90.66,157.09,1467.42,17.3639,9.7249,1.6681,58.544,3.5768,9.0499,1.2732,31.6,43.615,16.1243,855.08,3682.37,3.3584
2026-02-09,1.417,5.1931,1.3608,0.76981,20.374,0.84133,0.73204,317.25,16827,90.73,156.19,1462.05,17.2118,9.6155,1.6562,58.486,3.5435,8.9605,1.2676,31.175,43.589,15.9753,850.29,3666.5,3.357
2026-02-10,1.415,5.2067,1.3571,0.76703,20.394,0.84076,0.73104,317.77,16787,90.54,155.13,1461.64,17.2356,9.5103,1.6552,58.521,3.5455,8.9234,1.2663,31.235,43.635,15.9574,856.53,3663.5,3.3558
2026-02-11,1.4065,5.1893,1.3561,0.76773,20.374,0.84034,0.73101,318.51,16800,90.71,153.61,1451.97,17.2034,9.4664,1.6502,58.275,3.5408,8.8773,1.2628,31.085,43.643,15.8814,852.02,3661.49,3.3547
2026-02-12,1.4046,5.1761,1.3583,0.76992,20.419,0.84218,0.73362,319.93,16830,90.58,153.71,1438.29,17.1745,9.4774,1.6497,58.021,3.5504,8.8993,1.2619,31.0,43.649,15.8952,857.83,3665.5,3.3529
2026-02-13,1.4183,5.2197,1.3624,0.76893,20.454,0.84303,0.73478,319.58,16823,90.61,153.29,1446.45,17.2205,9.5481,1.6602,57.857,3.5534,8.9575,1.2639,31.075,43.74,16.0336,860.86,3659.22,3.351
2026-02-16,1.4113,5.2244,1.3627,0.77005,20.463,0.84353,0.73302,318.12,16818,90.73,153.34,1441.42,17.1556,9.5036,1.6553,57.969,3.5517,8.9587,1.2621,31.095,43.709,15.9504,862.34,3663.5,3.3464
2026-02-17,1.4186,5.2248,1.3656,0.77084,20.528,0.84559,0.73846,320.0,16829,90.7,153.1,1445.82,17.2138,9.5396,1.6593,57.834,3.5632,9.0039,1.2638,31.305,43.727,16.0934,865.01,3647.15,3.3452
2026-02-18,1.4139,5.2229,1.3646,0.77028,20.478,0.84424,0.73651,319.32,16885,90.69,153.64,1445.89,17.1136,9.4795,1.6657,57.873,3.5597,8.9624,1.2639,31.25,43.757,16.0231,862.35,3680.03,3.3516
2026-02-19,1.4207,5.2343,1.3705,0.77589,20.629,0.85085,0.74347,323.09,16918,91.19,154.9,1449.68,17.2798,9.5746,1.6786,58.049,3.5918,9.0968,1.2691,31.245,43.77,16.2188,864.48,3688.5,3.3586
2026-02-20,1.419,5.2144,1.3693,0.77607,20.601,0.84983,0.74174,322.64,16889,90.95,155.21,1449.66,17.2006,9.564,1.6795,58.152,3.5895,9.0716,1.2689,31.205,43.846,16.0973,864.7,3702.5,3.3617
2026-02-23,1.4145,5.1815,1.369,0.77605,20.556,0.84861,0.74117,322.17,16822,90.9,154.82,1443.55,17.197,9.5541,1.676,57.632,3.5788,9.0763,1.2664,31.025,43.839,16.0115,865.52,3688.5,3.3579
2026-02-24,1.4195,5.1769,1.3711,0.77439,20.57,0.84911,0.74136,321.81,16833,90.93,155.84,1443.3,17.2828,9.5589,1.6798,57.763,3.5835,9.0753,1.2673,31.055,43.852,16.0083,860.2,3698.6,3.3568
2026-02-25,1.4101,5.1287,1.3691,0.77478,20.558,0.84861,0.73948,318.97,16814,90.95,156.74,1427.9,17.1487,9.5855,1.674,57.561,3.5839,9.0602,1.2649,31.095,43.869,15.8603,856.73,3684.5,3.3554
2026-02-26,1.4044,5.1258,1.3674,0.77366,20.523,0.84645,0.73802,317.59,16767,90.93,156.06,1425.64,17.1771,9.559,1.6693,57.621,3.5741,9.0342,1.2631,31.06,43.882,15.8763,864.86,3753.8,3.3547
2026-02-27,1.4072,5.1556,1.3671,0.7712,20.537,0.8471,0.74231,319.04,16801,91.08,155.98,1441.97,17.2122,9.4947,1.6714,57.683,3.5784,9.0337,1.2657,31.085,43.96,15.9405,873.1,3742.7,3.3549
2026-03-02,1.4173,5.2067,1.367,0.77936,20.751,0.85485,0.74705,326.3,16876,91.74,157.45,1462.11,17.3491,9.5666,1.6848,58.245,3.628,9.1537,1.2737,31.51,43.959,16.1613,881.31,3739.75,3.354
2026-03-03,1.4246,5.2434,1.3685,0.78468,21.005,0.86162,0.75108,334.22,16895,92.15,157.66,1478.5,17.5151,9.692,1.6964,58.464,3.6933,9.2422,1.278,31.76,43.978,16.3934,907.63,3785.95,3.4195
2026-03-04,1.4167,5.2198,1.3658,0.77964,20.912,0.85844,0.74727,329.93,16855,92.09,157.11,1464.8,17.5483,9.6476,1.6889,58.469,3.6559,9.1669,1.2743,31.48,43.974,16.3188,894.67,3744.0,3.4116
2026-03-05,1.4193,5.2484,1.3624,0.78017,20.998,0.86073,0.74841,333.58,16909,91.65,157.54,1475.79,17.6338,9.6523,1.689,58.625,3.6775,9.1999,1.2772,31.665,43.994,16.5028,911.99,3769.55,3.4457
2026-03-06,1.4273,5.2765,1.3651,0.78237,21.122,0.86498,0.74987,340.28,16973,91.83,157.92,1485.18,17.7857,9.664,1.7029,59.273,3.7086,9.2492,1.281,31.975,44.074,16.718,910.71,3772.94,3.486
2026-03-09,1.4249,5.2302,1.357,0.77958,21.116,0.86543,0.74885,343.04,16942,92.3,158.5,1485.12,17.8477,9.6534,1.693,59.523,3.7027,9.2553,1.2801,32.07,44.084,16.6768,910.86,3742.0,3.4875
2026-03-10,1.4049,5.1779,1.3553,0.77545,20.943,0.85903,0.74345,331.44,16866,91.96,157.78,1470.12,17.5595,9.5756,1.6834,59.018,3.655,9.1109,1.2722,31.625,44.045,16.2888,890.04,3698.13,3.4196
2026-03-11,1.3984,5.1711,1.3593,0.77981,21.049,0.86348,0.74573,334.88,16898,92.07,158.56,1477.11,17.6496,9.6451,1.6899,59.254,3.6718,9.1998,1.2742,31.765,44.096,16.4018,895.86,3704.7,3.4202
2026-03-12,1.4021,5.1621,1.3602,0.78185,21.136,0.86603,0.74689,335.62,16886,92.21,158.86,1480.84,17.7128,9.6627,1.6964,59.428,3.6874,9.2758,1.2753,31.935,44.109,16.5417,916.61,3677.5,3.4484
2026-03-13,1.4197,5.2433,1.3703,0.78721,21.294,0.87138,0.75377,341.13,16900,92.38,159.33,1491.7,17.8215,9.7238,1.7158,59.516,3.7186,9.3713,1.2796,32.2,44.19,16.7963,916.27,3693.6,3.459
2026-03-16,1.4177,5.2703,1.3681,0.78768,21.289,0.87123,0.75281,339.98,16965,92.25,159.14,1490.75,17.8001,9.7134,1.7117,59.748,3.7187,9.3823,1.2786,32.36,44.185,16.7678,909.21,3689.7,3.4187
2026-03-17,1.4073,5.2089,1.3706,0.7864,21.192,0.86723,0.74954,336.77,16958,92.37,158.95,1487.18,17.662,9.6028,1.7078,59.559,3.6938,9.2841,1.2768,32.32,44.205,16.6587,905.76,3692.76,3.4166
2026-03-18,1.4178,5.2243,1.3717,0.78896,21.276,0.86957,0.75124,341.59,16994,92.9,159.56,1503.55,17.7339,9.583,1.7185,60.001,3.7142,9.372,1.2812,32.665,44.221,16.8847,917.14,3691.31,3.4397
2026-03-19,1.4277,5.2987,1.3726,0.79389,21.34,0.8704,0.75192,343.2,16961,93.25,158.81,1501.61,17.918,9.5709,1.7234,60.155,3.7299,9.406,1.2833,32.905,44.321,17.0689,911.71,3679.36,3.4532
2026-03-20,1.4151,5.2552,1.3716,0.78719,21.207,0.86543,0.74806,339.66,16925,93.62,158.77,1500.8,17.8174,9.5448,1.7069,59.87,3.7026,9.3315,1.2802,32.76,44.307,16.8859,926.13,3694.39,3.4762
2026-03-23,1.4245,5.2595,1.3708,0.78682,21.075,0.86237,0.74526,334.99,16896,93.22,158.55,1487.52,17.7665,9.7318,1.7106,59.643,3.6774,9.3418,1.2755,32.255,44.321,16.8109,909.64,3707.14,3.4555
2026-03-24,1.439,5.2669,1.3749,0.79027,21.152,0.86415,0.74785,336.92,16891,93.85,158.93,1498.86,17.8854,9.7049,1.7192,59.968,3.6937,9.3534,1.2806,32.66,44.348,17.1019,916.0,3702.41,3.457
2026-03-25,1.4361,5.233,1.3783,0.7896,21.081,0.86266,0.7467,335.73,16858,93.94,158.96,1497.53,17.7657,9.7356,1.7185,60.064,3.6851,9.2922,1.2792,32.59,44.357,16.9135,915.58,3697.94,3.455
2026-03-26,1.4467,5.2366,1.3835,0.79305,21.213,0.86663,0.74976,336.55,16917,94.12,159.62,1506.32,17.8178,9.6425,1.7296,60.215,3.7042,9.3947,1.2844,32.9,44.367,17.0577,928.39,3680.44,3.4834
2026-03-27,1.4527,5.2561,1.387,0.79691,21.309,0.86828,0.75297,338.4,16983,94.81,159.9,1511.5,18.0577,9.7148,1.7382,60.564,3.7228,9.4452,1.2877,32.95,44.456,17.1906,922.74,3671.78,3.487
2026-03-30,1.4577,5.2402,1.3921,0.79998,21.382,0.87078,0.75586,339.19,17018,94.71,159.46,1517.7,18.093,9.751,1.7475,60.709,3.7342,9.4967,1.2898,32.855,44.456,17.1845,931.72,3664.88,3.4946
2026-03-31,1.4518,5.224,1.3935,0.79962,21.32,0.86972,0.7552,334.74,16965,93.83,159.5,1524.8,18.0118,9.7517,1.7447,60.689,3.7302,9.5173,1.2881,32.76,44.48,17.07,925.57,3665.37,3.4946
2026-04-01,1.4381,5.1598,1.3894,0.79199,21.125,0.8617,0.75065,329.08,16914,93.43,158.32,1504.81,17.8535,9.6579,1.7322,60.185,3.6875,9.3822,1.2818,32.51,44.467,16.7811,912.09,3656.63,3.4466
2026-04-02,1.4552,5.1818,1.3909,0.79939,21.293,0.86768,0.75708,333.13,17011,93.1,159.6,1516.65,17.9393,9.7427,1.7519,60.616,3.7184,9.4993,1.2871,32.765,44.495,17.0118,918.65,3665.07,3.4506
2026-04-07,1.442,5.1489,1.3912,0.79969,21.226,0.86528,0.75502,330.8,17070,93.01,159.84,1497.41,17.7529,9.6764,1.7537,60.247,3.6993,9.5094,1.2847,32.61,44.609,16.8895,915.55,3673.33,3.4268
2026-04-08,1.4171,5.0818,1.386,0.78789,20.827,0.85426,0.74229,320.89,16976,92.22,158.15,1474.23,17.4013,9.528,1.7132,59.398,3.6339,9.2124,1.2729,31.875,44.482,16.3104,896.68,3647.5,3.3835
2026-04-09,1.42,5.0992,1.3843,0.79076,20.882,0.8558,0.745,322.7,17097,92.66,158.92,1479.49,17.436,9.522,1.7132,59.806,3.6421,9.3081,1.2744,32.095,44.591,16.4321,892.37,3645.88,3.374
2026-04-10,1.4141,5.0543,1.3822,0.78909,20.805,0.8539,0.74379,322.09,17095,92.89,159.19,1483.27,17.3495,9.4924,1.7107,59.848,3.6235,9.2528,1.2739,32.1,44.672,16.4281,897.31,3640.24,3.3897
2026-04-13,1.4216,5.0274,1.3845,0.791,20.864,0.85587,0.7451,314.02,17188,93.33,159.83,1489.95,17.3913,9.4985,1.7187,60.216,3.6411,9.3221,1.2763,32.29,44.718,16.591,892.91,3587.0,3.37
2026-04-14,1.4041,4.9815,1.3758,0.78097,20.647,0.84796,0.73699,308.53,17131,93.09,158.85,1470.52,17.228,9.4132,1.6952,59.847,3.5975,9.1563,1.2713,32.045,44.725,16.3525,886.01,3580.28,3.3883
2026-04-15,1.4013,4.9981,1.3782,0.78268,20.679,0.8489,0.73799,309.75,17154,93.44,159.09,1477.1,17.3056,9.4397,1.6959,60.097,3.6004,9.2105,1.2726,32.095,44.711,16.4149,885.05,3611.15,3.4366
2026-04-16,1.3941,4.9882,1.3728,0.7834,20.666,0.84875,0.73836,309.41,17140,93.24,158.98,1476.51,17.2696,9.377,1.6963,59.978,3.6007,9.1699,1.2719,31.985,44.765,16.3848,885.56,3606.03,3.4382
2026-04-17,1.3934,4.9764,1.3672,0.78249,20.613,0.84767,0.7389,307.45,17180,92.82,159.13,1478.99,17.2196,9.3388,1.6981,60.07,3.588,9.1574,1.2723,32.075,44.865,16.3849,878.6,3602.98,3.433
2026-04-20,1.3973,4.9831,1.3695,0.78138,20.654,0.85034,0.74018,308.23,17129,93.07,158.91,1470.25,17.3503,9.3321,1.7009,59.873,3.5999,9.1569,1.2714,32.075,44.879,16.3499,881.49,3571.53,3.4343
2026-04-21,1.3957,4.9639,1.3657,0.77947,20.652,0.84983,0.73965,307.77,17128,93.51,159.04,1469.85,17.3086,9.3201,1.6918,59.834,3.5944,9.1353,1.2714,32.035,44.894,16.3695,890.05,3575.65,3.4316
2026-04-22,1.3981,4.9717,1.3666,0.78198,20.751,0.8523,0.74067,311.55,17199,93.8,159.22,1478.05,17.3195,9.3003,1.6932,60.153,3.6195,9.1844,1.2738,32.205,44.925,16.4689,888.2,3557.36,3.4446
2026-04-23,1.3979,4.963,1.367,0.78476,20.825,0.85514,0.74034,312.03,17276,94.11,159.48,1479.36,17.3516,9.3321,1.6984,60.416,3.6282,9.218,1.2758,32.355,44.925,16.4679,896.8,3557.6,3.4671
2026-04-24,1.3997,5.0006,1.3681,0.78543,20.81,0.85383,0.74115,312.07,17244,94.25,159.42,1477.04,17.3881,9.3515,1.7024,60.655,3.6205,9.2384,1.2764,32.375,45.023,16.562,894.33,3554.0,3.485
2026-04-27,1.3905,4.9681,1.36,0.7839,20.731,0.85114,0.73691,309.54,17209,94.2,159.21,1471.22,17.3547,9.2629,1.6896,60.758,3.6125,9.1825,1.2728,32.297,45.007,16.4787,894.21,3627.0,3.5053
2026-04-28,1.3979,5.0017,1.3676,0.79092,20.866,0.85616,0.74242,312.76,17284,94.55,159.74,1476.89,17.4563,9.3215,1.7042,61.284,3.6368,9.2881,1.2783,32.555,45.055,16.6343,888.52,3601.5,3.5115
2026-04-29,1.3962,4.9854,1.3674,0.789,20.829,0.85426,0.74016,310.85,17348,94.85,159.79,1478.38,17.3988,9.279,1.7069,61.602,3.6322,9.2606,1.2773,32.655,45.069,16.5986,905.77,3621.4,3.523
2026-04-30,1.399,4.9814,1.3668,0.78534,20.822,0.85455,0.74026,311.78,17346,94.92,156.56,1477.0,17.5158,9.3252,1.7054,61.458,3.6408,9.2766,1.2762,32.545,45.185,16.7903,897.53,3659.5,3.5076
2026-05-04,1.3922,4.9661,1.3615,0.78402,20.849,0.8547,0.7381,310.54,17409,95.09,157.12,1472.03,17.4906,9.2547,1.6986,61.644,3.6385,9.2607,1.2758,32.625,45.201,16.7248,909.65,3724.0,3.5059
2026-05-05,1.3947,4.9525,1.3615,0.78427,20.863,0.85572,0.73886,310.48,17453,95.28,157.81,1472.95,17.4414,9.2465,1.7008,61.608,3.6405,9.2761,1.2772,32.64,45.22,16.6904,905.23,3697.5,3.488
2026-05-06,1.3805,4.9092,1.3602,0.7792,20.694,0.8502,0.73431,305.35,17328,94.62,156.21,1448.1,17.2607,9.2654,1.676,60.758,3.5989,9.2106,1.2682,32.185,45.224,16.4053,891.59,3702.61,3.463
